source,text
10 - AIDCC ARM Hub AI and Digital Capability Centre Experts v5.pdf," 
  
 
DIGITAL CAPABILITY EXPERTS  
Biographies   
 
 
Research Organisations and Digital Experts  
 
The AIDCC will leverage ARM Hub’s 13 core staff, 47 experts (including leading university 
researchers), Board members, and Advisors, are Australia’s leaders in the design and delivery of 
technology adoption and R&D commercialisation outcomes for SMEs.  
A full list of biographies of the ARM Hub team is listed below. Most recently ARM Hub CEO, 
Associate Professor Cori Stewart, was awarded the prestigious Women in AI Awards Australia and 
New Zealand for 2022  for AI in Manufacturing .  
The AIDCC’s executive team  has decades of leadership experience in industry and innovation policy, 
university R&D commercialisation, and technical and management fields in AI, robotics, engineering, 
design, innovation, entrepreneurship, IP commercialisation, communications, project  management, 
and high -calibre science and technology facility operations, necessary to successfully deliver and 
grow the AIDCC.  
It is precisely the above track record and capabilities that ensures the successful delivery of the 
AIDCC and its contribution to a sustainable long -term Australian infrastructure supporting SMEs to 
scale and create Australia’s sovereign industrial capability and access to high -value global markets.   
The ARM Hub team is supported by a strong Board, who along with the CEO, have bee n instrumental 
in establishing the policy arguments and evidence that has inspired the development of the AIDCC 
program itself. The Chair of the ARM Hub Board is Emeritus Professor Roy Green, Innovation 
Advisor, University of Technology Sydney. Professor G reen holds numerous prestigious national and 
international government, business and university appointments and is a figurehead for Australia’s 
industrial digital transformation agenda and the reinvigoration of the country’s innovation 
ecosystem.   
The AIDC C has six investing Queensland university partners, represented by 47 researchers who 
contribute to projects and industry engagement activities, including working as part of a National 
Network, as detailed in the Project Plan, and support from CSIRO’s Data 61.   
 
QUEENSLAND UNIVERSITY OF TECHNOLOGY  (QUT)  
  
QUT is a major contributor to the AIDCC through the Centre for Robotics,  Centre for Data Science, 
Centre for Future Enterprise, and Design School.    
  
QUT Centre for Robotics   
 
The Centre builds on a decade of investment in world -leading robotics research and translation, 
funded through programs including the Australian Resear ch Council’s Centre of Excellence in Robotic 
Vision, Cooperative Research Centres, industry and QUT initiatives. The Centre is led by 
Distinguished Professor Peter Corke and Professor Michael Milford who are both contributors to the 
AIDCC.  
  
  
 
DIGITAL CAPABILITY EXPERTS  
Biographies   
 
 
The Centre for  Robotics is at the forefront of research and innovation in AI -enabled robotics, 
including computer vision, localisation and mapping, digital twins, machine learning and planning.  
 
The Centre translates research into commercial and societal outcomes, e.g., in mining, defence, 
precision agriculture, autonomous vehicles, manufacturing and healthcare applications; leads 
education, training and development of talent to meet growing deman ds; and provides leadership in 
technological policy development and societal debate, e.g., drone shared airspace, trusted systems 
and eXplainable AI.  
 
Key domains of AI expertise  
• Physical interaction  – explores how the physical world can be translated to  the digital.  
Beyond cyber -physical system interaction, researchers are embodying AI in robotic systems, 
sensing important real -world data, and advancing force -mediated control methods.  
• Perception and localisation  – utilises advanced computational vision,  feature selection and 
neuroscience -inspired AI, such as RatSLAM, to create maps, and calculates and tracks its 
location in the world.  
• Visual learning and understanding  – investigates how AI perception can be made safe, 
trustworthy, and reliable, e.g. for  people detection in hazardous workplaces.  Understanding 
is developed through object -based semantic maps, graphs, and symbolic rule mining.  
• Decision and control  – investigates how AI can make autonomous decisions and control for 
robots in the presence of  uncertainty, e.g., probabilistic (Bayesian) reasoning. Advanced data 
analysis detects anomalous conditions in weak measurement environments, such as invasive 
species detection in agriculture and on reefs.   
• Human interaction  – how AI can effectively inter act with humans, including how humans 
interact, perceive and trust AI, especially concurrent symbolic and post -hoc deep -learning 
techniques in eXplainable AI.  
  
 QUT Centre for Data Science   
  
The Centre draws together capability in data science from acros s Australia and is a global leader of 
frontier methods for the use of data. Led by Distinguished Professor Kerrie Mengersen, the Centre’s 
work supports R esponsible AI, including ethical, governance, sovereign, also data management and 
data literacy.   
The Centre builds the tools to deliver Responsible AI, using analytical methods, visualisation and 
aggregating data sets using federated systems to maintain ownership/privacy. Through federated 
analysis on data, the Centre identifies how to do ‘transfer learni ng’ from one system to another.  
The Centre uses different types of data, such as analysing emerging data forms such as video, natural 
language processing, virtual reality, satellite data and social media. The Centre also works with little 
data sets, as well as large, which is critical for emerging areas like biosecurity.  
 
The Centre will provide the AIDCC with a one -stop -shop to:   
  
  
 
DIGITAL CAPABILITY EXPERTS  
Biographies   
 
 
• Access Australia’s data science network and research capability   
• Bridge the gap between deep research and applications   
• Create a trusted source for advice on AI and data science issues  
• Bring together a critical mass of data science researchers to develop, and contribute to, 
state -of-the-art solutions (including NAIC and AIDCC’s collaboration on the ethical acc ess to 
large, shared data sets)   
• Create partnerships through an Australian data science network   
• Provide research and professional training opportunities to SMEs   
• Leverage investment in data science (e.g. strategic appointments, access to research 
infrastr ucture and relevant data assets, Australian Research Council Centres of Excellence 
and in eResearch).  
 
 
Key domains of AI expertise include:  
 
• Applied data science  – multi -faceted datasets obtained from big data sources are curated 
prior to deep learning an d natural language processing techniques for bespoke customer 
applications.  
• Data -focused decision making  – novel methods for Counterfactual Assumptions and 
removal of Representation Bias improve AI in visualisation, communication and 
interpretation of data . These analyses allow for improved decision -making, and the critical 
evaluation of issues related to the role and use of data science in society.  
• Models and algorithms – use of novel models, such as Sentiment Analysis, Graph Mining 
and extraction of Predi cate Rules from Deep Learning to describe and make decisions about 
complex real -world systems, and methods to ensure high quality, open, reproducible data 
science. The Centre develops scalable, efficient computational algorithms for analysing 
dimensional a nd highly structure data.  
• Data for discovery  – advancing the medical, physical, technological and social sciences 
through the development and application of new data science methods in non-parametric 
and distribution free  models to achieve rigorous scienti fic discovery and generate evidence -
based insights.  
 
 QUT Centre for Future Enterprise (CFE)   
  
The CFE includes world -renowned strategy, technology, and innovation management experts that 
will work with the AIDCC to support SMEs and microenterprises, acro ss regional and urban areas, in 
the areas of AI Governance, AI Business Models and Applications of AI. CFE will contribute PhD 
students to projects aligned to topic areas and in relevant programs, such as the AI Industry Fellows 
initiative and the AI Suppl y Chain Innovation program activities.    
  
 QUT School of Design   
  
The School leads applied research on how to design robots that work better with humans. The 
School contributes to the AIDCC by engaging with industry to build toolkits for the rapid prototyping 
of collaborative robotics solutions, and leveraging multimodal interaction, including Augmented  
  
 
DIGITAL CAPABILITY EXPERTS  
Biographies   
 
 
Reality and Virtual Reality, with robotics systems. These teams will collaborate with selected industry 
partners including Australian Expedition Veh icles, which makes Australian Defence Force and 
International Defence Industry military vehicles and is 100% Indigenous -owned, Veteran company, 
located in Townsville Queensland.    
 
JAMES COOK UNIVERSITY  
 
James Cook University (JCU) builds and applies AI tools in key areas of applied research. JCU has 
internationally -recognised research strengths in the Internet of Things (IoT) and is supported by 
innovative sensor technologies and engineering capability.  
JCU has built long -term industry partnerships across the country and specifically in North 
Queensland, which is the location of large -scale investments in hydrogen, critical minerals, clean 
energy, recycling, and other high -value resource industries – all urgently requiring access to the 
high -value skills that the AIDCC will offer.   
The AIDCC will have a second facility in JCU’s Townsville campus, with business and technical 
expertise and demonstration capabilities. Key programs such as the defence technolo gy accelerator 
(SPRINTS) program will be delivered in Townsville, alongside a corporate education Datathon 
focused on SME defence industry outcomes.  
JCU has committed its eResearch Centre and the Engineering Facility expertise to the AIDCC whose 
work is c haracterised by applying novel, collaborative, multidisciplinary and data/compute intensive 
applied research.    
 
UNIVERSITY OF QUEENSLAND (UQ) 
 
The strengths of contributing UQ experts span several areas of AI, machine learning, data science, 
computer visi on, data mining, human -centered AI, optimisation and statistics.  
Key manufacturing priority industries include medical, resources, defence, and clean energy as well 
as the critical cross -cutting field of cyber security. UQ also work extensively in agricul ture supporting 
digital SMEs to access global markets with leading AI and quantum computing capabilities.     
The UQ AI Collaboratory and the UQ Centre for Cyber Security are the key contributors to the AIDCC 
program, working on industry projects and engage ment activities. UQ also offers training to industry 
through dedicated Cyber Security SME short courses as well as AI short courses, including the 7 
Week introductory platform to AI 'Practical Deep Learning for Coders’ by Honorary UQ Professor 
Jeremy Howar d, Founder of fast.ai.    
UNIVERSITY OF SOUTHERN QUEENSLAND (USQ)  
  
USQ’s Centre for Agricultural Engineering (CEA) will be the partner for this AIDCC. Operating since 1994 its 
purpose is to develop solutions for a sustainable and profitable rural sector. Based in Toowoomba, the 
Centre delivers applied, practical and profitable solutions that strengthen productivity, energy use, 
bioresource recycling, sensing, AI, automation and robotics. CEA will work with selected AIDCC companies 
including Indyn P ty Ltd to build a bio secure AI platform for the grain industry .   
  
 
DIGITAL CAPABILITY EXPERTS  
Biographies   
 
 
 
GRIFFITH UNIVERSITY  
 
Griffith University, through its School for Exercise Science, is collaborating with the AIDCC on developing 
personalised digital twins for humans and implanted and wear able devices. These personalised digital 
twins are biophysics -based multiscale models of the human neuro -muscular -skeletal systems that are in 
part created and executed using AI. Griffith will be collaborating specifically with the AIDCC’s industry 
partner , VALD Performance, which provides high performance sport and tactical professionals the right 
information, for the right decision, at the right time.   
 
CENTRAL QUEENSLAND UNIVERSITY  
 
 CQU’s applied research strength in robotics, or mechatronic engineering, in its Mackay campus is the focus 
of the AIDCC collaboration.   CQU expertise includes inspection robots for condition assessment of 
infrastructure such as water pipes, and drones for commercial application highlighted in its collaboration 
with  Swarm Farm Robotics that delivers lightweight agricultural robots for farm operators to a global 
marketplace.   
 
CSIRO DATA61  
 
CSIRO’s Data61 is the data and digital specialist arm of Australia’s national science agency. Our vision is to 
be among the world's top five in trusted and responsible AI science and technology, making Australia’s 
adoption of mathematically rigorous AI safe, secure, and reliable. Through our Responsible AI and our 
Foundational Machine Learning programs, there are clear goals to  enable SME adoption by making 
embedding rigorous trustworthy AI technologies as their competitive advantage and embed responsible AI 
into broader scientific discovery and technology development processes.  
 
 
EXPERTS  
  
 Distinguished Professor Peter Corke – Professor in Robotic Vision, Faculty of 
Engineering , QUT ; Member, ARM Hub Research Advisory Committee  
Peter Corke is a robotics researcher and educator with over 30 years’ 
experience in robotics theory and practice. He is the distinguished professo r of 
robotic vision at Queensland University of Technology, director of the QUT 
Centre for Robotics, and director of the ARC Centre of Excellence for Robotic 
Vision. His research is concerned with enabling robots to see, and the 
application of robots to mi ning, agriculture and environmental monitoring. He 
wrote the bestselling textbook “Robotics, Vision, and Control” and the Robot 
Academy online teaching resource.  
 
 
  
 
DIGITAL CAPABILITY EXPERTS  
Biographies   
 
 
 Distinguished Professor Kerrie Mengersen FAA FASSA – Australian Laureate  
Fellow, Faculty of Science , QUT  
Kerrie Mengersen is a Distinguished Research Professor in Statistical Science 
and the Director of the QUT Centre for Data Science at QUT and holds a 
concurrent role as Associate Member in the Department of Statistics at the 
University of Oxford, UK. She was a Deputy Director in the ARC Centre of 
Excellence in Mathematical and Statistical Frontiers (2015 -2021) and an ARC 
Laureate Fellow (2015 -2021). In 20 18 she was elected as a Fellow of the 
Australian Academy of Science (AAS), the  Academy of Social Sciences in 
Australia (ASSA) and the Queensland Academy of Arts and Sciences (QAAS). She 
is an active member of the Institute for Mathematical Sciences, Intern ational 
Biometrics Society, International Statistical Institute and the Statistical Society 
of Australia.  Professor Mengersen’s research focuses on using and developing 
new statistical and computational methods that can help to solve complex 
problems in t he real world. These problems are in the fields of environment, 
genetics, health and medicine, and industry. Her research interests include, 
complex systems modelling and Bayesian statistical modelling, computational 
methods and applications.  
 
 
 
 
 Professor Jonathan Roberts, ARM Hub Technical Director, Professor in 
Robotics, Faculty of Engineering, QUT ; Centre Director – Australian Cobotics 
Centre  
Jonathan Roberts is Professor in Robotics at Queensland University of 
Technology (QUT). His main resear ch interests are in the areas of Field Robotics, 
Design Robotics and Medical Robotics. He was a co -inventor of the UAV 
Challenge, an international flying robot competition. Before joining QUT, 
Professor Roberts was the Research Director of CSIRO’s Autonomo us Systems 
Laboratory where he developed projects in the area of museum robotics and 
telepresence. Professor Roberts is a Past President of the Australian Robotics & 
Automation Association, was a member of the Founding Editorial Board of the 
IEEE Journal o f Robotics and Automation Letters and currently serves as a 
Senior Editor.   He is the Centre Director of the Australian Cobotics Centre  which 
was established in August 2021  with a focus on the implementation of 
Collaborative Robotics (or Cobotics) within Australian manufacturing .  
 
 
  
 
DIGITAL CAPABILITY EXPERTS  
Biographies   
 
 
 
 
 
 Professor Will Browne, Professor and Chair in Manufacturing Robotics - 
Faculty of Engineering, QUT and ARM Hub  
Will Browne is Professor and Chair in Manufacturing Robotics at Queensland 
University of Technology (QUT) with ARM Hub and CSIRO. Possessing expe rtise 
in artificial cognitive systems, with interest in how systems, such as robots, can 
interact with the real -world to solve problems of interest. His topics of interest 
include computer vision and perception, explainable Artificial Intelligence (AI), 
transfer learning and collaborative robotics. Professor Browne’s 
interdisciplinary background in Mechanical Engineering, Energy Studies, 
Control, Cybernetics, Computer Science, Computational Neuroscience as well as 
AI and Robotics, is further expanding the d isciplines of the ARM Hub expert 
team.  
 
 
 
 Professor Michael Milford, Co -Director of the QUT Centre for Robotics 
Professor in Robotics, Faculty of Engineering ,  
Michael Milford conducts  interdisciplinary research at the boundary between 
robotics, neuroscience and computer vision and is a multi -award -winning 
educational entrepreneur. His research models the neural mechanisms in the 
brain underlying tasks like navigation and perception to develop new 
technologies in challenging application domains such as all -weather, anytime 
positioning for autonomous vehicles. He is also passionate about engaging and 
educating all sectors of society around new opportunities and impacts from 
technology inc luding robotics, autonomous vehicles and artificial intelligence.   
Professor Milford was named the top robotics researcher in Australia by citation 
impact by The Australian Research Magazine (2019) and was a top 3 finalist for 
the Australian Museum Eureka  Prize for Outstanding Early Career Researcher 
(2016), the  APEC ASPIRE Prize Finalist (2018) and was a finalist in the  Reimagine 
Education Awards Finalist K12 Category.  
 
 Professor Richi Nayak, Faculty of Science , QUT  
Richi Nayak is the Applied Data Science Program Leader of the University Centre 
for Data Science (CDS) and is an internationally recognised expert in data 
mining, text mining and web intelligence. She has combined knowledge in these 
areas very successfully  with diverse disciplines such as Social Science, Science, 
and Engineering for technology transfer to real -world problems to change their 
practices and methodologies.  Her research interests are machine learning and, 
in recent years, she has concentrated h er work on text mining, personalisation, 
automation, and social network analysis.  She has published high -quality 
conference and journal articles and is highly cited in her research field.  
Professor Nayak has received several awards and nominations for te aching, 
research and service activities.  
 
  
 
DIGITAL CAPABILITY EXPERTS  
Biographies   
 
 
 Professor David Lovell, Faculty of Science , QUT  
David Lovell is a Professor in the  QUT’s School of Computer Science , Deputy 
Director of  QUT’s Centre for Data Science , and leader of the Centre’s Data -
Focused Decisi on-Making Program.  He joined QUT in 2014 as Head of the 
School of Electrical Engineering and Computer Science (EECS).  Before joining 
QUT, he held numerous research management positions in CSIRO.  Professor 
Lovell was involved in a wide range of research and consulting in the analysis of 
large and complex datasets and was appointed Director of the Australian 
Bioinformatics Network and has been instrumental in the formation of ABACBS 
(Australian Bioinformatics and Computational Biology Society).  His resear ch 
interests lie at the intersection of humanity, science and technology, particularly 
data science.  
 
 Professor Marek Kowalkiewicz – Faculty of Business and Law , QUT  
Marek Kowalkiewicz  is an academic and industry leader with extensive 
experience in conducting research, co -innovating with industry and university 
partners, and delivering innovative products to the market. As founding director 
of Centre for the Digital Economy, he leads QU T’s research agenda to inform 
and influence a robust digital economy in Australia. Professor Kowalkiewicz 
manages a contemporary research portfolio and converts industry driven 
opportunities into research outcomes of global relevance. He is an invited 
gove rnment expert, university lecturer and project lead, as well as an inventor 
and author. He is recognised as a top -quality manager and excellent public 
speaker and has an interest in working with stakeholders in developing 
innovative ideas, ground -breaking business applications and high -impact new 
technologies.  
 Associate Professor Glenda Amayo Caldwell – Academic Lead Research, 
Faculty of Engineering , QUT  
Glenda Amayo Caldwell is a Senior Lecturer in Architecture, School of Design, 
Creative Industries Faculty at the Queensland University of Technology (QUT).  
She is a chief investigator in the IMCRC Design Robotics for Mass Customisation 
Manufacturing project in collaboration with UAP and RMIT. Embracing trans -
disciplinary approaches from arc hitecture and human computer interaction, her 
research places design at the forefront of robotic research for design -led and 
mass customization manufacturing. She is an active researcher in the QUT 
Design Lab and is the author of numerous publications in t he areas of media 
architecture, urban informatics, and design robotics.  
 
 
  
 
DIGITAL CAPABILITY EXPERTS  
Biographies   
 
 
 
 
 Associate Professor Jared Donovan – Academic Lead Research, Faculty of 
Creative Industries, Education & Social Justice , QUT  
Jared Donovan is a Senior Lecturer in Interaction Design at the Queensland 
University of Technology. He currently leads the ‘Design Robotics for Mass 
Customised Manufacturing’ research project with industry partner UAP (funded 
by IMCRC), which is developing new ways to use robots and vision sy stems for 
design led manufacturing. His main research interest is in how technologies can 
be made more useful and easier to use for people and how end -users can be 
involved in the design process to make technologies better.  
 
 Dr Muge Belek Fialho Teixeri a – Senior Lecturer, Faculty of Engineering , QUT  
Muge Belek Fialho Teixeira is an award -winning creative maker and 
transdisciplinary designer, who specialises in advanced manufacturing, digital 
fabrication, and parametric design. She is one of the chief in vestigators of QUT's 
Design Robotics project. In her career, she has worked with prominent 
architectural firms such as Zaha Hadid Architects, taught in several institutions 
including AA Visiting Schools, published articles, given interviews, and 
presented in many international conferences and exhibitions.  
 
 
 Associate Professor Markus Rittenbruch – Associate Professor in Interaction 
Design, Faculty of Creative Industries, Education & Social Justice , QUT  
Markus Rittenbruch is an Associate Professor in Int eraction Design at 
Queensland University of Technology (QUT). He is the Associate Director of the 
QUT Design Lab which hosts innovative research at the interplay of Design and 
Technology, such as the Design Robotics project. Professor Rittenbruch is an 
experienced researcher with over 20 years of experience in the design of 
human -centred technology. His work focuses on the design and study of 
emerging technologies, including collaborative systems, human -robot 
collaboration, social robotics, and extended rea lity. 
 
 Professor Greg Hearn – QUT and Chair, ARM Hub Strategic Research 
Committee  
Greg Hearn is Director of Commercial R&D in the Creative Industries Faculty at 
QUT and a research leader in the ARM Hub and QUT Design Lab. His research 
focuses on strategic industry futures, knowledge policy, and the future of work. 
He is author of over 2 0 major books and reports, most recently as editor of The 
Future of Creative Work: Creativity and Digital Disruption  (Edward Elgar, 2020). 
This book examines the impact of digital disruption, robotics, and AI, on jobs in 
design, art and media, and the crea tion of high value products and services 
across all sectors of the economy. He has worked in large R&D projects with 
private industry and public sector organisations over three decades, across 
many sectors including, aviation, defence, agriculture, and man ufacturing.  
 
  
 
DIGITAL CAPABILITY EXPERTS  
Biographies   
 
 
 Dr Chris Lehnert, Faculty of Engineering , QUT  
Chris Lehnert is a Senior Lecturer  within the Robotics and Autonomous Systems 
(RAS) group at QUT. His research interests lie in the development of novel 
methods for robotic manipulation in real world and challenging environments. A 
particular focus of his research is enabling robots to per form autonomous 
harvesting operations in horticulture. He was part of the Australian Centre for 
Robotics Vision team competing in the 2017 Amazon Robotics Challenge, where 
he led the development of the grasping and planning algorithms which could 
successfu lly grasp a large variety of objects in a cluttered environment. He is 
part of the Future Food Systems Co -operative Research Centre and will receive 
$35 million in funding over 10 years from the Federal Government, along with 
almost $150 million in support  from the research centre’s educational and 
commercial participants. He will be working on developing robotics and smart 
technology for vertical and indoor protected cropping.  
 
 Dr Rui Torres de Oliveira – Business Growth, Strategy and Innovation , QUT  
Rui Torres de Oliveira  is an academic at QUT Business School where he is an 
expert on innovation, strategy and International Business on the Australian 
Centre for Entrepreneurship - a world -leading hub in the field. Before joining 
QUT, he worked at the Unive rsity of Queensland and prior to that, he was a 
senior executive and worked in the US, China, and Europe. Dr Torres de Oliveira  
holds a Doctorate of Business Administration from Manchester Business School, 
an MBA and a Masters in Civil Engineering. He is p assionate about helping start -
ups and SMEs to drive innovation and bring their products or services to the 
market in the best possible conditions.  
 
 Professor Felipe Gonzalez – Faculty of Engineering , QUT  
Felipe Gonzalez is within the School of Electrical Engineering and Robotics (EER) 
and a CI in QUT Centre for Robotics (QCR) Engineering Faculty. He has a passion 
for innovation in the fields of aerial robotics and automation, and a particular 
interest in creating aerial robots, drones or UAVs th at possess a high level of 
cognition using efficient on -board computer algorithms using advanced 
optimisation and game theory approaches to assist us in understanding and 
improving our physical and natural world. He leads the Airborne Sensing Lab at 
QUT, a nd is co -author of several books in UAV -based remote sensing and design 
based on evolutionary optimization and game strategies. He is also a Chartered 
Professional Engineer, Engineers Australia – National Professional Engineers 
Register (NPER), a Member Ro yal Aeronautical Society (RAeS), The IEEE, 
American Institute of Aeronautics and Astronautics (AIAA) and Holder of a 
current Australian Private Pilot Licence (CASA PPL) and a Remote Pilot Licence 
(RePL from CASA).  
 
 
 
  
 
DIGITAL CAPABILITY EXPERTS  
Biographies   
 
 
 Dr Tim Williams – Industrial Design Lead , QUT  
Tim William’s career has been divided between design practice and academia 
giving him ideal perspective on the benefits of industry -university collaboration. 
Consequently, he has a strong track record of leading collaborative pr ojects with 
industry partners both locally and internationally. His background is Industrial 
Design with expertise in Computer Aided Design, Design for Manufacture, and 
Design for Electronics. Mr Williams is an authority on Product Ecosystem theory 
and has  diverse research interests including Design -Led innovation, 3D printing, 
transportation design and boat building.  
 
 
 Associate Professor Alice Payne, Circular Economy and  Textiles , School of 
Design , QUT   
Alice Payne is an Associate Professor in Fashion in the School of Design, a 
program leader in  Centre for a Waste -Free World , and co -leader of the research 
group  TextileR: Future Textile Industries .  Her research centres on 
environmental and social sustainability concerns throughout textile and apparel 
industry supply chains. Dr Payne has examined perspectives on sustainab ility 
along the cotton value chain, the cultural and material flows of post -consumer 
textile waste, and design processes of mass -market product developers, 
independent fashion designers, and social entrepreneurs. She is author of the 
book  Designing Fashion's Future: Present Practice and Tactics for Sustainable 
Change  (Bloomsbury 2021), co -author of  Fashion Trends: Analysis and 
Forecasting  (second edition, 2021) and co -editor of  Global Perspectives on 
Sustainable Fashion  (Bloomsbury 2019).  She is an award -winning designer an d 
has exhibited in Australia and overseas. In 2014 and 2020 her design work was 
featured in  A Practical Guide to Sustainable Fashion . Her recent work explores 
speculative approaches to textile design including design for disassembly and 
biotextiles.  
  
 Associate Professor Rafael Gomez – Design Lead , QUT  
Rafael Gomez is Study Area Coordinator for Industrial Design. He is a design 
researcher for QUT Design Lab and a prominent researcher in the field of 
emotional experience, wearable tech for medical/healt h applications and 
emerging technologies. He works closely with global industry partners and leads 
the BMW Group + QUT Design Academy which focuses on fostering design 
excellence, exploring new knowledge horizons and advancing cutting -edge 
technologies thr ough internships, research and special R+D projects with BMW 
Group in Germany.  Rafael has been a Council Member of the Design Institute of 
Australia Queensland Chapter, Founder and Chair of the Design and Emotion 
Society Australia Chapter and Committee Me mber for the 2015 IASDR 
International Design Conference.  
 
 
  
 
DIGITAL CAPABILITY EXPERTS  
Biographies   
 
 
 Associate Professor Ajay Pandey , Sensors and Intelligent Systems , QUT  
Ajay Pandey is Associate Professor at Queensland University of Technology 
(QUT) with expertise in bespoke sensor design and development of intelligent 
systems. His topics of interest include design and development of intelligent 
sensing and energy harvesting platform technologies with capabilities of on -
sensor and near -sensor computing. His research is centred on how autono mous 
systems such as robots can gain situational awareness akin to intelligent 
biological systems. He leads several interdisciplinarity projects on development 
of advanced vision, tactile and acoustic sensing technologies for medical 
robotics, infrastructu re monitoring, and sustainable engineering. Dr Pandey’s 
interdisciplinary background in Physics, Electrical Engineering, Materials Science 
and Energy Systems further expands ARM Hub’s advanced manufacturing 
capability in new domains of medical devices, mic ro/nano robotics and 
wearable electronics.  
 
 Mr Dan Christie, Head of Engineering , James Cook University (JCU)  
Mr Christie is currently the Head of Engineering at James Cook University.   At 
the time of receiving this award he was the Glencore Copper Refinery and Port 
Operations Manager in Townsville.  After graduating from James Cook 
University, with a Bachelor of Engineering with Honours in 1998,  Mr Christie 
obtained a Master of Science degree in Systems Engineering from 
Loughborough Universit y, UK.   Since 2010, he has been serving as a Manager 
and Superintendent at Glencore, a leading global natural resource company. Mr 
Christie has more than 15 years’ experience in various large -scale engineering 
projects, ranging from defence projects with t he Royal Australian Air Force to 
international resource projects with leading global mining and resource 
companies.   
 
 
 Professor Ian Atkinson, Professor and Director eResearch Centre , JCU  
Ian Atkinson  is a Tropical Leader and Director of the eResearch Centre at James 
Cook University. His PhD studies were in chemical physics but he moved from 
experimental science into computational chemistry and high -performance 
computing two decades.  Over the past dec ade, the rapid expansion of the 
Internet, mass data storage, and computing has impacted every area of research 
and academic activity. As Director of the JCU eResearch Centre he has the 
privilege of working with researchers to apply new and ever -changing IC T tools 
and methods to their research and amplifying their impacts.  Professor Atkinson 
has a long -standing interest in eResearch methods, tools, scientific data 
management and user interfaces for HPC tools. He is also actively involved in 
researching how new systems and software that connect the physical and 
virtual worlds, particularly focusing on environmental monitoring with sensor 
networks.   
 
 
  
 
DIGITAL CAPABILITY EXPERTS  
Biographies   
 
 
 Professor Nico Adams, Optus Chair of Digital Innovation (IoT), JCU 
Prior to joining JCU in December 2021, Ni co Adams was a n Associate Professor 
and Director of the Factory  of the Future at Swinburne University of Technology.  
He held the position of Senior  Research Scientist and Product Manager at 
CSIRO’s Data61  for over three years . Following on from his work w ith CSIRO and 
Data61, Dr Adams assumed the role of Program Lead for Digital Transformation 
and Industry 4.0 at the Innovative Manufacturing Cooperative Research Centre 
(IMCRC).  At IMCRC, he co -developed an innovation diagnostic and an Industry 
4.0 busines s, product and strategy framework tailored for small -to-medium 
sized businesses. Dr Adams is  also a Chief  Investigator at the Australian Cobotics 
Centre.  
  
 Dr Mostafa Rahimi Azghadi, Senior Lecturer, Electrical and Electronic 
Engineering , JCU  
Mostafa Rahimi is a recognised national and international scientist and 
leader, who was ranked in the top 2% of the highly cited EEE researchers 
in 2020. He is currently the Chair of the IEEE Northern Australia Section 
and the program coordinator for the J CU Electrical and Electronic 
Engineering degree. Dr Rahimi is the AI leader of the $5M ARC -funded 
JCU Agriculture Technology and Adoption Centre.  
 
 
 Dr Stephanie Baker, Lecturer, Electronic Systems and Internet of Things 
Engineering , JCU  
Stephanie Baker holds a Bachelor of Engineering (Computer Systems) degree 
with first class honours. Her PhD focus is on artificial intelligence for healthcare. 
Having su bmitted her dissertation in early 2021, she continues to research in the 
field of healthcare, while also expanding into areas including conservation and 
accessibility. Dr Baker has a broad range of research interests, with primary 
focus placed on machine l earning and software.  
 
  
 Mr Luke Deacon, Associate Director, Business Development and 
Commercialisation,  JCU 
Luke Deacon is a leader of creative teams, taking on exciting new projects and 
delivering amazing results. He is passionate about leading teams to build highly 
impactful programs in the design, execution and scaling entrepreneurship and 
early -stage technology commercialisa tion.  
  
 
 
  
 
DIGITAL CAPABILITY EXPERTS  
Biographies   
 
 
 Professor Vicki Chen, Executive Dean, Faculty of Engineering, Architecture & 
Information Technology , UQ  and ARM Hub Research Advisory Committee 
Member  
Vicki Chen holds a Bachelor of Science in chemical engineering from 
Massachusetts Institute of Technology (MIT) and a PhD from the University of 
Minnesota. She was formerly Head of the School of Chemical Engineering at the 
University of New South Wales (UN SW), Sydney, where she led the School's 
performance in research, teaching, infrastructure development, and academic 
recruitment. With a multitude of national research grants, Professor Chen is a 
highly successful researcher with over 11,000 citations and 1 90 publications to 
her name. She also has held senior positions as the Director of UNESCO Centre 
for Membrane Science and Technology and other significant roles in leading 
major multi -institutional, collaborative projects with Australian and 
international industrial partners such as Australian Low Emission Coal R&D, 
Bluescope Steel and BASF. Professor Chen's collaborations have achieved high -
profile outcomes, including new antifouling coatings, novel processes for water 
purification and brine treatment, CO2  capture technologies, and high -
performance nano -composite materials. Professor Chen is a Fellow of the 
Australian Academy of Technology and Engineering (ATSE)  
 Professor Ryan Ko, Chair/Director, Cyber security , UQ  
Ryan Ko’s  research in cyber security focuses on returning control of data to 
cloud computing users. He researches information integrity and cyber autonomy 
in critical infrastructure sectors such as energy, manufacturing, regulatory and 
agriculture sectors. He serve s on the Technical Reference Group of Meat and 
Livestock Australia Integrity Systems Company, Technology Advisory Board 
Livestock Improvement Cooperation, is the Research Lead and co -founder of 
First Watch, advisor to Nyriad, and expert advisor to INTERPOL , NZDF, NZ 
Minister for Communications' Cyber Security Skills Taskforce.  
 
 Professor Matthew Dargusch, Mechanical and Mining Engineering , UQ   
Matthew Dargusch is a Professor in the School of Mechanical and Mining 
Engineering. He is the Director of the AR C Industry Transformation Research 
Hub for Advanced Manufacturing of Medical Devices, and the Chief Technology 
Officer for the Defence Materials Technology Centre. Professor Dargusch’s 
primary research interests are associated with addressing the major tec hnical 
challenges facing Australian metal manufacturers in order to assist them to 
participate more effectively in global supply chains and the development of 
improved medical devices.  
 
 
  
 
DIGITAL CAPABILITY EXPERTS  
Biographies   
 
 
 Professor Michael Brünig , Head of School, Information Technology , UQ 
Michael Brünig is Head of School of Information Technology and Electrical 
Engineering at The University of Queensland. He is a data innovation expert with 
over 20 years’ experience in research and development across industry, 
government and academia over three continents. He is currently the Head of 
School of Information Technology and Electrical Engineering at The Univers ity of 
Queensland (UQ). Professor Brünig is a versatile Academic Leader who has 
previously led the UQ Business School. Before joining UQ, Professor Brünig 
worked with Australia’s most widely known science research and translation 
hub, CSIRO. As an executiv e manager with the organisation, he led an initiative 
to establish a National Research Flagship on Digital Productivity and later guided 
the business through a merger to create Data61, a national research 
powerhouse focusing on data innovation.   
  
 Dr Michael Heitzmann, Senior Lecturer, Faculty of Engineering, Architecture 
and Information Technology , UQ  
Michael Heitzmann is the Co -Director Centre for Advanced Materials Processing 
and Manufacturing with an expertise  in advanced composite materials and 
processes and new product development. The centre brings together over 50 
researchers and 120 PhD students working on materials, design and 
manufacturing solutions for future economies. He was also one of the main 
drivi ng forces behind the formation of the UQ Composites group now spanning 
across all schools within the EAIT faculty. Despite the relatively short time in an 
academic career, he has been awarded over 5.2M AUD in research funding as 
chief investigator (CI), of  which over 1.2M AUD have been obtained as the lead 
CI. Michael is the supervisor of 9 research higher degree students (8 PhD, 
1MPhil).  
 
 Professor Andrew White, Faculty of Science , UQ  
Andrew White's research interests are in the field of quantum information, 
quantum optics, and all aspects of quantum weirdness. More details are 
included on the  Quantum Laboratory  website.  He has conducted research on 
various topics including shrimp eyes, nuclear physics, optical vortices, and 
quantum computers. He  likes quantum weirdness for its own sake, but his 
current research aims to explore and exploit the full range of quantum 
behaviours —notably entanglement —with an eye to engineering new 
technologies and scientific applications. He is currently Director of t he Centre of 
Engineered Quantum Systems, an Australia -wide, 14 -year long, research effort 
by 180 scientists to build quantum machines that harness the quantum world 
for practical applications.  
 
 
  
 
DIGITAL CAPABILITY EXPERTS  
Biographies   
 
 
 Associate Professor Marcus Gallagher, Faculty of Engineerin g, UQ  
Marcus Gallagher is an Associate Professor in the Artificial Intelligence Group in 
the School of Information Technology and Electrical Engineering. His research 
interests are in artificial intelligence, including optimisation and machine 
learning. He  is particularly interested in understanding the relationship between 
algorithm performance and problem structure via benchmarking. His work 
includes cross -disciplinary collaborations and real -world applications of AI 
techniques. Dr Gallagher received his BCompSc and GradDipSc from the 
University of New England, Australia in 1994 and 1995 respectively, and his PhD 
in 2000 from the University of Queensland, Australia. He also completed a 
GradCert (Higher Education) in 2010.  
 
 Professor John Bell, Deputy Vice -Chancellor (Research and Innovation) , USQ  
John Bell leads the Research and Innovation Division at the University of 
Southern Queensland. He oversees a coordinated focus on fostering 
collaborations and partnerships with government, industry and the research 
community, within Australia and around the world to deliver applied research 
outcomes that have global impact. His key responsibilities include the 
implementation of the USQ Research Plan, managing research programs, 
partnerships and investmen ts, driving research performance and supporting 
research staff and students to achieve excellence. As an outstanding researcher 
in his area of materials engineering and energy, Professor Bell has led projects in 
the development of energy efficient smart wi ndows, dye -sensitised solar cell 
development, and carbonaceous materials.  He also has expertise in the area of 
energy efficiency and occupant comfort in buildings, and has carried out 
extensive research with industry.   
 
 Professor Peter Schubel, Executiv e Director, Institute for Advanced 
Engineering and Space Sciences , USQ; Committee Member, ARM Hub Research 
Advisory Committee  
Peter Schubel is a polymer composites materials and manufacturing engineer, 
specialising in the design and processing of high -value composite components 
and structures, focusing on automated manufacturing, process development, 
advanced infusion processing, surface metrology, biocomposites and cost 
modelling for the aerospace, defence, space, automotive and wind energy 
sectors. He com pleted his Mechanical Engineering degree at the University of 
Southern Queensland, Australia in 1999. After working as a Production Engineer 
at Orford for 2 years, he moved to the University of Nottingham, UK and in 2004 
completed his PhD with industrial s ponsor Aston Martin Lagonda in the area of 
Polymer Composites Engineering, where he worked on composite materials and 
manufacturing projects ranging from automotive, aerospace and wind energy 
sectors. In 2011, he took on a joint role as the National Centre  Manager for the 
EPSRC Centre for Innovative Manufacturing in Composites, coordinating 
 
  
 
DIGITAL CAPABILITY EXPERTS  
Biographies   
 
 
fundamental composites research activity in the UK. In 2014, he was also 
appointed as the Deputy Director of the Industrial Doctorate Centre in 
Composites Manufacture at  the University of Bristol, where he supported the 
development and delivery of the EngD program.  
 
 Professor Craig Baillie, Director, Centre for Agricultural Engineering , USQ  & 
Deputy Director (IAESS)  
Craig Baillie is an Agricultural Engineer with 24 years’ experience in agricultural 
Research, Development and Extension (R, D & E). He is currently the Director of 
the Centre for Agricultural Engineering (CAE) based at the University of Southern 
Queensland. His role within the CAE includes research manage ment, business 
development (new projects) and the commercialisation/adoption of engineering 
technologies developed by the centre. Professor Baillie’s primary research 
interests include farming systems innovation and technology solutions to 
improve farm pro ductivity and profitability.  
 
  
Professor Hon. John McVeigh, Executive Director, Institute for Resilient 
Regions , USQ  
John McVeigh is a former politician serving as a Queensland State Government 
Minister for Agriculture, Fisheries and Forestry from 2012 to 2015. He was the 
Federal Government representative for the seat of Groom from 2016 to 2020, 
holding the position of Minister for Regional Development, Territories and Local 
Government. Professor Hon McVeigh joined USQ in September 2020 as 
Executive  Director for the Institute for Resilient Regions (IRR).  T he IRR conducts 
multidisciplinary collaborative research with industry, community, and 
government in a broad range of regional settings. The IRR draws together 
research expertise to address complex  issues, challenges and opportunities in 
regional communities.  
 
 
 Dr Cheryl McCarthy, Senior Research Fellow , Centre for Agricultural 
Engineering , USQ  
Cheryl McCarthy is a Senior Research Fellow in mechatronic engineering with 
the Centre for Agricultural Engineering at the  University of Southern 
Queensland . Her research involves developing machine vision and sen sing 
systems for agriculture. She has worked on machine vision projects for the beef, 
fodder and macadamia industries and her current projects include precision 
sensing of weeds for the sugar, cotton and grains industries. Dr McCarthy has a 
BEng (Mechatron ic) and PhD from USQ. Her research interests include the 
application of mechatronic engineering to agriculture and imaging 
spectrometry. She holds a CASA UAV Operator's Certificate.  
 
 
  
 
DIGITAL CAPABILITY EXPERTS  
Biographies   
 
 
 Dr Alison McCarthy, Senior Research Fellow , Irrigation and Cropping Systems , 
USQ  
Alison McCarthy is an irrigation and mechatronic Research Fellow within 
the Centre for Agricultural Engineering  at the  University of Southern 
Queensland  in Toowoomba.   She has a BEng (Hons) in Mechatronics and PhD in 
Irrigation Engineering from the University of Southern Queensland.   Her 
research with the cotton industry led to the development of real -time adap tive 
control and low -cost camera -based sensing systems to reduce labour in plant 
growth monitoring and improve and potentially optimise the irrigation of field 
crops. Her current projects involve the variable -rate irrigation of cotton, dairy, 
horticulture and sugarcane cro ps via lateral move and centre pivot irrigation 
machines and surface irrigation systems. She developed a simulation framework 
‘VARIwise’ to aid the development, evaluation and management of spatially and 
temporally varied site -specific irr igation control strategies. Her research 
interests include irrigation decision -making and machine vision.  
 
 Associate Professor Xuesen Zeng, Deputy Director and Theme Leader, 
Advanced Composites Manufacturing, Centre for Future Materials , USQ  
Associate Professor Xuesen Zeng is a polymer composites research in the Centre 
for Future Materials at the University of Southern Queensland (USQ). The 
process of pultrusion has been used by at USQ to create composite materials for 
the oil and gas and tran sport industries in Australia and overseas.  Pultrusion 
involves creating continuous lengths of composite material by pulling fibre -
reinforced profiles through a cross -section of die, resin, and heating and cooling 
zones. Working alongside Wagner’s Composi te Fibre Technologies (CFT), a 
Toowoomba -based manufacturer that utilises the pultrusion technique, the 
collaborative project, funded by the Cooperative Research Centres (CRC) 
program, is looking into new applications for the manufacturing process. The 
$10 million collaboration will receive $3m from the federal government’s CRC 
program.  
 
 Associate Professor Rajib Rana, School of Mathematics, Physics and 
Computing, Program Leader, IoT -Health Research Program , USQ  
Rajib Rana obtained a Doctor of Philosophy  from UNSW Australia in 2010 and 
joined USQ as a Vice -Chancellor’s Research Fellow in 2016.  He was appointed a 
Program Director, Master of Data Science in February 2021.  He received the 
Young Tall Poppy Qld Award in 2018.  
 
  
 
DIGITAL CAPABILITY EXPERTS  
Biographies   
 
 
 Professor Alan Wee -Chung Liew, Deputy Head of School (Research) School of 
Information and Communication Technology, Griffith University  
Alan Liew is currently the Deputy Head (Research) of School, the School of 
Information & Communication Technology, and the Deputy Direc tor of the 
Institute for Integrated Intelligent Systems (IIIS), at Griffith University, Australia. 
Prior to joining Griffith University in 2007, he was an Assistant Professor at the 
Department of Computer Science and Engineering, Chinese University of Hong  
Kong.  His research interest is in the field of AI, machine learning, medical 
imaging, computer vision, and bioinformatics. He leads the medical/health 
informatics stream in IIIS, and is engaging with the Menzies Health Institute, the 
Gold Coast University  Hospital, Queensland Health, and the Precision Medicine 
Data Platform (PMDP) on several collaborative projects. He has published 
extensively in these areas with two books and more than 200 journal and 
conference papers, and holds two international patents .  
 
 Professor David Lloyd, Director, Centre of Biomedical and Rehabilitation 
Engineering, Griffith University  
David Lloyd is a Professor of Biomechanical Engineering at Griffith University. He 
is a mechanical engineer (BSc -Merit, University of New South Wales, 1984) who 
first worked in the aeronautical industry, and then completed a PhD in 
Biomechanical Engineerin g (University of New South Wales, 1993). He then 
received a prestigious NIH Fogarty International Post -doctoral fellowship (1993 -
1995) in computational biomechanics and neurophysiology at the premier 
Rehabilitation Institute of Chicago and Northwestern Uni versity Medical School. 
David has over 30 years of academic research experience in biomechanical 
engineering, biophysics, sports medicine, and regenerative medicine. He co -
founded both the Griffith Centre of Biomedical and Rehabilitation Engineering 
(GCORE ) and Griffith’s Advanced Design and Prototyping Technologies Institute 
(ADaPT). He is the director of GCORE, which undertakes cross -disciplinary 
research in orthopaedic, neuromusculoskeletal, and cardiovascular biomedical 
engineering, with hospitals, such  as the Gold Coast University Hospital and 
Queensland Children’s’ Hospital, and industry partners including BiVacor, 
Orthocell, VALD, Materialise, OrthoPediatrics, Stryker and Philips.  
David is an international research leader who is Australia’s 1st ranked  and 
world’s 16th ranked (out of >170,000) biomechanics expert.  
 
 Dr Hui Tan, Senior Lecturer, Head of Computer Science, Griffith University  
Hui Tian is currently appointed as Senior Lecturer and the Discipline Head of 
Computer Science in the School of Information and Communication Technology, 
Griffith, Australia. She received the PhD degree in Computer Science from Japan 
Advanced Institute of Science and Technology. Prior to joining Griffith, she was 
an Associate Professor in Beijing Jiaotong University, China. Dr. Tian’s main 
research interests include Wireless Communications and Networking, Network 
Tomography, Privacy and Security, Knowledge Discovery. She has published one 
book and more than 70 research papers and led several research projects in 
 
  
 
DIGITAL CAPABILITY EXPERTS  
Biographies   
 
 
different countries. She actively engages in professional activities including 
service as associate editor of SCI -indexed journals and program chair /committee 
member of international conferences. Dr. Tian is a senior member of IEEE.  
 
 Dr Camila Shirota, Advance Queensland Research Fellow , Griffith University  
Camila Shirota’s goal is to better understand human motor control to 
support the development and value of clinically relevant technologies for 
rehabilitation such as assistive and therapeutic devices. She is an expert in 
biomechanics and motor control of gait, specifically of balance control in 
response to perturbations. She is also in terested in methods to quantify 
sensorimotor function. She has worked in research and clinical 
environments, with people with amputations and stroke survivors. She is 
driven to increase the translation of technologies into the clinic and home.  
 
 Dr Grace Bitner, Research Fellow, Hopkins Medical Centre , Griffith University  
Grace Bitner has over a decade of experience researching in the area of design 
for disability, health, aging and social inclusion. She is passionate about 
translating research into  the creation of communities that are healthier, more 
sustainable, and socially inclusive for people of all ages and abilities. Her work 
in the area of design for disability has given her both a depth and breadth of 
knowledge of the policies, practices, an d systems central to the sector. It has 
also given her a comprehensive understanding of the complex problems faced 
by diverse stakeholder groups including individuals with disability and their 
support networks, service providers, design and development pro fessionals, 
investors, and government agencies. Dr Bitner is currently serving as a member 
of the NDIA Specialist Disability Accommodation Reference Group.  
 Professor Pierre Viljoen, Associate Vice -President  (Nth Qld/Chair AFWS), CQU  
Pierre Viljoen is the inaugural BHP Mitsubishi Alliance (BMA) Chair of Automation and 
Future Work Skills at Central Queensland University. His work involves identifying 
research and development opportunities critical in driving t he development of new 
innovative training qualifications and courses, in response to automation in the 
workplace and related skills.  While the role will have a specific focus on the Mining and 
Mining Equipment, Technology and Services (METS) sectors, it a lso extends to 
agriculture, health, small to medium enterprise (SME) development and construction.  
He is developing new models for innovation, skills, and training that will enable regional 
communities to grow their economies. Professor Viljoen will lever age his research 
 
  
 
DIGITAL CAPABILITY EXPERTS  
Biographies   
 
 
expertise in industrial psychology, as well as his long -standing connections with 
industry, government and community in the Mackay, Bowen Basin and Isaac regions, to 
drive innovation in research and course development in the increasingly c ritical areas of 
automation and future workplace skills.  
 
 Dr Lasi Piyathilaka, Lecturer, School of Engineering and Technology, CQU  
Lasitha Piyathilaka is a Lecturer in Mechatronic Engineering at Central Queensland 
University. He graduated from Universit y of Moratuwa Sri Lanka specialising Electrical 
engineering in 2005 and received his M.Phil degree specialising robotics in 2011 from 
the same university. He completed his PhD degree specialising in Robotics from the 
University of Technology Sydney, Austra lia. Lasitha has a rich blend of industry, 
teaching and research experience. From 2017 to 2020 he worked as a Research Fellow 
at the University of Technology Sydney (UTS) and led a research team to develop 
inspection robots for condition assessment of wate r and sewer pipelines. This project 
won both the National and NSW Research Innovation Awards presented by the 
Australian Water Association in 2020. He worked as a mechatronics engineer at Swarm 
Farm Robotics, a robotics company based in Queensland that dev elops a swarm of 
lightweight agricultural robots for farm operations.  
 
 Assoc Professor Preethi Preethichandra, School of Engineering and 
Technology, CQU  
Preethi Preethichandra  is an Associate Professor at Central Queensland 
University. His research interests are in Nanotechnology -based sensors and 
actuators, Sensor development, sensor networking, Embedded systems 
development, Robotics.  
 
 
 
 
 
 
 
 Dr David Howard, Research Scientist, ARM Hub Robotics Lead , CSIRO  
David Howard is a Senior Research Scientist at CSIRO, Australia's national science 
body. He leads multiple projects at the intersection of robotics, evolutionary 
machine learning, and the co mputational design of novel physical objects. His 
interests include nature -inspired algorithms, learned autonomy, soft robotics, 
the reality gap, and evolution of form. His work has been featured in local and 
national media, TechXplore, and Wired. Dr Howar d received his BSc in 
Computing from the University of Leeds in 2005 and completed a MSc in 
Cognitive Systems at the same institution in 2006. He is a member of the IEEE 
and ACM, and an avid proponent of education, STEM, and outreach activities.  
 
  
 
DIGITAL CAPABILITY EXPERTS  
Biographies   
 
 
 Dr Navinda Kottege, Group Leader, Robotics and Autonomous Systems, Data61  
Navinda Kottege is the Acting Group Leader and a Principal Research Scientist at 
CSIRO Data61's Robotics and Autonomous Systems Group. He received his PhD in 
Engineering from the Austra lian National University in 2009. He has led legged 
robot research within CSIRO, an activity he initiated in 2011, which has built up 
into a world -leading R&D capability within the group. Dr Kottege is also the PI for 
the CSIRO Data61 team competing in the  DARPA SubT Challenge. He joined 
CSIRO in 2009 as a Postdoctoral Fellow with the Sensor Networks (later 
Distributed Sensing Systems) group at the Autonomous Systems Lab and 
conducted research in using acoustics for localisation and ecological monitoring. 
He was a team member of the Serafina project which developed swarming 
technology for autonomous underwater vehicles (AUVs). During this time, he 
designed, developed and experimentally evaluated a novel high precision 
distributed localization sensor to be de ployed on small agile underwater vehicles 
to facilitate swarming.   
 
 Professor Jon Whittle, Director, CSIRO Data61  
Professor Whittle is a world -renowned expert in software engineering and 
human -computer interaction, with a particular interest in IT for social good, AI 
research in health sciences, and sustainable development.  
With over 1000 staff and affiliates, partnerships with industries across almost 
every sector, and collaborations with over 30 Universities, CSIRO's Data61 is both 
a centre for ex pertise and an enabler for national initiatives.  
 
 Dr Simon Dunstall, Principal Research Scientist, Data61 , CSIRO  
Simon Dunstall is a member of the Analytics and Decision Sciences (A&DS) 
program in Data61, and presently is deputy research director for A&DS. 
Previously he was research director of the Decision Sciences program in Data61 
(2015 -2019). Dr Dunstall is a researcher in risk analytics and optimisation, 
especially in topics associated with hazards and extreme events. This has 
include d engagements with the Victorian Powerline Bushfire Safety Program, 
Cladding Safety Victoria, Dept of Home Affairs and Dept. Health, and most of the 
electricity distribution companies in Australia. In addition to his role at CSIRO, he 
is the current nation al president of the Australian Society for Operations 
Research (ASOR).  
 
 
 
  
 
  
 
DIGITAL CAPABILITY EXPERTS  
Biographies   
 
 
ARM Hub Core Team   
  
 Associate Professor Cori Stewart, CEO ARM Hub  
Cori Stewart spearheaded the ARM Hub initiative, leveraging Queensland’s 
global leadership in advanced robotics and design -led manufacturing to create 
this not -for-profit company with a mission to accelerate the uptake of advanced 
manufacturing in Australi a. Dr Stewart is a recognised leader in developing 
large -scale partnerships between industry, research institutions, governments, 
and the community, where she has successfully developed new approaches to 
pressing challenges in industry and society. She has  previously held senior 
university and government appointments delivering industry development, 
digital economy and innovation policies and programs. She was awarded the 
prestigious Women in AI Awards Australia and New Zealand for 2022  for AI in 
Manufacturing .  
 
 
  
 Samuel Jesuadian, COO , ARM Hub  
Samuel Jesuadian oversees the functions of the business operations, facilities 
management and finances of the ARM Hub. He worked for Mater Research 
(Mater Health Services) and since 2013 has consolidated experience in 
Operations Process Design and Management within Clinical and Bio -Medical 
Research industries. Prior to this, Mr Jesuadian held different research support 
positions within the University of Queensland; the Translational R esearch 
Institute; and Griffith University. He is an experienced operational professional 
who has a focus in business acumen on managing risk, driving strategic direction 
through systems innovation and a passion for business improvements.  
 
  
 Melissa Nu gent, Business Development Manager , ARM Hub  
Melissa Nugent develops relationships that enable small to medium 
manufacturing enterprises to access innovation opportunities within and across 
Queensland, and the nation’s, industry growth sectors. She brokers industry 
access to the ARM Hub network of ex perts, facilities, collaborating partners and 
a multitude of funding opportunities. She also supports commercial project 
development and investment in research and development to securing the 
market advantages of innovation for industry. With an early care er in 
environmental science technology, policy and community engagement, 
stakeholder engagement, business development marketing and advancement in 
Queensland’s Higher Education and Government sectors, she more recently led 
International and Engagement stra tegy and operations for QUT’s Science and 
Engineering Faculty, enabling her to bring a wealth of experience in leadership, 
mobility, industry and community partnerships to her role with the ARM Hub.  
 
 
  
 
DIGITAL CAPABILITY EXPERTS  
Biographies   
 
 
 Margaret Puls, Communications Manager , ARM Hub  
Margaret Puls is a journalist by training and specialises in developing high -
impact communication tools and programs for science and technology 
organisations. She has over 30 years’ experience in technology communications 
and has worked for rese arch organisations such as CSIRO, universities, 
government, CRCs and as a specialist consultant. Ms Puls is an expert in media 
for research and technology groups and in communicating key messages 
through different media platforms. She has worked in the ene rgy, construction 
innovation, digital and bioinformatics sectors, and managed technology product 
launches. She has significant experience in agriculture and food research, and 
during her time at CSIRO was part of a national biosecurity communication 
planni ng group for managing animal disease outbreaks (such as Foot and Mouth 
Disease) in Australia.  
 
  
 Megan Pope, Communications Coordinator , ARM Hub  
Megan Pope has a degree in industrial design and 10 years’ experience in digital 
communications, brand management, advocacy, communications and 
marketing across a range of manufacturing, technology, defence and 
engineering industry sectors. Ms Pope has experience and interest in new 
technologies such as Additive Manufacturing, Robotics , and Laser Scanning. A 
seasoned digital designer, photographer and videographer, she has extensive 
experience in multimedia tools and platforms, and experience in the 
management of communications, products and promotional activities for both 
government an d private sectors . 
 
 
  
 Catherine Leather, Executive Officer, ARM Hub  
Catherine Leather has extensive experience in providing high level executive, 
project, governance, stakeholder engagement and administrative support to 
senior executives in research and scientific organisations, academia, and state 
government.   Prior to joining ARM Hub, Ms Leather worked closely with the 
Executive and Research Leadership teams at the Institute for Future 
Environment (IFE) and QUT.   Before joining QUT, she wor ked at CSIRO for over 
14 years providing executive management support to Flagship and Divisional 
executives and their teams, across a wide range of research areas and 
disciplines.     
 
  
 
  
 
DIGITAL CAPABILITY EXPERTS  
Biographies   
 
 
 Harry Marles, Business Support Officer, ARM Hub  
Harry Marles is a final year Undergraduate Engineering and Commerce student 
at the University of Queensland.  Currently employed in the role of Business 
Support Officer, he utilises his multi -disciplinary sk ills to provide support directly 
to the COO and other team members. Mr Marles is completing his 
undergraduate thesis with the ARM Hub, looking at distributed networks of 
sensors, and how to effectively collect and analyse weather and pollution data.  
 
  
 David Hedger – ARM Hub Head of Project Services  
David Hedger has a Bachelor of Engineering (Mechatronics) from QUT, and leads 
field robotics and safety in industrial automation in ARM Hub’s industrial 
workshop in Brisbane. He has worked as a Robotics Eng ineer at Carnegie Mellon 
University’s National Robotics Engineering Center in Pittsburgh, where he 
worked on full -scale robotics prototypes for various aerospace, logistics, and 
government organisations, with a focus on river erosion management for the US 
Army Corps of Engineers. He also assisted in the delivery of prototypes of self -
driving vehicles, safety and interface systems for autonomous civil engineering 
projects, and industrial automation systems.  
 
  
 Tim Kelly, Business Development, Project Delivery, Engineering  
Tim Kelly is an internationally experienced aeronautical engineer with 20 years 
of industry experience. He worked on programs such as the Lockheed Martin F -
35 Joint Strike Fighter, the Boeing 787 Dreamliner, and the Airbus A350 in Los 
Angeles, Nashville, Munich, and Rotterdam. He has expertise in business 
strategy, program development and project management, team management, 
aircraft design, design and engineering for advanced manufacturing inc luding 
digital twinning, CNC machining and aerospace composites, and business 
systems development. Mr Kelly has an MBA, a lean six -sigma green belt, and is a 
Chartered Engineer and RPEQ.  He runs the Sunshine Coast manufacturing peak 
industry body and Not -for-Profit, the Manufacturing Excellence Forum.  
 
 Anthony Franze, Project Coordinator  
Anthony Franze is an Industrial Designer and has led advanced manufacturing 
projects in Australia and abroad, collaborating with Milford Automotive, Icarus 
Industrial Design, Local Motors, EGR Group & UAP. In addition, he provides 
consulting services to the broader industry through the Anthony Franze Studio 
and volunteers as a mentor to SEQ energy start -ups at EnergyLab and as a 
designer for Positive Change for Marine L ife (Bryon Bay). He has been awarded 
multiple international and national design awards, including the BMW Urban 
Mobility Challenge for 2025. Mr Franze is currently undertaking a PhD with QUT 
in conjunction with the ARM Hub. His thesis entitled Augmented Fa brication: An 
Industry 4.0 XR Framework for Mass Customisation explores how augmented, 
 
  
 
DIGITAL CAPABILITY EXPERTS  
Biographies   
 
 
virtual, and mixed reality technologies can enhance Australian manufacturers’ 
design -to-fabrication capabilities.  
 
  
 Dr Elliot Duff – Independent Robotics Research Consultant  
Elliott Duff has been involved in the area of field robotics for over 20 years and 
the development of sensing systems that allow machines to operate 
autonomously outdoors in hostile and unstructured environments. This work 
has included the automation of large mining excavators, underground ore 
haulage vehicles and explosive loading machines. He led the robotic perception 
team with interests in localisation and mobile mapping in GPS denied areas. 
More recently, Mr Duff has managed the Aut onomous Systems Program with 
interests in field robotics, sensor networks and cognitive systems. He oversees 
several emerging markets, including Spatial Intelligence and the Industrial 
Internet.  
 
  
 
  
 
DIGITAL CAPABILITY EXPERTS  
Biographies   
 
 
ARM Hub Board   
 
 Emeritus Professor Roy Green, Chair  
Roy Green is a leading thinker and commentator on innovation policy and has 
been at the forefront of efforts to help Australian industry harness the benefits 
of research and development in order to forge ahead in the global economy of 
the twenty -first century. He was Dean of the Macquarie Graduate School of 
Management and the Business School at the National University of Ireland, 
Galway, and is currently Special Advisor and Chair for UTS Innovation Council, at 
the University of Technology Sydney.  
 
  
 Professor Mark Harvey, Director  
Mark Harvey is Vice -President (Business Development) at QUT, and a current 
Director of Sunsuper and the Chamber of Commerce and Industry Queensland. 
He was previously Deputy Vice -Chancellor (Research and Innovation) at t he 
University of Southern Queensland. Professor Harvey brings a wealth of 
knowledge in the fields of business strategy, business development, and 
technology transfer.  
 
 Matthew Tobin, Director  
Matthew Tobin is co -founder and Managing Director of the Urba n Arts Precinct 
(UAP), the world’s largest manufacturer of high -value customised design 
elements for construction projects. Mr Tobin has over 18 years’ experience in 
customisable manufacturing, collaborating with artists, architects, designers & 
developers  to bring uncommon creativity to the public realm.  
  
 Jackie Taranto, Co -Founder and Managing Director, Paradigm Shift Fund  
Jackie Taranto is a seasoned business executive and entrepreneur with over 30 
years’ experience across a range of industries including technology, advanced 
manufacturing, international trade, medical, finance and investment, research 
and infrastructure. Sh e specialises in creating business collaboration 
opportunities and extracting and building value out of timely deployment of 
technology and talent. She founded and built several companies, including 
Hannover Fairs Australia - the Australian/New Zealand sub sidiary of Deutsche 
Messe, the world’s largest venue owner operator, and has successfully launched 
global brands CeBIT and CeMAT in Australia. In addition to her board role at 
ARM Hub, Ms Taranto has served on the boards of German -Australian Chamber 
of Ind ustry and Commerce, IOT Alliance Australia and the Bright Alliance 
Advisory Committee – NSW’s first cancer -dedicated hospital.  
 
  
 
DIGITAL CAPABILITY EXPERTS  
Biographies   
 
 
  
 Jenni Lightowlers, Company Secretary  
Jenni Lightowlers is a founding Partner of Francis Abourizk Lightowlers  (FAL). 
Prior to establishing FAL in 1993, Ms Lightowlers worked for CSIRO and Allens 
Linklaters. She is arguably Australia’s leading authority on establishing research 
entities such as industry growth and innovation centres, and Cooperative 
Research Centr es (CRCs). She is also recognised as a leading lawyer in the life 
sciences (health, biosecurity, biotechnology and medical devices), commercial 
and intellectual property sectors. She advises ASX listed entities on mergers and 
acquisitions, strategic planni ng and advisory services for intricate transactions. 
Over the last two decades, Ms Lightowlers has advised on some of the most 
complex Australian technology and R&D projects, including the CSIRO ARIES 
satellite project. She was appointed Acting Head of Dea kin Law School in 2017 
and is considered one of Australia’s leading advisors to universities (both in 
Australia and the South Pacific).  
 
 
EXPERT ADVISORS  
 
 Emeritus Professor Rodney Brooks, Professor of Robotics, MIT and Co -
Founder of Robust.AI.  
Rodney Brooks is a robotics entrepreneur known for popularising the actionist 
approach to robotics. He is Panasonic Professor of Robotics (Emeritus) at 
Massachusetts  Institute of Technology (MIT)  and currently the CTO and co -
founder of  robust.ai, which is developing hybrid, common -sense powered AI, 
making robots more robust and reliable, even in complex and unpredictable 
environments. H e was Founder, Chairman and CTO of Rethink Robotics , and a 
Founder, former Board Member and former CTO of  iRobot Corp . Professor 
Brooks is the former Director of the MIT Artificial Intelligence Laboratory. He 
received degrees in p ure mathematics from the Flinders University of South 
Australia and a PhD in Computer Science from Stanford University in 1981. He 
held research positions at Carnegie Mellon University and MIT, and a faculty 
position at Stanford before joining the faculty of MIT in 1984. He has published 
many papers in computer vision, artificial intelligence, robotics, and artificial life.  
  
 Professor Daniela Rus, Director, CSAIL, Erna Viterbi Professor of 
Electrical Engineering and Computer Science, MIT  
Daniela Rus is  the Andrew (1956) and Erna Viterbi Professor of Electrical 
Engineering and Computer Science and Director of the Computer Science and 
Artificial Intelligence Laboratory (CSAIL) at MIT. Her research interests are in 
robotics, mobile computing, and data scie nce. She is a Class of 2002 MacArthur 
Fellow, a fellow of ACM, AAAI and IEEE, and a member of the National Academy 
 
  
 
DIGITAL CAPABILITY EXPERTS  
Biographies   
 
 
of Engineers, and the American Academy of Arts and Sciences. Professor Rus 
received her PhD in Computer Science from Cornell University. Prio r to joining 
MIT, she was a professor in the Computer Science Department at Dartmouth 
College.  
 
 Professor Dr Frank Piller, Head of Chair of the Institute for Technology and 
Innovation Management, RWTH Aachen University    
Frank Piller is considered one o f the leading German experts for innovation 
management, in particular open innovation, customer co -creation and product 
individualization. His research work has received numerous awards, most 
recently the PDMA Co -Creation Award or the nomination for the Innovating 
Innovation award from Harvard Business Review and McKinsey. Professor Piller 
researches the design of customer -centric innovation and value creation 
processes, the successful management of radical business model innovations 
and the use of external  knowledge for the innovation process. Since mid -2007 
he has been full professor for technology and innovation management at RWTH 
Aachen University, where he is also the Academic Director of the Executive MBA 
program. He previously worked at the MIT Sloan School of Management and the 
TU Munich. He received his doctorate in Mass Customization from the 
University of Würzburg (2000) and habilitated in 2004 on Open Innovation and 
User Innovation at the TUM Business School, TU Munich.  
  
 Honorary Professor Jeremy Howard  
Jeremy Howard is a data scientist, researcher, developer, educator, and 
entrepreneur. He is a founding researcher at fast.ai, which is dedicated to 
making deep learning more accessible, and is an honorary professor at The 
University of Queensland. Previously, Professor Howard was a Distinguished 
Research Scientist at the University of San Francisco, where he was the founding 
chair of the Wicklow Artificial Intelligence in Medical Research Initiative. He was 
the founding CEO o f Enlitic , which was the first company to apply deep learning 
to medicine and selected as one of the world’s top 50 smart est companies by 
MIT Tech Review two years running. He was the President and Chief Scientist of 
the data science platform  Kaggle , where he was the top -ranked participant in 
international machine learning competitions two years running. He was the 
founding CEO of two successful Australian start -ups ( FastMail , and Optimal 
Decisions Group –purchased by Lexis -Nexis ). He spent 8 years in management 
consulting, at  McKinsey & Co , and  AT Kearney . Jeremy has invested in, 
mentored, and ad vised many start -ups, and contributed to many open -source 
projects.  
 
  
 
DIGITAL CAPABILITY EXPERTS  
Biographies   
 
 
 Lee Hickin, Chief Technology Officer, Microsoft  
Lee Hickin has over 27 years’ experience in the IT industry working across a 
variety of roles and technologies. He has worked in Asia, the UK and Australia 
with a passion for innovation and leading -edge technologies such as AI. He has 
been a CISSP certified security architect with RSA Security and Tivoli, leading the 
IOT business development team across APAC with Amazon Web Services  and 
most recently the CTO for Microsoft Australia. As the CTO, Lee helps customers 
on their journey of digital transformation through cloud technologies; focusing 
on the adoption of intelligent cloud services such as AI, IOT, Machine learning 
and cognitiv e services underpinned by core cloud infrastructure technology 
strategy, Security and ethical AI principles. Mr Hickin is a regular speaker on 
Cloud technology, innovation and driving digital transformation.  
 
 Dr Kate Devitt, Chief Scientist, Trusted Autonomous Systems CRC  
Kate Devitt is Chief Scientist of the Trusted Autonomous Systems (TAS), CEO of 
BetterBeliefs an evidence -based social platform and adjunct Associate Professor 
Human -Computer Interaction, ITEE, at the University of Queensland.  She holds a 
BA(Hons) History and Philosophy of Science and Psychology, Melbourne 
University, Grad Cert Cognitive Science and PhD philosophy (AOS epistemology, 
AOC ethics and cognitive science) from Rutgers University. Her teaching 
experience includes an i ntroduction to philosophy, applied ethics, philosophy of 
time travel, cognitive science, science communication, information systems and 
information science. She has expertise in decision support tools, expert systems 
and human factors. Dr Devitt helps buil d technologies that enable the 
development of autonomous systems that incorporate ethical, legal, and 
regulatory structures to achieve social license to operate and trusted adoption.  
 
 
 
 
 
 
 
LOCAL INDUSTRY ADVISORS  
 
 
  
 
DIGITAL CAPABILITY EXPERTS  
Biographies   
 
 
 Shay Chalmers, Director, Strategic Engineering Australia  
Shay Chalmers owns and directs Strategic Engineering Australia, offering 
consulting expertise across a wide range of manufacturing applications, and 
holds various board and committee positions including Chair of the Queensland 
Reference Group for Manufacturing, Non -Executive Director for the Queensland 
Manufacturing Institute (QMI), Committee member for Queensland 
Manufacturing Ministerial Advisory Council, Engineering Course Advisory Board 
for QUT, Sector Expert Advi sory Group (Advanced Manufacturing) for RMIT and 
is also a member of the World Economic Forum Expert Network.  
 Chris Brugeaud, CEO SSS Manufacturing & IR4 Pty Ltd  
Chris Brugeaud  is the CEO and co -owner of SSS Manufacturing and IR4 Pty Ltd, 
which was acknowledged by the Hon Michaela Cash at the November 2017 Asia 
Pacific Conference as the leading company in Australia for the application of 
Artificially Intelligent Industry 4.0 tec hnologies in steel fabrication.  Chris is trade 
qualified with an honours degree in engineering (manufacturing) from RMIT. Mr 
Brugeaud has spent the last 15 years delivering globally significant automation 
technology and infrastructure to various markets a nd industries.  He has a 
passion for Australian derived collaborations that both challenge and change the 
global market norms.  
 Dr Evan Shellshear, Head of Analytics, Biarri  
Evan Shellshear is the Head of Analytics at Biarri, a world -leading mathematica l 
and predictive modelling company, and an expert in artificial intelligence with a 
PhD in Game Theory from the Nobel Prize winning University of Bielefeld in 
Germany. He has many years of international experience in the development 
and design of AI tools for a variety of industries having worked with Australia's 
top companies on all aspects of advanced analytical solutions and 
internationally on advanced robotics applications in manufacturing. He is also 
the author of several books including the best -selling book on Amazon, 
Innovation Tools . 
  
 Rakalene Condon, Head of Product, Everledger  
Rakalene has a wealth of experience in management, analysis, design, 
development, delivery and post -launch operational assessment and modification 
of new products and solutions. She leads work across our product team to unite 
customer requirements with technical solutions to deliver thoughtful and 
practical solutions, creating transformative, intuitive solutions that increase 
transparency and trust through supply chains.  
 
 
  
 
DIGITAL CAPABILITY EXPERTS  
Biographies   
 
 
 Dr R oozbeh Derakhshan, Director, DKE Company  
Roozbeh Derakhshan has worked at the forefront of industry in data science and 
analytics, software development and data management for more than a decade 
as a consultant, developer, and researcher for global IT companies and top -tier 
universities. He is an  expert in real -time analytics. Over the years he has 
combined technical and scientific knowledge with management and leadership 
skills. Dr Derakhshan has previously worked for Accenture, SAP and IBM and led 
large scale international projects managing tech nical and non -technical staff 
delivering software solutions . 
 
 Professor Bronwyn Harch  
Professor Bronwyn Harch is an applied statistician with 22 years’ experience 
leading and undertaking research focused on the nexus of agricultural and 
environmental systems. As the former Deputy Vice -Chancellor (Research & 
Innovation) and Vice -President (R esearch & Innovation), Professor Harch was 
responsible for enhancing the University’s performance and reputation in 
research and innovation, research training, and research and innovation 
collaboration with external stakeholders, nationally and internation ally. Before 
joining UQ in July 2018, Professor Harch was Executive Director of the Institute 
for Future Environments at Queensland University of Technology (QUT). She 
was also the establishment Research Director of the Australian Government 
Cooperative Re search Centre on ‘Food Agility’ – a transdisciplinary partnership 
with industry aimed at growing the agrifood sector’s comparative advantage 
through digital transformation. Prior to joining QUT in 2014, Professor Harch 
worked for 18 years as a researcher a nd research strategist at the 
Commonwealth Scientific and Industrial Research Organisation (CSIRO). Her 
own research has focused on the statistical design of landscape -scale sampling 
protocols and monitoring programs, as well as the statistical modelling o f 
complex systems, particularly agri -environmental systems. She has developed 
transdisciplinary research; engagement and commercialisation strategies; and 
partnerships with  state and federal governments and their agencies, Australian 
and multinational comp anies, and other research organisations.  
 
 
"
11  - AIDCC National Security.pdf,"AIDCC National  Security Risk Assessment 
Plan 
There are three primary risks to be concerned about when considering the role of the ARM Hub in 
relation to national security, as outlined below.  
Export Controls  
Risk 
Export controls restrict  the transfer of materiel or information in controlled categories to foreign 
entities . There are several treaties and policies that define these categories  in Australia, which 
include conventional arms, nuclear material, and chemical or biological weapons and their 
precursors. Foreign entities can be defined as companies in foreign nation states or foreign persons 
living within Australia. There may be differing restrictions for different foreign entities. E xceptions to 
these restrictions can  only  be granted  by the Australian Government . 
In the case of international collaboration, other governments may impose their own export 
regulations (such as the ITAR regulations in the United States) on any projects that operate across borders, and these may surpass the restrictions under Australian law.  
Violating these controls deliberately or otherwise can have extremely severe consequences for companies and individuals.  
Considerations  
• Extremely severe legal and financial consequences  for violations of export controls  
• Cost of isolating project teams from others  
• Cost of implementing export controls office  
• Delays in communications caused by checks  
Mitigation  
The first mitigation is to limit dealings with foreign individuals to an absolute minimum on projects 
that require s uch precautions . Where practical, teams assigned to these projects should be isolated 
physically and digitally from others. This minimises the potential for any leaks through other 
mitigations .  
Secondly, an export controls office should be established to check all outgoing communications from 
teams  handling sensitive material and perform regular audits of all communications . This office can 
also maintain  training programs to educate individuals about the risks and responsibilities involved 
in working with sensitive material.  
Foreign Interference 
Risk 
Foreign interference refers to decisions and actions undertaken on behalf  of a foreign entity that are 
contrary to A ustralian interests.  The types of  actions  considered interference  and the responsibilities 
of organisations  to mitigate them  are specified  under Australian law . The potential  scope of these 
actions is quite broad  and can range from influencing staff opinio ns on strategy due to foreign 
funding opportunities  to doing  business with any  individuals or companies listed on DFAT’s 
Consolidated List of financially sanctioned entities.  There can be significant legal and practical consequences to organisations that s uccumb to foreign 
interference, although the specifics  may be unique in each case , but by definition, Australia’s 
interests are harmed in the process .  
Considerations  
• Practicality of exhaustive monitoring and policing  
• Necessity of exposure to foreign businesses and organisations  
• Cost of vetting foreign research and business partners  
• Wide ranging consequences for the organisation and Australia 
• Reliability of individual training and opportunity selection policies  
Mitigations 
For a research and collaboration focused organisation, there is little chance of eliminating 
interactions with foreign entities , and the  chance of any organisation  exhaustively monitoring all 
communications  for influence  and policing decision making would be near  none.  For this reason,  
many universities, including ARM Hub partners JCU and UQ, have developed extensive, tailored  
plans to address  this issue , these plans can be used as a guide to develop  internal guides  at any 
organisation looking to do such wo rk. 
These plans  include mitigation concepts like decentralising responsibility, reducing the risk of an 
influenced employee can affect policy undetected , and introducing vetting processes which check 
potential business partners for issues like their presen ce on  sanction lists.  As this is a continuously 
evolving challenge, dedicated staff should be assigned to develop and maintain specific action plans 
for each business unit .  
Technology Transfer  
Risk 
When dealing with suppliers in or beholden to foreign countries, there is a risk that any information 
shared with that supplier may be transferred to that country, risking a loss of control over the intellectual property. This risk often emerges when manufacturing is outsourced, exposing the 
design an d critical manufacturing data to another party.  
The consequences ca n range from a  small off- brand  competitor emerging in a foreign market, with 
limited legal redress options, to a hostile capture of all existing markets by larger, better resourced competit ors. 
Considerations  
• Viability of the product without foreign capabilities  
• Amount of inherent value in the intellectual property exported  
• Flexibility of the product design  
• Costs o f staffing supplier vetting and export control roles  
Mitigation  
The best way t o mitigate the risk of technology transfer is of course to not export it in the first place, 
but even in this case, local suppliers may leak the technology through their own  unreliable supply 
chains, especially if the significance of the technology is not adequate communicated to them . In 
many  cases, a product would simply not be viable without some degree of overseas capability being 
involved, so some risk must be assumed.  A common  practical method of mitigating this risk is to separate the design of any o utsourced 
product into several functional parts, where the low -complexity parts are outsourced, and the high -
complexity parts are manufactured locally, with focused secrecy. Since only the core component 
needs to be secured, and it is manufactured locally,  the overall cost of maintaining secrecy and 
control over the IP is far lower than trying to lock down the entire project.  
This approach makes the defensive assumption that all outsourced parts will eventually be 
transferred but lowers their effective valu e by keeping the core dependency in -house. The approach  
also relies on the product being able to be broken down into such parts (or reengineered to do so), 
and that the core dependency has a sufficiently high complexity that it cannot be quickly cloned. It  
also introduces additional manufacturing and integration costs in the local jurisdiction, which may 
defeat the purpose of outsourcing to begin with.  
This dependency approach, combined with supplier vetting, strong NDA contracting, and dedicated 
export control staff can greatly reduce the incidence of technology transfer , without requiring all 
manufacturing to be completed locally . 
 
 "
17  - AIDCC ARM HUB - Case Studies.pdf,"NEW FUNDING LEVERAGED
2022 –$825,000 from the Smart Foundry ProgramOUTCOMES 
Since working with ARM Hub staff and implementation of the IMCRC grant,  
between 2017 to 2022 UAP has measured the following impact:
Increased AU Sales 148%  
from $16.2M to $40.3MIncreased Global Sales 89%  
from $44.1M to $83.7M
1 digital spinout company,  
THE FARM launched 2022Projects engaged with industry 4.0 
capabilities expanded from 5% of UAP 
projects in 2016 to 80% in 2022
STAFF OFFICES
125 staff in Australia, representing 52% 
increase since commencing 4.0 journeyChengdu in China  (NEW)
Riyadh (NEW)
Los Angeles (NEW)
Sydney and Melbourne  
 (OFFICES EXPANDED)RE-SHORING OF PROJECTS
2022 sales of $40.3M will see only $735K 
imported from global workshops  
Without 4.0 transformation, $15.3M would 
have been fabricated offshore
Case Study | UAP | Urban Art Projects
Transforming a bespoke Brisbane-based art  
fabricator to AI-enabled advanced manufacturing.
ABOUT:
UAP is a global company that collaborates with artists, architects, designers, and 
developers to bring uncommon creativity to the public realm and expert resources 
to creativity. Founded in 1993, UAP is headquartered in Northgate, Brisbane, at a 
5000-square-meter space formerly used for train fabrication. 
The award-winning company is recognised as a global leader in public art and 
architectural design solutions and is driven by a diverse team with the core skills of 
curatorship, design, project management, fabrication, and construction. UAP works 
across all parts of the creative process: from commissioning and curatorial services, 
concept generation and design development, right through to engineering, fabrication, 
and installation.
DIGITAL TRANSFORMATION RESULTS:
ARM Hub staff worked closely with UAP to transform the bespoke 30-year-old Australian 
design studio, manufacturer, and foundry from traditional manufacturing to advanced 
manufacturing, enabling the company to maintain its global leadership in delivering 
public art and large-scale projects.
The journey began in 2017, following a $50K Innovations Connection grant that enabled 
ARM Hub staff to be embedded in UAP operations and identify technology adoption 
opportunities. This initial work helped leverage $8M in funds in R&D funding for UAP.
ARM Hub staff worked with UAP over four years to develop robots that ‘could see’ and 
were capable of processing spatial information to make decisions, which significantly 
improved the mass customisation capabilities of robotic manufacture. 
This collaboration has helped UAP to dramatically increase the company’s 
competitiveness, expand its unique capabilities in the global market, take advantage 
of changed global trade conditions, and boost its ability to re-shore its global 
manufacturing to the flagship workshop in Brisbane.
INNOVATION: 
• Development of complex computer vision enabling robots to make decisions based 
on spatial awareness
• Automation of activities such as fettling and polishing, and 3D printing. 
• Using augmented reality (AR) and virtual reality (VR), UAP staff were also able to 
digitise the entire design to manufacturing process – including welding and quality 
assurance – to dramatically reduce design to manufacture time. 
• UAP have used their 4.0 digital skills to create a unique spin-out digital consultancy, 
FARM, with global prospects.
2017 2020 2022
CONTINUOUS INVESTMENT IN R&D
UAP , QUT , RMIT (and subsequently the ARM HUB): 
identify & develop application for 3-year IMCRC  
Project on Robotic Vision for Mass CustomizationJuly 2017 IMCRC Robotic  
Vision project commences  July 2020: IMCRC Robotic  
Vision Project completed UAP continues to collaborate with the  
HUB for technology adoption opportunities
INCREASED INVESTMENT IN INDUSTRY 4.0 TECHNOLOGY
INDUSTRY 4.0  
CAPABILITY GROWTHKUKA robotic arm for milling KUKA robotic arm for milling KUKA robotic arm for milling
KUKA robotic arm for additive  
manufacture (3-D printing)KUKA robotic arm for additive  
manufacture (3-D printing)
VR capability for pattern-making in virtual space VR capability for pattern-making in virtual space
AR (Augmented reality) for manufacturing processes AR (Augmented reality) for manufacturing processes
SMART FOUNDRY: implementation complete August 2022 
UR10 (x2) Polishing Bay:  
implementation by September 2022 
Robotic Plasma Cutting: Testing by Oct 2022
Robotic Drilling: Testing by Oct 2022
INCREASED COMPETITIVENESS MEANS INCREASED EMPLOYEES 
EMPLOYEE  
GROWTH 82 STAFF AU 125 STAFF AU85 INCREASING TO 125 STAFF AU 
*reduced due to COVID impact but expected  
to recover to pre COVID numbers (greater  
than 125) based on current order book. 
145 STAFF GLOBAL 252 STAFF GLOBAL 273 STAFF GLOBAL
INCREASED COMPETITIVENESS MEANS INCREASED SALES
SALES  
GROWTH$16.2M  Sales Australia $18.2M Sales Australia $40.3M Sales Australia
$44.1M  Sales Global $64.2M Sales Global $83.7M  Sales Global
DECREASED REQUIREMENTS TO IMPORT FROM GLOBAL WORKSHOPS 
RE-SHORING FROM  
GLOBAL WORKSHOPSImport $ value from  
Global workshops 38%  
of total AUS revenue. Import $ value from  
Global workshops  
5% of total AUS revenue.Import $ value from  
Global workshops  
2% of total AUS revenue.CASE STUDY: UAP Industry 4.0 TransformationTransforming industry through advanced manufacturing and robotics.The invention and development of an AI and IoT enabled, remote-controlled 
load-management system, eliminating the need for human held tag lines on 
suspended loads.CASE STUDY
VERTON AUSTRALIA PTY LTD
2017 2016 2018 2019 2020 2021$100K$22K$588K$534K$268K
Commercialise 
technology Rapid Product 
Progression2yr Research 
ProjectGlobal scale-up
Venture Capital 
Investments Windmaster Product 
developmentTECHNOLOGY ADOPTION  
& INVESTMENT JOURNEY
R&D grant support has led to venture 
capital investment & global success.
RESULTS
Following the successful design, engineering, prototype and 
manufacture of their first remote-controlled, load-management 
system, in 2017 Verton engaged ARM Hub, the Innovative 
Manufacturing CRC (IMCRC) and QUT to further their product 
development.
Collaborating with ARM Hub experts grew into Verton 
becoming the first resident company within the Hub’s 
Northgate Learning Factory. There, Verton pursued R&D  
and accessed expertise to inform the integration of software, 
robotics, control systems and artificial intelligence.
Technologies applied:
• Inertial sensing systems
• Closed-loop control systems
• Computer modelling and simulation
The innovations within the heavy lifting industries captured the 
interest and investment of global venture capitalists, increasing 
the value of their products, and contributing to the industry’s 
technology uptake.
These successes paved the way for further innovations that 
would meet the unique demands of wind energy infrastructure, 
resulting in the development of a new product, The Windmaster. 
This new system contributes to both the erection of wind 
turbines and maintenance, increasing the longevity of 
sustainable energy infrastructure.Since engaging with ARM Hub, 
Verton has achieved significant 
growth. Here are some highlights:
13new jobs
$1.5 
millionin R&D  
investments
17Verton R-Series 
deployed 
globally
8countries using  
Verton 
technologies
3offices opened 
globallyPROJECT COLLABORATORS
armhub.com.auABOUT VERTON
Verton Technologies Australia Pty Ltd reinvented heavy-lifting 
operations with their world-first range of remote-controlled load-
management systems. 
Their R-Series system uses revolutionary gyroscopic technology 
creating output torque and precision rotation that supports the 
full weight of suspended loads. The system eliminates inefficient, 
costly, and unsafe practices in lifting, to deliver safer, faster, and 
smarter crane operations. 
From multi-national port operations to the installation of wind 
turbines on the North Sea, this Queensland based SME is 
transforming heavy lifting infrastructure globally with safety, 
productivity and sustainability outcomes. Verton has contributed 
to the continued successful installation of wind turbines across 
the globe, creating direct benefits towards sustainable future 
goals and contributing to global value chains.EMERGING INNOVATIONS
The high-value AI-enabled units not only 
optimise crane operations but have created 
real market advantages for Verton by delivering 
market intelligence, system and task alerts, and 
product improvement insights.
Now embarking on its next phase of innovations, 
Verton seeks to incorporate further computer 
vision technology to actively detect problems, 
cementing competitiveness. OPPORTUNITY
To meet market demand and increase product 
development, Verton needed to access 
leading AI, data science and robotics expertise, 
more space to enable the scaling up of their 
manufacturing capability, and facilities to 
increase testing capacity. 
Accessing ARM Hub created the opportunity to 
utilise the research and development strengths 
in Australia to grow and evolve their products, 
taking advantage of the latest advancements in 
technology.APPROACH
Collaboration – The Verton team, with ARM 
Hub and QUT’s network of robotics and AI 
experts, demonstrated research and industry 
joining forces to adopt advanced manufacturing 
capabilities and increase competitiveness.
Expertise – ARM Hub and QUT’s technical 
experts worked with Verton to enable the 
application of scanners, cameras, and sensors, 
facilitating the production of the remote-
controlled and fully autonomous system.Testing – During COVID-19, Verton used their 
space at the ARM Hub Learning Factory, to 
execute 7 full-scope product tests as well as 
develop and test new products.
Innovation – Maximising the ARM Hub’s space 
and services, Verton continued to innovate 
its product offering and developed the next 
generation of its remote-controlled products. CASE STUDY
VERTON
PROJECT COLLABORATORS
Verton Australia Pty Ltd, ARM Hub, IMCRC, QUT, Advanced Manufacturing Growth Centre (AMGC), 
Queensland GovernmentTransforming industry through advanced manufacturing and robotics.RESULTS
With great success from a design to manufacture process with 
collaborators ARM Hub and QUT, Voltin’s original innovation, the 
AutoBAT, has evolved from prototype to commercial production 
model with full CASA approval. The AutoBAT is currently being 
used on commercial and residential towers and AutoBAT 3.0 is 
now in development.
Voltin’s ground-breaking data analysis of buildings and 
infrastructure provides new, safer, more accurate, and more 
cost-effective assessments of building information integrated 
with modelling capabilities. The detection of defects and 
improvements on building façades not only improves safety  
but also generates demand for work from additional industries. 
Through a workshop processes, Voltin made enhancements 
to their original prototype. The AutoBAT 2.0 boasted advanced 
features including Design, prototype and development of a world-first AI-enabled building façade 
inspection system, capturing the dangers of defects invisible to the human eye.CASE STUDY
VOLTIN
DESIGN TO MANUFACTURE JOURNEY
2020 2021$75k
Investment in design 
to manufacture
Launch at  
ARM Hub 2022Prototype testing 
& inspectionsCommercial Operations$50k ARM Hub  
SPRINTS project 
Production Model 
Complete & TestedSystem Testing
CASA approval
Sensor & software 
control developmentISO Certifications 
9001, 14001, 45001Design 
Finalisation
Since their launch at the 
ARM Hub in 2020, Voltin  
has achieved significant 
growth, including:
With a $50k ARM Hub SPRINT project Voltin are now developing 
AutoBat 3.0. The system will deploy a single sensor system with 
AI for sensor fusion to accurately identify salient features within 
the robot’s field of view.• Propulsion stabilisation
• Anti-collision sensors
• Artificial Intelligence technologies
• Digital data capture and 
geo-location• Thermal and RGB image 
comparison
• Automated winch/boom controls
• Defect Analysis Imagery
• Software remote control systems1new product 
to market
7new staff  
by 2023
800%forecast 
growth to 
2023
3international 
standards 
certifications
200%increase in 
employeesPROJECT COLLABORATORS
TEXT
armhub.com.auABOUT VOLTIN
Voltin, a new Brisbane-based SME and spin out of Bells Property 
Inspections and Maintenance, developed a new technology for 
inspecting high-rise building façades. Voltin’s AutoBAT system 
automates the recording, evaluation, and reporting of building 
façade defects, significantly transforming traditional methods  
of inspection. 
The AutoBAT, an artificial intelligence (AI) engine, can be operated 
safely from the ground to accurately locate and identify defects 
and anomalies (e.g., peeling paint, watermarks, surface cracks, 
corrosion) and automatically generate inspection reports.
Drone use is highly regulated and limited in populated areas and 
controlled airspace, rendering drone use for remote inspection 
infeasible. Voltin’s innovative façade assessment system is 
capable of high-resolution visual data capture for high rise 
buildings in dense population areas, employing the best of 
traditional inspection methods and advancing technologies.EMERGING INNOVATIONS
On the cusp of rapid growth with interstate and 
international expansion on the horizon, strong 
registration of interest and a developing pipeline 
of work is securing Voltin as trusted innovators. 
With AutoBAT 2.0 expanding on the original 
features to implement artificial intelligence into 
the product, Voltin plan to release AutoBat 3.0 
with AI technologies for sensor fusion this year. OPPORTUNITY
For 12 years, Voltin has been providing 
specialised building inspections, they recognised 
that an autonomous device operating in the 
urban environment could change the way 
their business and the industry operate. With 
aspirations to achieve the versatility of a drone, 
without the limitations of air traffic approvals, a 
unique combination of mechanical, electronic 
systems and a synchronised software controller 
was the solution.Innovation – Voltin’s AutoBAT innovation  
reduces the laborious and sub-optimal  
process of traditional man-powered rope  
and gantry inspections with the tethered  
drone and vision systems.
Investment – Voltin invested with ARM Hub  
to define the design to manufacture 
requirements for a new façade inspection 
product and is proceeding with an second 
project to refine its AI and visions systems  
for ease of customer use.Collaboration – Through ARM Hub, Voltin 
were able to tap into the expertise of industrial 
designers, data scientists and engineers at QUT, 
allowing for product development to continue 
with additional advice about drones, CASA 
and aerospace science. Voltin continues to 
collaborate with ARM Hub in 2022.
Testing – Testing in the prototyping phases 
allowed Voltin to improve the AutoBAT before  
it reached commercial operation, allowing Voltin 
to maximise data capture and expand services.APPROACHCASE STUDY
VOLTIN
PROJECT COLLABORATORS
Voltin, ARM Hub, QUT, Queensland Government"
20201124 Sun Metals Quote 30 Nov.pdf," 1  Sun Metals Industry 4.0 Digital T ransformation  
 
Sun Metals’  program of work addresses the digital transformation priorities 
for its zinc refinery operations.  The three projects to be delivered are:  
 
1. Mapping the Grab Crane  
2. Co-creation of Digital Dashboard for Operator Handover  
3. Slurry Contamination Quality Assuran ce System  
 
Submitted To  Mark Pope Client  Sun Metals Pty Ltd  
Phone  0478 779 553  Email  mark.pope@townsvillelogistics.com.au  
Submitted By  Cori Stewart  Company  ARM Hub  Ltd 
Phone  0400 404 803  Email  cori.stewart@armhub.com.au  
 
Purpose  
 
Sun Metals ’ Industry 4.0 strategy is transitioning the company’s  zinc refinery  from a traditional to 
an advanced manufacturing  operation. Core to Sun Metals’  strategy is  embedding  advanced 
robotics and automation capabilit ies and the end goal is  the implementation of a  digital twin that 
improves  decision -making  and optimis es operations.  
 
The three identified  projects are  essential to establishing the ongoing digital transformation 
capability of Sun Metals. Each project will deliver  immediate outcomes for Sun Metals while 
establishing the knowledge , training  and the collaborative relationships  able to support  a 
comprehensive  Industry 4.0 digital transformation journey.  
 
Approach  
 
The ARM Hub, and our partner  research institutions, are taking a collaborative  and long -term 
approach to  assisting Sun Metals meet its digital transformation needs.  
 
Our first three projects detailed in this document will be contract ed for delivery through the  ARM 
Hub. It is possible for the three projects to run concurrently . The projects  cost $736,200 including : 
1. Mapping the Grab Crane . $176,000, ~3 month project  
2. Co-creation of Digital Dashboard for Operator Handover . $327,4 00, ~8 month s project   
3. Slurry Contamination Quality Assurance System . $232,80 0 (Stage 1 - $88,929 and Stage 2 - 
$143,87 1), ~4 month program  
Capability  
 
The ARM Hub is an independent not -for-profit company with a mission to accelerate the adoption 
of advanced manufacturing in Australia. We are supported through public and private investment.  
 
The Hub builds  expert teams across technical , design  and business  fields to solve industry’s 
industrial transformation challenges. Our experts are selected for their expertise and experience 
in key fields and are drawn from a range of leading scientific and research organisations  as well as 
smart technology companies . The experts provide independent advice and  services within a 
transparent contracting process.  
  
 2 Participating Research Institutions  
 
 
 James Cook University (JCU)  conducts nationally significant 
and internationally recognised research and applications in key 
fields, among them is its pioneering work in Internet of Things  
(IoT).  
 
 
 
 Queensland University of Technology  (QUT) is one of 
Australia’s leading technology universities recognised for 
meeting the challenges faced by the real world, both globally 
and closer to home. It is ranked as Australia’s top robotics 
university.  
 
 
 Commonwealth Scientific Innovation Research  Organisation 
(CSIRO ) is Australia’s national science agency  and has been 
solving the nation’s greatest challenges with solutions from 
science for over 100 years . With  strengths in  data science and 
robotics they are trusted advisors to government and 
business.   
 
ARM Hub Experts  
  
 
 Prof essor  Jonathan Roberts, Technical Director, ARM Hub  
and Professor in Robotics at Queensland University of 
Technology (QUT). Jonathan an esteemed career covering  
robotics, design robotics and medical robotics. Before joining 
QUT, Jonathan was the Research Director of CSIRO’s 
Autonomous Systems Laboratory where he developed and 
delivered a range of autonomous systems for the resources 
industry.  
 
 Dr Elliot Duff, CSIRO has been involved in the area of field 
robotics for more than 20 years in particular the development 
of sensing systems that allow machines to operate 
autonomously in hostile and unstructured environments. For a 
number of years,  he led the robotic perception team with 
interests in localisation and mobile mapping in GPS denied 
areas. Today he is overseeing a number of emerging markets 
including special intelligence and the industrial internet.   
 
 
 
  
Professor Richi Nayak , QUT  has over 20 years of experience in 
machine learning and data mining and was awarded the 2016 
WiT (Women in Technology) Infotech Outstanding 
Achievement Award for exemplary service to the field of Data 
Analytics. Her research focuses on the exploration of data 
mining and machine learning theories to real -world problems. 
She has worked with international, national and government 
agencies to provide consultancy in data science domains.   
 3  
 
 
  
 
Dr Dan Christie Head of Engineering, JCU  is responsible for 
Engineering research and teaching & learning activities  at JCU . 
Daniel is an experienced engineer, innovator, business leader 
and project manager able to combine  his strong technical 
background with business and management skills. Daniel has 
extensive experience across domains of asset management, 
reliability & maintenance , and Industry 4.0  through both 
industry experience and research. Dani el has worked  in the 
minerals processing and handling sector involving operator 
control system upgrades with a goal of operational excellence.   
 
 
 Dr Chris Lehnert  QUT is a member  of the  Robotics and 
Autonomous Systems group at QUT  with extensive expertise in 
machine learning using vision systems . Chris  currently 
develops novel methods for robotic manipulation in real world 
and challenging environments. A particular focus  of his 
research has been on enabling robots to perform auto nomous 
harvesting operations in horticulture. He is currently  working 
on real-time digital systems that develop robotics and smart 
technology for vertical and indoor protected cropping.  
 
 Dr Md Abul Bashar  QUT  is an expert in Data Mining, Machine 
Learning, Deep Learning and Artificial Intelligence. He is 
currently working as a Data Science Research Associate at the 
School of Computer Science  QUT . He works on projects that 
conduct impactful theoretical research and real -life 
applications. He has worked on several projects funded by the 
Australian Research Council, Government and private 
organisations. These projects have made a practical impact in  
the data science community and industry.  
 
 
 
 David Hedger, Head Project Services, ARM Hub  is a 
mechatronics engineer  who se has expertise in  field robotics 
and safety in industrial automation. Before joining the ARM 
Hub, David worked as a Robotics Engineer at Carnegie Mellon 
University’s National Robotics Engineering  Center  in 
Pittsburgh , US. There, he worked on full -scale robotics 
prototypes for various aerospace, logistics, and government 
organisations. David also assisted in the delivery of prototypes 
of self -driving vehicles, safety and interface systems for 
autonomous civil engineering projects, and industrial 
automation systems.   
 
 
 
 4  
 
  
Amelia Luu, Engineer , ARM Hub  is a Mechatronics Engineer 
currently working in robotic manufacturing. She is passionate 
about mass customisation,  biofabrication  and robotics. Her 
current work is on the Design Robotics project which is a 
partnership between  QUT , RMIT and UAP where she is 
developing advanced solutions for industry using collaborative 
robotic arms: reducing the dull, dirty and dangerous tasks in 
the manufacturing process.   
 
 
 
  
Associate Professor Cori Stewart , CEO  ARM Hub  brings 
extensive experience in  developing large -scale partnerships 
between industry  and research institutions . Cori brings the 
strategic expertise and professional relationships that enable 
the ARM Hub to  deliver high -value , sustainable  digital 
transformation for companie s. 
  
Cori won the 2020 WiT ( Women in Technology ) Technology  
Leadershi p Professional  Award.  
 
 Samuel Jesuadian, COO ARM Hub  is the Chief Operating 
Officer for the ARM Hub and have significant experience in 
Executive Operations, Finance and Project management. 
Samuel will be managing  the technical and project 
management team for Sun  Metals’ projects and is responsible 
for all the contracting needs and financial reporting.  
 
 
 
Project Description  
 
 
Project 1: Mapping the Grab Crane: step one to wards  full automation  
 
Total Project Cost - $176,000  
  
The objective  of adding mapping capability to the grab crane is to significantly increase the 
consistency and quality of the product, which currently has a variance of ~10%.  
 
The outcome  of the project is a laser material reconciliation system.  
  
The mapping capability  of the grab crane will:  
- Identify precisely how much of each input material is in each grab  
- Allow for better mixed blends in each hopper  
- Give an accurate reconciliation of consumed materials  
 
 5  
The technologies  involved will be laser scanning and point cloud stitching, paired with data 
visualisation and analytics. The technology will provide both a consistency upgrade to the current 
blend process and serve as a rich data source for a complete automation project in the future . 
 
Sun Metals staff required to support the project include:  
- Make Pope, project approval  
- DK Choi, to coordinate access to staff and review  project stages   
- Chis Doble, operational expert  
 
ARM Hub team engaged in the project include:  
- Professor J onathan Roberts  
- Dr Elliot Duff  
- David Hedger  
- Amelia Luu   
 
Project 2: Co-creation of Digital Dashboard for Operator Handover  
Total Project Cost - $327,4 00 
 
The objective  of this project  is to  lift the visibility of operational decision making by creating a  
digital dashboard to support an evidence -based decision -making at shift  handover in the zinc 
refinery . Sun Metals staff will be involved in this process as operational  experts and through this 
process will receive on -the-job upskilling opportuni ties in data capture, reporting and 
management.  
 
The outcome  will be a n incrementally developed and tested  digital dashboard for Shift Operators 
use in the shift handover process.   
 
The dashboard will : 
- Identify relevant data for operator  handover  
- Contrast  historical and new data verify ‘problems’ using evidence -based data  
- Incrementally test dashboard reporting systems at key operator handover sites  
- Be an innovation accepted by Operators who have co -created and verified the data  
- Be a  software program that is robust and user friendly, report ing information  that can be  
interactive  if desirable . 
End product technologies  are likely printed reports and/or digital screens (i.e. TV) or ipads.  
 
Sun Metals staff required to support the projec t include:  
- Make Pope, project approval  
- DK Choi, to coordinate access to staff and review at each project stage  
- Shift Operators and Data Management staff selected for participation  
ARM Hub team engaged in the project include:  
- Professor  Richi Nayak , QUT  
- Dr Dan Christie , James Cook University  
- Dr Md Abul Bashar , Data Scientist, QUT   
- TBC, Software Engineer, ARM Hub /QUT   
  6 Project 3: Slurry Contamination Quality Assurance  System   
 
Total Project Cost  - $232,800  (including Stage 1  - $88,929  and Stage 2 - $143,87 1) 
 
The objective  of this project is to avoid slurry contamination that disrupts production and reduces 
product quality.  
 
The outcome  of this project is a sensing  system that shuts down the pump and send s an alert to 
operators.  
 
The sensing system will be delivered in two stages . Stage 1 will determine the technology and 
development process to be applied.  Stage 2 provides an estimate only  for the purposes of this 
quote and will be confirmed at the completion of Stage 1.  
 
Stage 1:  Test  a com puter vision as well as  physical sensing system t rained on operating data  to 
identify change from smooth to slurry, or smooth to texture d 
Stage 2:  implement most successful technology and process, setting  up a system to trigger a 
pump shutdown and  send an  alert to operators  
 
The technologies  involved will be a c ameras or electromagnetic sensors , machine learning  
classifiers and a database system.  
 
Sun Metals staff required to support the project include:  
- Make Pope, project approval  
- DK Choi, to coordinate access to staff and review  project stages    
ARM Hub team engaged in the project include:  
- Professor Jonathan Roberts  
- Dr Chris Le nhart  
- David Hedge r 
Project Cost  
 
Project 1: Mapping the Grab Crane: step one to full automation  
Item  Cash  In-kind  
Technical Expertise    
ARM Hub  $63,389   
QUT  $63,990  $7,200  
CSIRO  $30,000   
Project coordination    $14,4 00 
Facility   $2,500  
Project Management  $5,000   
Travel  $6,15 7  
Accommodation & Food  $7,464   
Sun Metals Contribution (Software&Hardware)  $75,000   
Total In Kind   $24,100  
Total Project Value  $275, 100 
Total Project Cost (Sun  Metal) $176,000  
 
Notes: Software and Hardware costs  will be paid  by Sun  Metals. The estimated cost of hardware 
and software to Sun Metals is $75,000 . 
  7  
Project 2: Co-creation of Digital Dashboard for Operator Handover  
 
Item  Cash  In-kind  
Technical Expertise    
ARM Hub  $139215   
QUT  $91008   
JCU $69120   
Project coordination   $14,400  
Facility   $3,300  
Project Management  $5,000   
Travel  $22,050   
Accommodation & Food  $1,007  
   
Total In Kind  $17,700  
Total Project Value  $345,1 00 
Total Project Cost (Sun  Metal) $327,4 00  
 
Notes: Sun Metals will need to take the proof of concept dashboard and integrate it into the 
organisations ’ IT system. Sun Metals is required to  purchase software and hardware for ongoing 
support of the dashboard  with recommendations provided by ARM Hub.  These expenses are not 
included in the quote and will need to be met by Sun Metals.  
 
This project will require selected Sun Metals staff to faci litate access to data, work on the data as 
part of an upskilling program, and to attend fortnightly meetings.  
 
 
Project 3.1  Slurry Contamination Quality Assurance  System  – Stage 1   
 
Item  Cash  In-kind  
Technical Expertise    
ARM Hub  $14,828   
QUT  $38,441   
   
Project coordination   $7740  
Equipment  $25,000   
Project Management  $1,000   
Travel  $5,100   
Accommodation & Food  $4,560   
   
Stage 1: Total In Kind  $7,740  
Stage 1: Total Project Value  $96,669  
Stage 1: Total Project Cost (Sun  Metal) $88,929  
 
 
 
 
  8  
Project 3.1  Slurry Contamination Quality Assurance  System  – Stage 2   cost estimation  only  
 
Item  Cash  In-kind  
Technical Expertise    
ARM Hub  $14,828   
QUT  $80,928   
   
Project coordination   $7740  
Equipment  $25,000   
Project Management  $5,000   
Travel  $9,000   
Accommodation & Food  $9,114  
   
Stage 2:  In Kind  $7,74 0 
Stage 2: Project Value  $151,61 0 
Stage 2: Project Cost (Sun  Metal) $143,87 1  
 
Total Project 3  (Stage 1 & Stage 2)  
 
Total In Kind  $15,480  
Total Project Value  $248,279  
Total Project Cost (Sun Metal)  $232,800   
 
Notes: The software and hardware requirements for completion of this project will largely be 
drawn from equipment required in Stage 1 and Stage 2  of the project .  
 
Sun Metals may be required to provide additional hardware or software for integration purposes  
that has not included  in this above budget.  
 
 
 
 
 
 
 
  "
20210113_Mega Event CRC Concept Presentation.pdf,"CRC for Mega-Event InnovationsConcept –As of 13 January 2021
OUR VISIONTo create enduring business networks, expertise and cutting-edge technologies that provide spectators, visitors and the community with an outstanding and memorable experience.
OUR MISSION
To position Australia as aglobal leader in the hosting mega-events andexporter of solutions, the Mega CRC will:•EXPLOITthe 2032 Olympics & Paralympics to showcase Australia's capability•LEVERAGEthe calendar of events in the lead-up to test and demonstrate solutions•CO-CREATEinnovative solutions with organisers, sports, athletes, technology companies and leading researchers•ESTABLISHa new export industry for Australia•PROVIDE a reference sitefor SME's to better access the procurement processCALENDAR OF EVENTSAustralia is also hosting or bidding for:•2022 Men’s ICC T20 World Cup(160M viewers)•2022 Women's Basketball World Cup (100M)•2023 Women’s FIFA World Cup (1.1B)•2026 Commonwealth Games (1.5B)•2027 Rugby World Cup (860M)•2029 World athletics championships (95M)•2030 Men’s FIFA World Cup (3.5B & 1.5M visitors)In addition, Australia is home to:•Australian Tennis Open (400M)•Australian Formula 1 Grand Prix (80M)
OUR IMPACTBrisbane, Queensland and Australiacanharnessthese events to:•Win more events in the future–build an identifiable & sustainable competitive advantage in delivering mega-events•Export our capability–earn export income on events hosted elsewhere•Build our brand–showcase our culture,attractions & businesses through digitally enhances engagement & immersion•Secure the legacy–maximise the social, cultural, economic & environmental benefits of hosting mega events
OUR FOCUSMEGA CRC’s solutions will focus on delivering:•The most engaging, rich & memorable visitor experienceever•A deep connection with our culture, places & attractions•The safest & most secure events•The most efficient, sustainable & best organised events in the world
PROBLEMS TO BE SOLVED•Position Australia at the very cutting-edgeof mega-event technology•Provide a collaborative mechanism to solve pre-competitive & platform issues•Reveal deep insights into consumer & spectator behaviourwhile preserving privacy and security•Provide a funding mechanismto work with SMEs•Address the critical skill constraints•Engage with the broader community to co-design accepted solutions
RESEARCH PROGRAMS(in-development)MEGA CRC’s research agenda will be developed in consultation with industry partners.RP1: REINVENTING THE EXPERIENCE–human factors,understanding the fan, mixed-reality, personalised and optimised audio, holographicexperiences, use of haptic devices, immersive built environments and stadia, digital assets,disability, access and inclusionRP2: DIGITAL TRANSFORMATION OF MEGA EVENTS –business models for data sharing, policy & legislative frameworks, platforms for seamless mass connectivity, Digital Me, metaverse data harmonisation, privacy and identity preservation frameworksRP3: PROACTIVE SECURITY, SAFETY & RESILIENCE –personal safety, proactive national security, cyber security, real-time situational awareness, energy resilience, emergency responseRP4:SYNCHRONISED, OPTIMISED AND SUSTAINABLE OPERATIONS -autonomous micro-logistics, zero carbon mobility, predictive fulfilment, operational management, share economy, human resource management, asset utilisation, longitudinal studies of impact of mega-events, sustainable event venue designs
EDUCATION & TRAININGMEGA CRC will deliver an education and training program to uplift the skills of Australia's mega-event workforce, this will include:•FUTURE LEADERS–a cohort of PhD and Masters graduates in relevant areas•SKILLED WORKFORCEPIPELINE–deliver short-courses, micro-credentials and training to the workforce in areas covered by the CRC•ENGAGED COMMUNITY–to bring thebroader community(e.g.youth, indigenous, accessibility, businesses, residents) intothe co-design & implementation of the CRCs outputs to ensure acceptance & utilisation
THE CRC PROGRAM The CRC Program supports medium to long-term collaboration between the research and industry.•Designed to improve Australia’s international competitivenessand create new jobs.•Tackle major challengesthat deliver significant economic, environmental and /or social benefits to Australian industry.•Government funding typically between $20M to $55M for each CRC, matched by equal participant cash funding.
PARTICIPANT BENEFITSBy participating in the MEGA CRC, you will be able to:•Be at the forefront of delivering global-scale events•Access to a network (private and government).•Have access to subsidisedapplied research.•Early access to talent
GOVERNANCE &  MANAGEMENT MEGA CRC will be a not-for-profit company limited by guarantee and governed by an independent board.Project agreements will be documented prior to project commencement and will outline terms such as:•Partners involved•Investment•IP ownership and commercialisationrights•Timing and milestones.
TIMING & CONTACTMEGA CRC will commence operations July 2023 and run to 2033To find out how to become a participant inMEGACRC, or formore information, contact:Professor RyanKoChair & Director -UQCyber SecurityThe University of Queenslandryan.ko@uq.edu.au+61455 110 302
"
20210305_ArrowES Proposal_v2.pdf,"Revised proposal, 5 March 2021 ; https://advrobotics.sharepoint.com/sites/armhubprojects/shared 
documents/companies/arrowes/arrowes proposal_v4.docx  ArrowES Cone Truck Safety Project , v2 
Task  
Assist the existing product engineering team in assessing and implementing the most appropriate 
functional safety measures for an automated cone laying truck.  
Details  
The client has designed and constructed an automated cone laying truck, that when loaded with traffic cones and driven at the appropriate speed, can lay the cones on the road at a pre -set interval.  
The automatic system consists of a pair of robotic gantry arms for pickin g up the cones from within 
the truck and placing them on the ro ad, or vice -versa, with a third gantry system inside the truck 
that brings cones from a stockpile to the arm robot working area.  
When deploying or retrieving cones, the gantry arms stick out fr om the side of the truck and pose 
several hazards to workers or pedestrians in the area due to their movement speed and end -
effector. Within the truck, the stockpiling gantry presents a hazard to workers loading cones and performing maintenance.  
Approach  
With the assistance of the ARM Hub, a functional safety assessment should first be conducted to 
assess where the most significant hazards lie  in the current iteration of the system . It is proposed 
that the optimal approach would be to conduct this interacti vely, with ARM Hub working closely on 
site with ArrowES’ Engineering team.  
From here, various mitigation  option s can be devised, whether it is a physical solution like 
implementing safety guarding and  sensors or changing the process and  scope to remove the hazard 
from this version of the system entirely. The mechanisms to be assessed will include both probabilistic and deterministic options. After safety, the mitigation choices will be driven by cost, schedule, and customer feedback.  Although ARM Hub will f ocus on the objective of safety in its 
assessment  and recommendations , oversight can be given to the technical team in determining cost 
and schedule implications of the options considered.   
Once the appropriate mitigations are decided, the ARM Hub can assist the client’s technical team in their design, implementation, and validation .  
Given the existing schedules of the client and the ARM Hub, this work should be limited to  a 
commitment of  130 hours . The work is proposed to be delivered in three consecu tive phases  (as 
described below in Deliverables) , with a schedule to be negotiated  and opportunity to review 
progress at each phase.  
 
Possible Considerations in Scope of Project  
• Add an explicit “STOP” state, complete with checked transitions and interlocks, to the 
system’s state machine. This will allow for greater safety in the maintenance and idling truck 
scenarios . 
• Add sensors to positively identify cones before grasping to help prevent accidentally 
“grabbing” pedestrians or workers. These sens ors would watch for incoming cones and only 
issue a grab command if a cone were detected. These systems would give a probabilistic 
result rather than a deterministic one, and so should be combined with other safety 
measures.  Revised proposal, 5 March 2021 ; https://advrobotics.sharepoint.com/sites/armhubprojects/shared 
documents/companies/arrowes/arrowes proposal_v4.docx  • Implement mode interlocks by ve hicle speed, disallowing the movement of the robot above 
or below a set range of speeds to prevent unforeseen circumstances at high speed and 
lower risks in the maintenance and idling truck scenarios.  
• Physical guarding like static or pop -out doors to preve nt collisions with the gantry arms.  
• Modelling to determine the failure modes of the system in situations like when an arm is hit by a passing vehicle. These scenarios would be aimed at uncovering unforeseen edge -cases.  
Deliverables  
Deliverable  1: Functional Safety Assessment  
An assessment of the system as it stands currently , with involvement  from the client’s technical 
team, aimed at identifying the hazards present and the most appropriate mitigation techniques . 
Expected time 40 hours , includi ng 5 site visits.  
Deliverable 2: Safety System Design  
ARM Hub assists the client’s technical team in designing appropriate hardware, software, and user 
interaction systems identified as most appropriate in the Functional Safety Assessment.  This includes 
design for systems like state machines, mechanical interlocks, and electrical enclosures.  
Expected time 60 hours , including  7 site visits.  
Deliverable 3: Safety System Implementation  
ARM Hub guides  and reviews  the client’s technical team in implementing the various  hardware, 
software, and user interaction systems designed in the Safety System Design . This includes guiding 
work like writing software, CAD/DFM , and the mechanical installation . This revised proposal  reduces 
the time on site during this stage of the project .  
Expected time 3 0 hours , including 3 site visits.  
Personnel  
The work will primarily be undertaken by  ARM Hub Head of Project Services, David Hedger. Project 
Coordination and support will be provided by Chief Operating Officer, Samuel Jesuadian.  
Assumptions  
• Given the team -based approach proposed to deliver this project, the timing and duration of 
the project will be affected by the level of access that project personnel will have to the site, automated cone truck and  the level of engagement of the ArrowES Engineeri ng team.   
• % loa d allocation of ARM Hub project personnel to be negotiated –  anticipated at approx 
50%.  This load will be significantly reduced in the third stage of the project with a shift to an 
oversight  role and reduced time on site.  
• Any hardware, software or other project equipment required for the specific purpose of undertaking the project will be provided by ArrowES. This would include office space whilst onsite, but not the provision of basic office equipment (laptop , mobile phone  etc). 
Out of Scope  
• Detailed costi ngs and scheduling implications of mitigation options . 
• Client feedback on safety mitigation options  
• Certification of solutions (e.g. by RPEQ certified Engineer)   Revised proposal, 5 March 2021 ; https://advrobotics.sharepoint.com/sites/armhubprojects/shared 
documents/companies/arrowes/arrowes proposal_v4.docx  Project Cost  
Part 1: Functional Safety Assessment  
Item  Cash  In-kind  
ARM Hub Technical Expertise  $ 6,280    
Project Coordination    $628  
Project Management  $1000    
Travel  $115    
Total In Kind  $628  
Total Project Value  $8,023  
Total Project Cost to ArrowES  $7,395 
Part 2: Safety System Design  
Item  Cash  In-kind  
ARM Hub Technical Expertise  $9,420    
Project Coordination    $942  
Travel  $161   
Total In Kind  $942  
Total Project Value  $10,534  
Total Project Cost to ArrowES  $9,592  
Part 3: Safety System Implementation  
Item  Cash  In-kind  
ARM Hub Technical Expertise  $4,710    
Project Coordination    $471 
Travel  $69   
Total In Kind  $471 
Total Project Value  $5,250  
Total Project Cost to ArrowES  $4,779  
Note:  Additional equipment and software required for the implementation of the safety systems 
will be provided by ArrowES.  
Total of 15  visits are included in the travel costs and any further travel requirements would incur 
additional costs . 
Scope  to be confirmed , scheduled  and invoiced at each stage in consultation with the client.  
If additional personnel time is required/negotiated, this would be charged at $150 per hour.  
 
 
ARM Hub Contact  
 
Melissa Nugent , Business Development Manager  
melissa.nugent@armhubcom.au  
0466 024 733  
 
 "
20211018_ARMHUB DoraHand Equipment Lease Agreement 2021_executed.pdf," 1 / 8 
EQUIPMEN T LEAS E AGREEMENT 
This EQUIPMENT LEASE AGREEMENT (this “Agreement”) is entered into 
effective as of the day of 2FWREHU (the “Effective Date”) by and between 
Dorabot Pty Ltd, a company incorporated in Australia (“Dorabot”) and $GYDQFHG
5RERWLFV DQG0DQXIDFWXULQJ +XE (the “Lessee”). Dorabot and Lessee may each
be individually referred to herein as a “Party” and collectively as the “Parties.”  
WHEREAS, Dorabot is the owner of certain Equipment described in Section 1 of this 
Agreement; and  
WHEREAS, Lessee  desires to lease  the Equipment  from Dorabot an d Dorabot  agrees 
to lease the Equipment to Lessee under the terms and  conditions set forth in this 
Agreement.  
NOW THEREFORE, in consideration of the foregoing and  the mutual covenants 
contained  in this Agreement, the receipt and  sufficiency  of which is hereby 
acknowledged, the Parties agree as follows:  
1.Equipment. Dorabot hereby leases  to Lessee an d Lessee hereby  leases from Dorab ot
that certain  equipment (the “Equipment”), as fully described in  “Exhibit A”, attach ed 
hereto and  incorporated herein by reference.  
2.Term. This Agreement shall be for a term of 90 days, which  shall commence on 
theEffective Date and  shall, unless terminated  earlier as provided  in this 
Agreement, terminate on June 20 , 2021 (the “Term”).  
3.Rental Payment. The Equipment is rented for free and Lessee will not pay Dorabot 
any rental payments. 
4.Security Deposit. To secure performance of Lessee’s obligations under 
thisAgreement, Lessee shall pay to Dorabot the sum  of 0 as a security deposit (the 
“Security Deposit”). Upon the return of the Equipment to Dorabot in good  working 
order, without damage, Dorabot shall refund  the Security Deposit to the Lessee. 
5.Maintenance. Throughout the Term, Lessee shall provide for the service, repair 
andmaintenance of the Equipment, at Lessee’s sole expense, so as to keep the 
Equipment in as good  condition, repair, appearance and  working order as when 
delivered  to Lessee hereunder, ordinary wear and  tear excepted. Dorabot may 
provide assistance in this regard upon written request from Lessee. Lessee shall, at 
Lessee’s sole expense, replace any and  all parts and  devices which may from time 
to time become worn out, lost, stolen, destroyed, damaged  beyond  repair, or 
rendered  unfit for use for any reason  whatsoever. All such replacement parts, 
mechanisms, and  devices shall be free an d  2 / 8 
clear of lien s, encumbrances, and rights of others and shall become the property of 
Dorabot and shall be covered by this Agreement to the same extent as the Equipment 
originally covered by this Agreement.  
6. Use of Equipment. Lessee shall exercise due care in its use and maintenance of the
Equipment. Lessee shall not use, and shall not permit others to use, the Equipment in 
any manner that would contravene applicable laws, rules, regulations and other 
governmental directives, would violate the terms of any manufacturer ’s or like 
warranty, or would contravene the manufacturer’s reasonable operational standards for 
the Equipment as set out in Exhibit B. If Dorabot notifies Lessee of any additional 
operational standards, Lessee shall adhere, and shall cause others using th e Equipment 
under this Agreement to adhere to  such standards in the operation of the Equipment. 
Lessee shall not alter or modify the Equipment without the prior written consent of 
Dorabot. Lessee agrees that only authorized and qualified employees of Lesse e as 
notified to Dorabot in writing  shall operate the Equipment.  
7. Permits. Lessee shall obtain all permits and licenses necessary for the installation,
operation, possession and use of the Equipment. Lessee shall comply with all laws, 
rules, regulations  and other governmental directives applicable to the installation, use, 
and operation of the Equipment and, if compliance with such law, rule, regulation or 
other governmental directive requires changes or additions to be made to the 
Equipment, such change s or additions shall be made by Lessee at Lessee’s sole cost 
and expense upon Dorabot’s written approval of the same.  
8. Feedback. Lessee may provide feedback to Dorabot about the Equipment. Unless
Dorabot otherwise agrees in writing, Lessee hereby agrees  that Dorabot shall own all 
feedback, comments, suggestions, ideas, concepts and changes that Lessee provides to 
Dorabot regarding the Equipment and all associated intellectual property rights 
(collectively the ""Feedback"") and Lessee hereby assigns to Dora bot all of Lessee’s 
right, title and interest thereto. Lessee will not knowingly provide Dorabot any 
Feedback that is subject to third party intellectual property rights. Lessee agrees to 
cooperate fully with Dorabot with respect to signing further documen ts and doing such 
other acts as are reasonably requested by Dorabot to confirm that Dorabot owns the 
Feedback and to enable Dorabot to register and/or protect any associated intellectual 
property rights and/or confidential information.  
9. Default; Remedies . If (a) Lessee shall default in the performance of any covenant
herein and such default shall continue for five days after written notice to Lessee by 
Dorabot, or (b) Lessee becomes insolvent or makes an assignment for the benefit of 
creditors, or (c) Les see applies for or consents to the appointment of a receiver, trustee, 
or liquidator of Lessee or of all or a substantial part of the assets of Lessee under any 
insolvency law or law providing for the relief of debtors, then, if and to the extent  3 / 8 
permitted  by law, Dorabot shall have the right to exercise any one or more of the 
following remedies:  
(i) To declare the entire amount of rent hereunder immediately due and payable as to
any or all items of the Equipment, without notice or demand to Lessee;  
(ii) To sue for and recover all rents, and other payments, then accrued or thereafter
accruing, with respect to any or all items of the Equipment;  
(iii) To take possession of any or all items of the Equipment without demand, notice,
or legal process, where ver they may be located. Lessee hereby waives any and all 
damages occasioned by such taking of possession. Any said taking of possession shall 
not constitute a termination of this Agreement as to any or all items of Equipment unless 
Dorabot expressly so no tifies Lessee in writing;  
(iv) To terminate this Agreement as to any or all items of Equipment; and
(v) To pursue any other remedy at law or in equity.
All such remedies are cumulative and may be exercised concurrently or separately. 
10. Termination. D orabot may terminate this Agreement at any time upon thirty (30)
days’ prior written notice to Lessee. 
11. Return of Equipment. Upon termination of this Agreement, Lessee, at its sole cost
and expense, shall promptly deliver the Equipment to Dorabot at Do rabot’s address set 
forth below. Lessee shall be liable to Dorabot for the fair market value of the 
Equipment, determined as of the date of this Agreement, unless Lessee shall return the 
Equipment to Dorabot within five (5) business days after termination of this Agreement, 
in good working order, reasonable wear and tear excepted. Lessee shall be responsible 
for any damage to the Equipment in shipping the Equipment back to Dorabot. In the 
event Dorabot provides shipping instructions to Lessee, Lessee shall comply with such 
shipping instructions.  
12. Assumption of Loss. Dorabot will deliver the Equipment on or before the Effective
Date to Lessee at Lessee’s designated address at Lessee’s cost unless agreed otherwise 
between the Parties. Lessee hereby acknowl edges and agrees that its assumption of loss 
of the Equipment shall attach upon the earlier of (i) Lessee’s receipt of the Equipment, 
or (ii) upon Dorabot’s delivery of the Equipment to a common carrier for transporting 
to Lessee (the “Equipment Acceptance  Date”).  
13. Damage. Lessee shall be responsible for any loss of or damage to the Equipment
from any cause at all, whether or not insured, from the Equipment Acceptance Date. If 
the Equipment is lost, stolen or damaged, Lessee will promptly notify Dorabot  of such 
an event . In no event shall such loss or damage relieve Lessee of its obligations under 
this Agreement. In the event of such loss or damage, Lessee, at its option, shall: (i) 
promptly repair the Equipment to return it to good working order; or (ii ) replace the  4 / 8 
Equipment with like Equipment of the same or later model (upon Dorabot’s written 
approval), in good condition and working order, free and clear of all liens and 
encumbrances and grant Dorabot the right to perfect its security interest in the 
replacement Equipment and such replacement shall be substituted in this Agreement by 
appropriate amendment; or (iii) pay Dorabot the replacement value, per Exhibit A.  
14. Indemnification.   The Lessee indemnifies Dorabot  from loss, liability, damage,
cost and expense actually suffered or incurred by Dorabot, and which arises directly 
from a breach of this Agreement or an unlawful or negligent act or omission by QUT 
in relation to the lease of the Equipment.  
15. Security I nterests in the Equipment. In no event shall Lessee assert any ownership
interest in or to the Equipment. Lessee shall not grant or permit any person or business 
entity to assert a security or other interest in the Equipment. At all times during the 
Term, Lessee shall ensure that the Equipment is identified as being owned by Dorabot.  
16. Limitations of Damages and Remedies. Even if advised of the possibility of such
damages, in no event shall Dorabot be liable for lost profits, work stoppage, lost data, 
or any other special or indirect damages of any kind.  
17. Disclaimer of Warranties. Dorabot disclaims and excludes all warranties, express
and implied, including, but not limited to, the implied warranties of merchantability and 
fitness for a particular purp ose, concerning the Equipment leased under this Agreement. 
The Parties acknowledge and agree the Equipment shall be leased and accepted “AS 
IS” with all defects.  
18. General Provisions.
18.1 Entire Agreement; Amendment. This Agreement (including all attac hed or 
referenced exhibits, addenda and schedules) is intended by the Parties as the final and 
binding expression of their agreement and as the complete and exclusive statement of 
its terms. This Agreement cancels, supersedes and revokes all prior negotiat ions, 
representations and agreements between the Parties, whether written or oral, relating to 
the subject matter of this Agreement. The terms and conditions of any purchase order 
or similar document submitted by Lessee in connection with this Agreement sh all not 
be binding upon Dorabot. This Agreement may be amended only in writing duly 
executed by all Parties.  
18.2 Assignment. This Agreement may not be assigned by a Party without the prior 
written consent of the other Party. Any assignment attempted to b e made in violation 
of this Agreement shall be void. In the event of any assignment, Lessee shall remain 
responsible for its performance and liable for assignee’s performance.  
18.3 Force Majeure. No Party to this Agreement shall be responsible for any delays or 
failure to perform any obligation under this Agreement due to acts of God, strikes or  5 / 8 
other  disturbances,  inclu ding, without  limitation,  war, insurrection,  embargoes , 
governmental  restrictions,  acts of governments  or governmental  authorities,  and any 
other  cause  beyon d the control  of such party.  During  an event  of force  majeure,  the 
Parties’ duty to perform obligations  shall be suspen ded.  
18.4 Governing  Law;  Consent  to Jurisdiction.  This Agreement  shall be governe d by 
and construe d in accor dance with the  laws of Queenslan d, Australia  without  reference 
to any conflict  of law principles.  Any legal action  or procee ding with respect  to this 
Agreement  must   be brought  in the courts  of the place  where  Dorabot  resides and by 
execution  and delivery  of this Agreement,  the parties  consent  to the non-exclusive 
jurisdiction  of those courts. 
18.5 In dependent Contractor.  In the performance  of their obligations  under  this 
Agreement,  the Parties  shall be independent contractors, an d shall  have no other legal 
relationship,  inclu ding, without  limitation, joint  venturers, or employees.  Neither Party 
shall have the right or power  to bind the other  Party an d any attempt to enter  into an 
agreement  in violation  of this section  shall be voi d.  
18.6 Notices. All  notices, requests  and other communication  that a Party is require d or 
elects  to deliver  shall be in  writing an d shall be delivere d personally,  by email,  or by a 
recognize d overnight  courier  service  or by Australian  mail,  first-class,  certifie d or 
registere d, postage  prepai d, return  receipt  requests, to the other Party at its  address set 
forth  below  or to such other  address as such Party  may designate  by notice  given 
pursuant to this section.  
If to Dorabot Australia: 
Unit 6, 308 New Cleveland Road , Tingalpa , Brisbane , Queenslan d, Australia. 
Email:  australia-branch@ dorabot.com 
If to Lessee:  
Address: +ROODQG6WUHHW1RUWKJDWH%ULVEDQH4XHHQVODQG$XVWUDOLD
Email: LQIR#DUPKXEFRPDX
18.7 Severability.  If one  or more  provisions  of this Agreement,  or the application  of 
any provision  to any Party or circums tance,  is hel d invali d, unenforceable, or  illegal  in 
any respect,  the remain der of this Agreement  and the application  of the provision  to 
other Parties or  circumstances  shall remain  valid and in full force an d effect.  
18.8 Non-Waiver of  Defaults.  Any failure  of Dorabot  at any time, or from  time to time, 
to enforce  or require  the strict  keeping  and performance  of any of the terms  and 
conditions  of this Agreement,  or to exercise  a right hereun der, shall not constitute  a 
waiver  of such terms,  conditions  or rights,  and shall  not affect or  impair  the same,  or 
the right of  Dorabot to  avail itself same.   
 6 / 8  
18.9 Section Headings. All section headings are for convenience of reference only and are not intended to define or limit the scope of any provision of this Agreement.  18.10 Execution. This Agreement may be executed in any number of counterparts, each of which shall be deemed to be an original, but all together shall constitute but one and the same Agreement.  Signature Page to Follow   
 7 / 8 
 
Signature Page  
 
IN WITNESS WHEREOF, the Parties have entered into this Agreement, effective as 
of the Effective Date set forth above.  
Dorabot Pty. Ltd .  
 
By:  
Name:  
Title:  
 
____________________________________________________________________  
 
By:  
Name:  
Title:  
Samuel JesuadianCOO, ARM Hub Ltd
 
 8 / 8  
Exhibit A: Equipment [List all items of equipment and replacement value of each]   Item  Description  Quantity  Value  
(USD)  1 DoraHand 3 -finger  
Including:  
Palm  x1  
Finger  x3  
Adapter Ring  x1  
 
Cables  
Power cable ఀ3mఁ  x1 
USB cable ఀ3mఁ  x1 
 
Packaging Box  
Aluminum alloys packaging box x1  1 set 9999.00  
 Sub-in total  1 set USD 9999.00   Exhibit B:  Operational Standards 1. DoraHand V5 User Manual Version 1.01 "
20220315_Feasibility Report for improving banana de-handing with robotics_MN updated.docx.pdf," 
 
 
 
 
 
 
FEASIBILITY REPORT FOR IMPROVING 
BANANA DE -HANDING WITH AUTOMATION  
 
 
 
 
 
Authors  
 
Troy Cordi e, Anthony Franze `, David Hedger , Melissa Nugent  
Advanced Robotics for Manufacturing Hub  
 
Dr Chris Lehnert  
Queensland University of Technology  
 
  
Executive Summary  
This research investigated the feasibility of developing an automating banana de -handing solution, as 
an identified labour -intensive process in Australia's banana industry. The project aimed to: define the 
challenge; assess automation technology/techniques that have been previously proposed and/or 
could be applied; provide a preliminary outline of the potential costs and benefits for pursuing 
automation; and propose a plan to progress.  
A time and motion study was undertaken over several days to define the banana de -handing 
challenge/problem by observing banana processing practices at five facilities in far north Queensland, 
recording data and interviewing management and operational staff  at these facilities. A literature 
review of research and development associated with applying automation technologies to banana de -
handing was undertaken. Relevant patented technologies were also identified. Further supplementary 
information was provided by Australian Banana Growers Council and staff of the Department of 
Agriculture and Fisheries. The findings have informed a discussion of the opportunities for 
integration/application of automation technology in banana de -handing, which could have the 
greatest potential. These are significantly different from previously proposed methods, largely due  to 
recent computer vision and robotics advances. Researchers have identified three potential options 
that could be developed with the ultimate goal of achieving  a commercial solution.  
Research outputs include d:  
-  Data collection;  
-  A desktop  study /literature review of existing technology;  
-  Definition of the problem/ challenge;  
-  Opportunities for integration of technology – three options proposed;  
-  Quantification of benchmark and technology development costs; and  
-  Project plan for further research and development.  
This project has delivered a set of conclusions and recommendations to progress automation of 
banana de -handing, based on significant evidence gathered, including a conclusive analysis of the 
current literature and related patents ; an understanding of the issues, costs, tasks and practices 
associated with a sample of banana de -handing operations ; and  knowledge of contemporary robotic, 
robotic vision and AI advancements in research including related applications. The recommendations 
take into account the fin dings that no known commercial -ready solutions exist, but that research could 
be developed towards an integrated solution. These recommendations are framed around accepted 
models of technology readiness.   
Based upon the outcomes of this feasibility study it is recommended that:  
1. Previously proposed automated de -handing solutions and inventions are unlikely to be viable 
for adoption in Australia  and do not warrant further investigation or development .  These and 
other m echanical banana de -handing technologies are likely to have unacce ptable impacts 
on fruit quality/bruising .  
2. Advancements in computer vision, machine learning and robotic handling methods provide 
promising opportunities for the development of a viable  de-handing  solution . 
3. It would be feasible to develop a solution based on the above methods to Technology 
Readiness Level 5.  4. Applied research  would enable the investigation of methods to identify the cutting trajectory  
and perform the optimal cut . 
5. Engineering services/tasks could be performed in parallel to research to test and develop  
optimise d equipment requirements (e.g., number of robotic axes required, optimal end 
effectors for cutting and handling ) and software requirements  in a like -industrial setting.  
6. Technology development could best f ocus initially  on the components that are usable across 
the potential  approaches such as computer vision, cutting devices and end effectors.  
7. In order for a minimum viable product and technical specifications for a solution to be 
developed, d etailed design of two rob otic options should be progressed to the next stage of 
development , establishing and using  a laboratory robotic cell to investigate and define 
optimal specifications  for a working  prototype . 
8. A cost-benefit  analysis would be st be conducted once the minimum viable product is specified 
and throughput can be quantified.   
9. Additional information regarding costs and requirements associated with quality , including 
current quality  impacts from de -handing and  other processing tasks would inform  both 
solution development and a cost-benefit  analysis.  
10. Commercial partners need to be identified and engaged to ensure that there is a pathway for 
the final stages of technology development and commercialisation .  
 
A project plan is attached , which identifies and estimates the time and effort (quantity and type) 
required for:  
 - the progression of two key areas of applied research that would underpin the most likely 
commercial solution: 1) best method for computer vision to determine the cutting 
trajectory; and 2) the best method to safely and effectively perform the cut.  
-  delivery of project engineering activities to develop a prototype robot cell to TRL 5, 
pending a detailed design phase and articulation of agreed technical specifications.  
This report  provides an independent assessment and body of knowledge that can be presented to key 
stakeholders, including farmers, investors and funding bodies. This can inform perceptions of the 
likelihood and appropriateness of technologies (historical, current and  emerging) for application to 
labour intensive banana de -handing processes. Further, this can inform decisions regarding 
investment in further research and development.  
 
This research was conducted by ARM (Advanced Robotics for Manufacturing) Hub in partnership with 
QUT and with the support of the Australian Banana Growers Council (ABGC) and Australian Hydraulic 
Services.   Contents  
Executive Summary  ................................ ................................ ................................ ................................ . 2 
1 Introduction  ................................ ................................ ................................ ................................ ..... 8 
1.1 Definition of the problem/challenge.  ................................ ................................ ......................  8 
1.2 Desktop study (literature review) of existing banana de -handing technology  ..................... 10 
2 Manual banana de -handing as observed in Innisfail/Tully Australia  ................................ ............ 18 
Packing shed one  ................................ ................................ ................................ ............................... 18 
2.1 Packing shed two  ................................ ................................ ................................ ................... 19 
2.2 Packing shed three ................................ ................................ ................................ ................. 19 
2.3 Packing shed four ................................ ................................ ................................ ................... 20 
2.4 Packing shed five  ................................ ................................ ................................ ................... 21 
2.5 Knives used for banana de -handing  ................................ ................................ ...................... 23 
2.6 Manual banana de -handing data analysis  ................................ ................................ ............. 23 
3 Opportunities for the integration of robotics.  ................................ ................................ .............. 26 
3.1 Automation Options  ................................ ................................ ................................ .............. 28 
3.1.1  Option 1 The robotic banana de -hander  ................................ ................................ ....... 29 
3.1.2  Option 2 The submersion de -hander  ................................ ................................ ............ 31 
3.1.3  Option 3 De -handing from below  ................................ ................................ .................. 33 
3.2 Cutting tool options  ................................ ................................ ................................ ............... 35 
3.2.1  Knife  ................................ ................................ ................................ ............................... 36 
3.2.2  Pneumatic knife  ................................ ................................ ................................ ............. 36 
3.2.3  Water jet  ................................ ................................ ................................ ........................ 37 
3.2.4  Laser  ................................ ................................ ................................ ............................... 37 
3.2.5  Hotwire cutter  ................................ ................................ ................................ ............... 37 
4 Estimated Costs  ................................ ................................ ................................ ............................. 38 
5 Conclusions & Recommendations  ................................ ................................ ................................ .41 
6 Bibliography  ................................ ................................ ................................ ................................ ...42 
 
  Figure 1: Curved knives specifically developed for banana de -handing [6].  ................................ ...........  8 
Figure 2: Spatula style knives aim to keep the user’s hands clear of the stalk [7].  ................................ . 8 
Figure 3: Comb style banana de -handers use an array of comb teeth connected with cutting links to 
follow the shape of the banana bunch stalk [3].  ................................ ................................ .....................  9 
Figure 4: interconnected quarter circle blades expand and retract sprung with link 5 [9].  ................. 10 
Figure 5: The five comb blades 201 connect ted by pivoting links 202 follow the shape of the banana 
bunch  [10].  ................................ ................................ ................................ ................................ ............ 10 
Figure 7: Compressed of six combs connected with a seven bar linkage the de -hander is capable of 
an opening between 43mm and 164mm [11].  ................................ ................................ ...................... 11 
Figure 8: Work by Duan added a platform to raise and drop the comb style banana de -hander [13]. 
The raising and lowering motion aids the de -handing process. ................................ ............................ 11 
Figure 6: A variable -diameter self -adaptive rotary cutting banana de -hander consists of 18 comb 
style cutting blades  [15]. ................................ ................................ ................................ ........................ 11 
Figure 9: Reversible self -locking clamp [17].  ................................ ................................ ......................... 12 
Figure 10: Over -centre self -locking clamp [18].  ................................ ................................ .................... 12 
Figure 11: The stalk is positioned and held in place with a clamp while the fretsaw removes the 
hands. [16] ................................ ................................ ................................ ................................ .............. 12 
Figure 12: Banana de -hander attachment for and excavator [20].  ................................ ....................... 13 
Figure 14: Proposed 3DOF banana harvesting robot [22].  ................................ ................................ ....13 
Figure 15: Input and output images for a stereo vision approach to banana stalk identification [24].
 ................................ ................................ ................................ ................................ ............................... 13 
Figure 16: Output of the deep neural network designed to identify banana stalks [25]. ..................... 13 
Figure 17: workflow of banana packing sheds as observed  ................................ ................................ ..15 
Figure 18: The processes as seen at packing shed 1. Left the gantry moving the banana bunches 
through the bunch wash. Right the Wheel used to transport the banana hands from the de -handers 
to the packers.  ................................ ................................ ................................ ................................ ....... 16 
Figure 19: View down the line at the banana de -handing stage of packing shed 2 processing facility. 
From left to right the banana bunch covers are removed and hung on the overhead chain. The hands 
are removed from the bunches and placed in the trough from clustering and sorting.  ...................... 16 
Figure 20: The banana de -handing process as observed in packing shed 3.  The de -hander operates 
alongside the trough, allowing multiple bunches to be positioned and de -handed at once.  .............. 17 
Figure 21: The banana processing facility seen at banana packing shed 4. This operation saw three 
banana de -handers operate as a team to remove banana hands from bunches.  ................................ 18 
Figure 22: two banana de -handers operating in tandem at packing shed  5. ................................ ....... 19 
Figure 23: Knives used by banana de -handers at observed Innisfail and Tully packing facilities. 
Serrated steak knife used on farm 1 left. Fish filleting knife used on farms 2 -5 right.  ......................... 20 
Figure 24: The abscission line seen on banana bunches before de -handing  ................................ ........ 25 
Figure 25: The abscission line develops on the hands of bananas when the bract falls off the bunch.
 ................................ ................................ ................................ ................................ ............................... 25 
Figure 26: Automated banana de -hander option 1. Using two robotic arms and a perception package 
the robot cuts the banana hands from the bunch and places them on the wheel/trough.  ................. 26 
Figure 27: banana dehanding robot option 2. The bananas are suspended in a tank of water and 
slowly lifted. As the bunch is lifted the individual hands are removed. Conveyor belt or future module
 ................................ ................................ ................................ ................................ ............................... 28 
Figure 28: banana de -handing robot option 2. The bananas are suspended in a tank of water and 
slowly lifted. As the bunch is lifted the individual hands are removed.  ................................ ............... 28 Figure 29: Banana de -handing option 3. The banana bunch is angled to a tub of water and the hands 
are removed just above the water. Once in the water the hands are moved away with water 
jets. Conveyor belt or future module  ................................ ................................ ................................ .....30 
Figure 30: Banana de -handing option 3. The banana bunch is angled to a tub of water and the hands 
are removed just above the water. Once in the water the hands are moved away with water jets.  ..30 
Figure 31: Knife as seen in banana packing sheds in Innisfail and Tully ................................ ................ 33 
Figure 32: Pneumatic knife similar to those used for de -handing ladyfinger bananas [27].  ................ 33 
Figure 33: Water Jet nozzle used in food processing [27].  ................................ ................................ ....34 
 
   
Table 1: Mean time to de -hand a hand of bananas at each representative farms in the Innisfail/Tully 
region of North Queensland, Australia.  ................................ ................................ ................................ .21 
Table 2: Percentage of time spent de -handing at each representative farms in the Innisfail/Tully 
region of North Queensland, Australia.  ................................ ................................ ................................ .21 
Table 3: Mean time to de -hand a hand of bananas for each of the de -handers observed on farm 1. .21 
Table 4: Mean time to de -hand a hand of bananas for each of the de -handers observed on farm 2. .22 
Table 5: Mean time to de -hand a hand of bananas for each of the de -handers observed on farm 3. .22 
Table 6: Mean time to de -hand a hand of bananas for each of the de -handers observed on farm 4. .23 
Table 7: Mean time to de -hand a hand of bananas for each of the de -handers observed on farm 5. .23 
 
  1 Introduction  
This research project investigates  the feasibility of automating the banana de -handing process . This 
report seeks  to provide the banana industry with an  increased  understanding o f the benefits of 
robotic s in the de-handing  proces s and what is required to progress automation.  Banana de -handing 
is a core  process at all banana processing facilities . It is a  repetitive and physically demanding activity 
which if automated , could improve processing efficiencies and provide a valuable integration point for 
robotics systems .  This research is pertinent given current  workforce reliability  and supply chain issues,  
TR4 disease , and low -cost imports threa ts. 
To understand the challenges and opportunities for integrating  robotics and automation, the research 
team conducted  time and motion stud ies in North Queensland in February 2022 , surveying  banana 
processing  at operational processing facilit ies. Farms were identified in consultation with Queensland 
University of Technology (QUT) experts, the Australian Banana Growers Council (ABGC) and Australian 
Hydraulic Services. Twelve farms were initially identified and of these , five farms took part in the study. 
Farms were identified and selected based on the following five criteria. 1) All farms were in the NQLD 
region of Innisfail/Tully which offers a mix of farms in proximity. 2) Small, medium, and large farms 
were selected t o represent automation potentials across the broader industry. 3) All farms process 
the dominant Cavendish banana variety. 4) Participating farms expressed interest in the research and 
development process and being future industry leaders. 5) Were willing to have their processes and 
labour force interviewed, audio and video recorded during regular  operating hours.  
In addition, two semi -structured interviews were conducted at each farm with a farm manager and 
banana de -hander. Australian Banana Growers Council representatives also helped to arrange a 
meeting with staff from the Department of Agriculture and Fisheries, which provided supplementary 
information. Sampling five di fferen t farms helped the researchers better understand  the nuances in 
the banana de -handing process. Moreover,  a desktop study of the literature was conducted to scope 
existing research into impro ving and automating banana de -handing and includes a review of several 
patented mechanical de -handing solutions . The data collected and analysed from the time and motion 
studies , interviews  and desktop study  inform  this data analysis and feasibility report , which incl udes 
an overview of current de-handing practice s, the identification of opportunities for integration of 
robotics , the estimated costs  of an automated solution,  conclusions and recommendations  and the 
project plan for future research & development required to progress the project . 
 
1.1 Definition of the problem/challenge.  
 
The banana industry faces significant challenges , including threats from TR4 disease and potential low -
cost imports to limitations of commercial varieties. This research project focuses specifically on the 
labour -intensive de -handing process and the potential for automation to improve production.  
Whilst automation in manufacturing, including  food production, is taking place across diverse 
industries and processes globally and automation technology is advancing rapidly, Australian banana 
producers do not have a clear view of current or emerging technologies that could be commercially 
applied to  banana de -handing. It is not clear whether technologies being applied in other industries, 
such as the use of robot arms, could meet the production requirements or be readily adapted into a 
customi sed system t hat could meet requirements. Also, the most commonly used cutting options 
need to be investigated for suitability in an automated system.  
The project team was able to define the challenge through two mechanisms:  - Observations of practices across multiple premises  
- Interviews with production managers and operational staff (de -handers).  
This provided a strong qualitative understanding of the problem/challenge with respect to current 
production environments and operations (including prioriti sation), workflow and sequencing issues 
(such as rate versus speed; sequencing between washing and sorting), product quality issues/ 
requirements/wastage, workforce issues and labour requirements/costs, cutting tools and techniques 
and other operational man agement issues that affect de -handing such as sap/bleed -time and vermin 
management. The definition obtained was sufficient to provide a basis for reviewing the literature 
regarding the application of technologies to provide an assessment of feasibility and a project plan to 
progress technology adoption.  
The following summarises  the key challenges of banana de -handing.  
• All farmers rated workforce reliability as their primary issue. Experienced de -handers are 
challenging  to find and retain.  
• It is difficult to alter the sequence of de -handing within the broader process without significant  
workflow disruptions.  
• De-handing needs to occur  near the packing shed where there is ample water supply , and it 
also has to happen between washing and before sorting.  
• The washing process is essential to remove chemicals and vermin such as snakes, bats and 
rats.  
• Banana sap has a glue -like consistency and adheres to people, tools, machinery, the fruit itself, 
resulting in a need for thorough cleaning.  
• The sap can 'bleed' every time the banana crown is cut  for approximately eight minutes.  
• Different farms have different practices to accommodate the sap, including use of tissue 
paper, washing etc.  
• Banana skin is delicate , bruises easily , and each touchpoint adds the potential risk of bruising.  
• As a result of processing, bruising can be difficult to spot before packing,  leading  to significant  
fruit rejection rates at the market.  
• De-handing is a critical task, which at times is prioriti sed by farmers.  
• Postponing other tasks can impact downstream fruit quality . For example, if bananas are not 
bagged on time, discarded fruit can increase from usual rates of 15-30% to as much as 50%.  
• Farm managers noted that d e-handing needs to happen at a consistent rate as opposed to 
outright speed. De-handers operating as fast as pos sible tended to damage more fruit and 
caused inconsist ent through put.  Factors include number of packers, number of bananas that  
the trough can take ( considering  8 minutes wash time needed ). Inconsistent throughput 
affects each stage of the downstream process.  
• Mean speeds for de-handing vary from operation to operation, dependent largely on whether 
or not de -handers are engaged in adjacent tasks.  
• Observations and evidence at the farms involved in this study indicated that no one cutting 
tool was more effective compared to another. Rather, the selection of cutting tools varied 
dependent on individual de -hander preference.  
• One exception is the de -hander's use of pneumatic knives to de -hand lady finger bananas.  
• Successful dehanding requires the hand to be cut from the stalk  approximately  one centimetre 
from a visibly prominent line where the hand joins the stalk.  
• Banana de -handers continuously adapt to natural variations in the growth of bananas. This 
variation includes tips of the banans curling back onto the stalk and obscuring its view and changes in the size and shape of the fruit. Staff reported that d e-handing injuries have 
decreased  over time , but that the task is still dangerous , as evident by the common practive 
of removing  tips from  de-handers ’ knives.  
• We were u nable to ascertain the longer term health implications of de -handing during this 
study. Factors that were mentioned at farms observed included staff rotation and contract 
duration .  
• There is a great deal of fruit damage which impacts potential use  and sale price . Based on 
farmer feedback  received , up to 50% of bananas sold are below class one, 30% or more of 
fruit is damaged but can be sold as seconds , and 15% or more is used for mulch.  
 
Limitations/exclusions: The cost and timeframe of this study limited data gathering and problem 
definition to independent observations and stakeholder perspectives at a small number of farms in a 
single region (Tully/Innisfail, far North Queensland). A com prehensive quantitative assessment of the 
banana de -handing challenge was outside the scope and sample size for this study. However, the study 
was able to quantify estimated costs per hand of current manual banana de -handing practices. In 
consultation with  ABGC, the scope of the study focused primarily on cavendish  bananas, representing 
over 90% of the banana crop in Australia. Only high -level information regarding impact of dehanding 
on fruit quality and impact on use/value of produce was gained from the interviews. As such it was 
difficult to gain a detailed understanding of this in terms of the problem definition.   
A description of practices observed at each farm is included in section two (2) of this report and 
informs the above definition of the challenge.  
Findings within the literature supported and enhanced the definition obtained through the time and 
motion study and interviews. For example, the literature review found consistency in the handling, 
tools, techniques and quality issues that need to be addre ssed when considering technology 
applications.  
 
1.2  Desktop study (literature review) of existing banana de -handing 
technology  
 
As early as 1985, Franklin identified the mechani sation of banana de -handing as a means to improv e 
banana processing in packing sheds [1].  To better understand why such devices are not commonly 
found  in banana packing sheds , it is vital to understand current practices.  In February 2022, we 
undertook a time and motion study as described in section 2.7 in conjunction with a desktop study of 
de-handing automation attempts  documented to date . Banana harvesting, de -handing and packing 
are still largely manual, repetitive and labour -intensive processes  [2].  The de -handing process occurs 
once  banana bunches have been transported to the packing shed , had their protective covers 
removed , and have entered the packing shed.  The quality of the cut during the de -handing process 
influences the subsequent grade given to the banana hand [3].  Once  bananas are de -handed, the stalk 
is discarded, and the bananas are sorted into clusters, washed and packed.  Banana de -handing is a 
repetitive and labour intensive task completed at a core integration point in banana processing  
between the field and the packing shed, making  de-handing a prime candidate for automation and 
robotics. It is anticipated that a utomating  the de -handing process would decrease manual labour and 
offer the potential to add value to downstream processes such as grading and sort ing. 
 Previous studies in improving the banana de -handing process identified risks of repetitive strain injury 
to workers’ wrist s and hands [4].  As a result of these studies , approaches were recommended to  
minimi se the risk to de -handers from all injury types.  For example, to reduce de -handers cutting 
themselves, it was recommended that de -handers use  mesh gloves on the hand supporting the  
banana  bunch and mechanical de -handers  were also explored . Other recommendations included  
improving packing sheds to allow an adequate workspace to prevent de -handers from cutting other 
operators  and reduce  repetitive strain injuries through job rotation and worker training initiatives .  
A motion study looking to quantify the repetitive strain injuries suffered by banana de -handers 
identified significant strain on workers spine s and hips in addition to their wrists and hands [5].  The 
motion study further identified the type of knife as playing a role in the injuries suffered.  The knives 
used by banana de -handers varied between standard knives, curved knives and a unique  spatula style 
knife.  While completing the motion study detailed in [5], all banana de -handers used curved knives 
(Figure 1) developed explicitly for banana de -handing [6].  The spatula style knives ( Figure 2) comprise 
a semicircle blade at the end of an extensive handle designed to keep the workers ' hand clear of the 
stalk when de -handing bananas.  The semicircle blade of the spatula style knives, like the knife 
described in the patent [7], fits the radius of the banana stalk allowing the de -hander to push the knife 
down to remove the banana hands.  The development of various task-specific knives  Has ultimately 
sought  to reduce strain on workers ’ hands, wrist s, spine and hips . Meanwhile , banana de -handing has 
remained  essentially a manual task.  
The earliest attempt identified in the literature to mechanically de -hand bananas literature was a set 
of spinning blades suspended above a tank of water designed and built -in 1985.  After removing the 
bell, dummy hands and shaping the stalk, the de -hander would lower the bunch into the spinning 
blades.  While lowering the bunch of bananas, the operator could vary the distance between the 
blades to match the stalk diameter by controlling the rotation speed of the device.  The separated 
hands would fall onto  a rotating foam pad before landing in a water bath for washing.  Familiar with 
the device, Stewart Lindsay Team Leader - Banana Production Systems with Department of Agriculture 
and Fisheries, recalls damage to the fruit was one significant hurdle to wide spread implementation of 
such a device.  Beyond damaging the fruit, the quality of the cut when removing banana hands from 
the bunch affect ed the grade and subsequent price of the fruit [3].   
Because of this quality control issue and the significant post -harvesting value of the banana crop [8], 
much of the existing literature focuses on the cutting mechanism of mechanical de -handing.  
FIGURE 1: CURVED KNIVES SPECIFICALLY 
DEVELOPED FOR BANANA DE -HANDING [6].   FIGURE 2: SPATULA STYLE KNIVES AIM TO KEEP THE 
USER’S HANDS CLEAR OF THE STALK [7].  
FIGURE 3: COMB STYLE BANANA DE -HANDERS USE AN ARRAY OF COMB TEETH CONNECTED WITH CUTTING LINKS TO 
FOLLOW THE SHAPE OF THE BANANA BUNCH STALK [3]. 
 
Mechanical de -handing splits into two categories, static blade and rotary cutting.  Static blade de -
handers utili se gravity or pressure from above to feed the stalk of the banana bunch through an 
adaptive blade or set of combs which remove the banana hands as the stalk progresses.  In contrast 
to passive blades, the rotary cutting de -handers use a motor to drive a cir cular blade down along the 
stalk to remove the bananas from the bunch.  . It is important to remember that cut quality needs to 
be high for ei ther approach when separating the hands from the bunch.   
 
Static blade de -handing works by suspending a bunch of bananas above a de -handing mechanism and 
lowering or pushing the bunch . As the bunch lowers , the hands of bananas are removed from the 
stalk.  While the method of de -handing the bananas is similar, the design of the cutting edge and how 
it adapts to the changing diameter of the banana stalk varies between approaches.  The ielis patent 
[9] describe s an adaptable diameter circular blade that expands  and contracts  to suit the stalk. As can 
be seen in  the patent drawings provided ( Figure 6), four quarter -circle blades slotted into the 
neighbouring blade while a sprung linkage maintain eds contact with the banana stalk . 
The patent by Zhou [10] describes a set of five comb style blades connected via a pivoting linkage 
(Figure 10).  Each comb attaches to the pivoting joint with a spring allowing adaption to the stalk's 
diameter.  Work to optimi se the comb style banana de -handers ( Figure 5) explored many variables in 
the mechanism, including the number, size and shape of combs, the size of the thin cutting linkages 
and the speed at which the cutting was performed [3].  The banana de -handing device described in 
[11] and subsequent patent application [12] describe d a seven -bar linkage combed blade ring.  The 
ring, capable of expanding to a diameter of 164mm and compressing to 43mm , comprises six combs 
and a constant force component ( Figure 8). As the combs remove d the hands, the constant force 
component maintains the mechanism's contact with the banana stalk. Work described by Duan in 
patent [13] decreases the effort and time to de -hand a bunch of bananas.  The mechanism consists of 
three pairs of combs linked with two cutting links that create the circular cutting ring.  The mechanism 
is mounted on top of a movable work surface. The worksurface can raise and drop, and by raising the 
mechanism and banana bunch the dropping action force d the bunch through the cutting combs.   
Static blade de -handers use d pressure from above or gravity to push the bananas through a series of 
cutting combs and links t o remove the banana hands from the bunches.  Application of  these devices 
show ed them to be functional and create clean cuts when removing the hands.  
  
 
The rotary cutting de -handers use a circular rotating blade, as the name suggests.  The stalk passes 
through the blade's centre.  The review found two approaches: a handheld device lowered over the 
bunch and a static device with the bananas lowered through  it.  The device created by Shravan and 
seen in the video [14] shows a handheld rotary banana de -hander.  The prototype device is lowered 
over the banana stalk removing the banana hands.  The demonstrated device is cumbersome and 
inadvertently removes individual bananas from the hands,  a non -desirable trait.  The patented rotary 
type banana combing machine  described in [15] shows a similar motor configuration driving a pully to 
spin a cutting edge.  
  
FIGURE 4: INTERCONNECTED QUARTER CIRCLE BLADES 
EXPAND AND RETRACT SPRUNG WITH LINK 5 [9]. FIGURE 5: THE FIVE COMB BLADES 201  CONNECT TED 
BY PIVOTING LINKS 202  FOLLOW THE SHAPE OF THE 
BANANA BUNCH  [10].  
FIGURE 7: COMPRESSED OF SIX COMBS CONNECTED WITH 
A SEVEN BAR LINKAGE THE DE -HANDER IS CAPABLE OF AN 
OPENING BETWEEN 43MM AND 164 MM [11].  FIGURE 8: WORK BY DUAN ADDED A PLATFORM TO 
RAISE AND DROP THE COMB STYLE BANANA DE -HANDER 
[13].  THE RAISING AND LOWERING MOTION AIDS THE 
DE-HANDING PROCESS .  
The rotary type banana combing machine spins a pair of knives that can vary in their distance to adapt 
to the diameter of the banana bunch stalk.  This de -handing device is mounted on a workbench and is 
fed from the top. As described in Zhou’s patent  [16], The ability to vary the diameter of the cutter is 
an essential part of maintaining the quality of the cut when removing banana hands.   The variable -
diameter self -adaptive rotary banana bunch cutter consists of  eighteen comb -style  blades ( Figure 7).  
The diameter between the blades is variable to ensure clean cuts when removing banana hands from 
bunches. Rotary cutting banana de -handing mechanisms spin the blades used to cut the banana hands 
from the bunch.  
One de -handing device that did not fall into the fixed blade  or rotary cutting types was the fretsaw 
banana de -hander ( Figure 10) [17].  The fretsaw banana de -hander uses a fretsaw and clamp to hold 
the banana bunches and remove the hands.  The clamp positioned below the saw holds the bunch in 
place by grasping the stalk when the saw is engaged to remove the hand.   
The findings of the literature review suggest that a  successful banana de -handing automation solution 
will need to adapt to the tapering diameter of banana stalks to achieve the clean -cut produced by 
current manual banana de -handing practices.  
Paired with banana de -handing are also mechanisms for holding or grasping banana bunches.  The 
farms  observed in this current study used a chain looped back on itself that pull ed tight under gravity 
to hang the bananas .  This review found two patents for clamping devices from the South China 
Agricultural University (SCAU).  The first such device [18] is a reversible self -locking clamp ( Figure 11) 
using a pair of screws to actuate the mechanism.  The second patent describes a similar self -locking 
device with an over centre latch ( Figure 9) to actuate the clamp [19].  Similarly, the work in [20] 
explore s automatic pneumatic clamping and detaching of the banana stem.  Autonomous attaching 
and detaching of the banana stem during the de -handing process remove s one manual task from the 
de-handers workload.  
FIGURE 6: A VARIABLE -DIAMETER 
SELF-ADAPTIVE ROTARY CUTTING 
BANANA DE -HANDER CONSISTS OF 18 
COMB STYLE CUTTING BLADES  [15].    
 
 
 
The automation of banana de -handing could add value beyond the task of banana de -handing and 
offers a key integration point for adding value  to production through  improvements  in processes  prior 
to and post  hand removal.  Industry -led attempts at banana harvesting automation have seen existing 
farm equipment such as excavators retrofitted with robotic banana pickers ( Figure 12) [21].  The 
inventor  claim ed such devices decrease d labour costs while noting limitations to widespread 
adaptation,  including reluctance to restructure paddocks or change planting practices .  Further to farm 
led innovation, there is work exploring banana plant -specific robots and grippers [22].  Yang states 
that specialist grippers for bananas increase safety margins and decrease damage to fruit.  At the same 
time, Zhang proposes a three  (3) degree of freedom (DOF) robot arm ( Figure 11) for banana harvesting 
[23].  Robotic banana pickers and specialist banana stem grippers could be integrate d with  existing 
processes as bananas are harvested and enter the packing shed.  
FIGURE 9: REVERSIBLE SELF -LOCKING 
CLAMP [17].  
 FIGURE 10: OVER-CENTRE SELF -
LOCKING CLAMP [18].  
FIGURE 11: THE STALK IS POSITIONED 
AND HELD IN PLACE WITH A CLAMP 
WHILE THE FRETSAW REMOVES THE 
HANDS .[16]   
 
Despite developments in the use of computer vision for assessing quality to support grading and 
sorting in related applications /crops , the literature review found limited investigation of the use of 
computer vision to support automation in banana de -handing .  Computer vision has been used for 
the detection of bananas in the paddock as necessary for banana harvesting robots [24].  This ability 
to segment the hands of bananas using colour and texture base d features could be adapted for use 
in the de -handing processes and value add in the sorting and grading of bananas.  Multiple 
approaches exist to identify banana stalk s in the paddock for robotic gripper grasping.  M. Chen 
proposes using stereo cameras to identify the banana stalk and generate a 3D model ( Figure 13) 
[25].  
While T. Chen has developed a deep neural network to identify banana bunch stalks [26].  Literature 
exploring computer vision in banana harvesting has demonstrated an ability to segment banana 
bunches and stalks in the paddock.  These existing approaches could be adapted for banana grasping 
and de-handing and offer the opportunity to add value  to the process  in the packing shed .  
Banana de -handing remains a repetitive, labour -intensive process that can pose a risk to worker 
safety.  The removal of banana hand s from bunch es upon arrival to the packing shed has been 
identified as a bottleneck in the processing of bananas . This review looked at existing literature and 
patents regarding  banana de -handing.  The literature identifies two mechanical banana de -handing 
approaches: static blade de -handing and rotary cutting de -handing.  The static blade de -hands the 
bunch utili sing gravity or pressure from above to push the banana bunches through a set of variable 
diameter cutting combs and links.    
FIGURE 12: BANANA DE -HANDER ATTACHMENT 
FOR AND EXCAVATOR [20].   
FIGURE 14: PROPOSED 3DOF  BANANA HARVESTING 
ROBOT [22].    
FIGURE 15: INPUT AND OUTPUT IMAGES FOR 
A STEREO VISION APPROACH TO BANANA 
STALK IDENTIFICATION [24].  
FIGURE 16: OUTPUT OF THE DEEP NEURAL NETWORK DESIGNED TO 
IDENTIFY BANANA STALKS [25].  Conversely, rotary cutting de -handers use a circular rotating blade, with examples seen of handheld 
and bench -mounted equipment.  Both approaches look extensively at adaptable diameter cutting 
tools to maintain clean cuts when removing the banana hand from  the stems.   
This initial desktop study has found that no commercial -ready automation solution has been 
identified . Cleanly  removing banana hands from their stalks at a consistent rate will be vital to 
automating banana de -handing.  A future solution must address  the damage to fruit that has impeded 
earlier mechanical banana de -handing attempts.  Research into banana harvesting robots , and 
computer vision already in development , offer potential new avenues for the development of a n 
effective banana de -handing solutions.   
  2 Manual banana de -handing  as observed in Innisfail/Tully 
Australia  
As part of this feasibility report for improving banana de -handing through robotics , we observed  
manual banana de -hand ing in five packing sheds in the Innisfail/Tully region of North Queensland, 
Australia. While each shed followed the same broad approach to b anana processing  (Figure 17), 
variances were observed in the approach that employee s took to  completing the task.  
A brief overview of the shared process is detailed below.  Once the bananas were de -handed , the 
hands were clustered by separating into  groups of approximately five to six  bananas. Once clustered , 
the bananas move d along a conveyor belt to the sorters . The sorters manually separate d the 
bananas based on the size and quality of the fruit. The sorted fruit  continue d to the packers  who  
load ed the bananas into cartons . The cartons were loaded onto pallets for storage and ripening.  
 
 
A greater understanding of banana de -handing was gained by observing the process undertaken at 
each of the five sheds. This is documented below.  
 
Packing s hed one 
The p acking shed  used an  overhead gantry  and wheel with f our banana de -handers operating during 
our observation s. The workflow  through packing shed one varied considerably from packing shed 
two thru four  due to the overhead gantry and wheel not being seen in the other  sheds. As banana 
bunches arrive at the packing shed from the paddock , the gantry lowers o ver the trailer. Once  the 
gantry  (See Figure 18 ) is in position , the banana pickers remove the bunch covers , and the  bunches 
are tied to the gantry using a chain looped through its elf. The gantry lifts the entire trailer of banana 
bunches in one motion . The de-handers pushed the gantry into position  to wash the bananas . The 
de-handers then reposition the banana bunches  to start the de -handing process.   
The four banana de -handers  operated with an additional clusterer to de-hand, cluster and sort the 
bananas . For further detail s of the data analysis , refer to section 2.7. De-hander one and four  
primar ily removed banana hands,  clustered the banana s and discarded fruit with significant  defects. 
The clusterer would complete the clustering processes and place bananas onto different wheel 
levels  depending on the class. De-handers  two and three  operate d independently , de-handing, 
discarding damaged fruit , clustering,  and sorting fruit.  Packing shed one was the only instance of an 
overhead gantry and processing wheel observed. The de -handing process in this packing shed  varied 
most compared to the  other packing shed s in terms of the  quantity of post -de-handing processing 
(i.e. clustering, sorting and waster removal) completed by the de -handers.  
FIGURE 17: WORKFLOW OF BANANA 
PACKING SHEDS AS OBSERVED   
2.1 Packing shed two 
Packing s hed two is a central processing facility receiving fruit from several farms in the area.  During 
our observations , two banana de -handers were operating on two troughs. With three processing 
lines , available  packing shed two operated  with only two thirds  capacity. At packing shed two, the 
bananas arrive d by truck into the loading area. Once in the loading area , the removable  truck tray 
was moved to enable bunch cover removal and hanging. The bunches were  lifted one at a time  using 
a hydraulic ram  and hung on the overhead rail with a chain.  The bunches travel led along the 
overhead chain , pass ing through a bunch was h before arriving with one of the two de-handers  (see 
Figure 19). The two de-handers working in packing shed two operated independently , completing 
the same tasks. The de -handers would walk along the gantry towards the banana bunch and begin 
de-handing the bunch. While removing the banana hands , the de -handers would move with the 
bunch until the de -handing was complete. After completely de-handing the bunch , the stalk was 
removed and placed on the waste conveyer. While de -handing , both  de-handers would discard 
defective fruit without  completing the entire clustering and sorting process.   
 
2.2 Packing shed three  
Packing she d three consisted of a single trough -based  processing line with a single banana de-
hander. Once banana bunches arrive d at packing shed three , the bunch hanger remove d the bunch 
covers and hung the bu nches  on the overhead rail using the hydraulic ram. The banana bunches 
FIGURE 18: THE PROCESSES AS SEEN 
AT PACKING SHED 1. LEFT THE 
GANTRY MOVING THE BANANA 
BUNCHES THROUGH THE BUNCH 
WASH . RIGHT THE WHEEL USED TO 
TRANSPORT THE BANANA HANDS 
FROM THE DE -HANDERS TO THE 
PACKERS . 
FIGURE 19: VIEW DOWN THE LINE AT THE BANANA DE -HANDING STAGE OF PACKING SHED 2 PROCESSING FACILITY . 
FROM LEFT TO RIGHT THE BANANA BUNCH COVERS ARE REMOVED AND HUNG ON THE OVERHEAD CHAIN . THE 
HANDS ARE REMOVED FROM THE BUNCHES AND PLACED IN THE TROUGH FROM CLUSTERING AND SORTING . pass ed through the bunch was h and onto the de-handing area. Unlike the process seen in other 
packing shed s with troughs , the de-hander in packing shed three  operated alongside the trough . The 
de-hander would allow four to five  bunches of bananas to arrive at the banana de -handing area and 
stop at? the overhead rail. The de-hander would the n remove the hands from the bunches 
discarding  fruit with  significant  defects and placing the hands in the trough . 
Additionally,  the de -hander would measure the bottom two hand s with a known length from 
fingertip to palm. This measurement allowed bananas that were too small for packing to be 
discarded. Once the bunch was de -handed , the de-hander discarded the stalk . The de -hander  
repeated the process for all bunches  received  in the de -handing area. After de -handing all pre-
positioned bunches , the de-hander organi sed the overhead chains as the next bunches moved into 
position. The de -hander in packing shed three  operate d alone , completing the de-handing , 
discarding bananas with  visible  defects and dispos ing of stalks . This approach ke pt the trough full for 
the clu sterers , sorters and packers further down the production line.  
 
FIGURE 20: THE BANANA DE -HANDING PROCESS AS OBSERVED IN PACKING SHED 3.  THE DE-HANDER OPERATES 
ALONGSIDE THE TROUGH , ALLOW ING MULTIPLE BUNCHES TO BE POSITIONED AND DE -HANDED AT ONCE . 
 
2.3 Packing shed four 
Packing shed four was another example of a trough -based processing line that could  run three 
troughs. Two troughs were fully utili sed during our observations , while the third trough ran slower  
packing lunch box bananas. We observed three banana de -handers operating to supply the two 
troughs with banana  hands,  whilst placing smaller banana hands  into the third trough.  Banana 
bunches arrive d at packing shed four  on truck s with removable trays. Once removed , the trays 
loaded with bunches were maneuver ed into p osition with a mix of manual pushing and conveyor s.  
The bunch hanger remove d the bunch covers  and hungs the bunches.  The bunches were lifted one 
at a time using a hydraulic ram and hung on the overhead rail with a chain. The bunches travel led 
along the overhead rail, pass ing through a bunch was h before arriving  at the first de-hander ( Figure 
21). The three banana de -handers operating in packing shed four worked as a team , de-handing 
different parts of the bunch. De-hander  one walked towards the bunch as it approached , removing 
the top two hands and placing them in the trough. As the bunch arrived at de -hander two at the end 
of the trough , de-hander two removed the middle two thirds of the banana hands , rapidly placing 
them directly in the trough. The bunch continued along the rail to de-hander three . De-hander three 
was responsible  for removing all the rema ining hands and placing them in the trough. Once a bunch 
was de -handed , de-hander  three discarded the stalk before t idying the chains on the overhead rail . 
Each of the de -handers  rejected hands with major defects as they worked.  The teamwork  approach 
in packing shed four meant size-based  sorting happened at the de-handing stage . The team -based 
approach to de -handing also acted a s a form of fatigue  management , with the manager informing us 
the ro les would change at break times.  
 
FIGURE 21: THE BANANA PROCESSING FACILITY SEEN AT BANANA PACKING SHED 4. THIS OPERATION SAW THREE 
BANANA DE-HANDERS OPERATE AS A TEAM TO REMOVE BANANA HANDS FROM BUNCHES . 
 
2.4 Packing shed five 
Banana packing shed five was the only organic banana processing facility of the five observed  with 
biosecurity  the most significan t difference noticed in the packing shed's operation . We were 
required to wear new gumboots  provided to us to enter the packing shed.  Packing shed five 
operated with a single trough and two banana de -handers.  In a similar process to that observed in 
packing sheds  two and three , trailer loads of bananas were  brough t to the packing shed. Once in the 
shed , the bunches had covers rem oved and were hung on the overhead rail one at a time using a 
hydraulic ram. After passing through the bunch wash , the bunches arrived at the banana de -
handers.  
The de-handing process in packing shed five operated  two different approaches depending on  the 
number of de -handers working. If two de-handers we re working , they would alternate removing 
hands from the same bunch of bananas. As they placed the hands in the trough , the hands were 
clustered,  discarding fruit with major defects . De-hander  one would then remove individua l 
damaged bananas and start the sorting process. In parallel , de-hander two would discard the stalk 
once the bunch was de -handed and organi se the chains on the overhead rail.  During times when 
only de -hander one was available , the pro cess changed . The bananas were not clustered or sorted at 
the de-handing stage during these times . De-hander  one would remove the hands from the bunch  
and place them in the trough . Once a bunch was de -handed , de-hander one would discard the stalk 
and sort the chains on the overhead rail. Banana de -handing  in the packing shed was a fluid process 
able to adapt to the workforce available at the time. This variability in the process completed at the 
de-handing stage affect ed downstream  processing.  
 
We observed the banana de-handing process in fi ve different packing facilities in the Innisfail/Tully 
region of North Queensland, Australia.  Part of the c riteria we used for selecting  farms  was different 
approaches to banana processing. Although we observed variations in processing practices at each 
of the farms and their packing facilities (or sheds)  we visited , a core set of tasks was completed at all 
sheds .  
Approaches that varied  included processing quantity, processing style , wheel or trough , and the 
number of employ ees in the shed. As a result , we observed that each packing shed's de -handing 
process was tailored to the shed layout, number of processing lines,  and the quantity of fruit 
handled. We observed de-handers operating as individuals and displaying clear team -based 
strategies to effectively remove banana hands from bunches . While each shed had a different 
approach , a clear set of tasks w as complet ed. 
Every packing shed we visited completed the same core steps during the banana de -handing 
process. These clear and repeatable tasks observed across the sample  of banana packing facilities in 
Innisfail and Tully will form the basis for our proposals for inclusion of robotics in banana de -
handing.  
1. The b anana bunch arrives at the de-handing area , following a bunch wash,  either by 
chain or gantry.  
2. The desired cut location is identified by the de-hander  (approx. 1cm from abscission 
line) . 
3. Individual hands are cut and removed  by a labourer . 
4. Hands are placed in the trough or on the wheel.  
a. At this stage , varying amounts of discarding damaged fruit, clustering and 
sorting is completed by the de-handers.  
b. At this stage sap is washed from the cut banana  hands . 
5. Repeat from step two until all hands are removed . 
6. Discard the banana stalk.  
7. Perform tidying  tasks such as organi sing the overhead chains .  
8. Repeat from step one. 
 
FIGURE 22: TWO BANANA DE -HANDERS OPERATING IN TANDEM AT PACKING SHED  5. 
 
2.5 Knives used for banana de-handing  
 
FIGURE 23: KNIVES USED BY BANANA DE -HANDERS AT OBSERVED INNISFAIL  AND TULLY PACKING FACILITIES . 
SERRATED STEAK KNIFE USED ON FARM 1 LEFT. FISH FILLETING KNIFE SIMILAR TO THE KNIVES USED ON FARMS 2-5 
RIGHT   [27]. 
The knife used to remove the banana hands from the bunch is critical to the banana de -handing 
process . While the banana de -handers we spoke to were aware of the speciali sed de -handing knives 
referred to in the literature [6] and [7], we did not find any in use in Innisfail or Tully. We did observe 
two types of knives, the serrated steak knife and the orange handled fish fill eting knife  (Figure 23). 
Like variations  in the de-handing process,  each farm (or shed ) had its knife modification to suit its 
workflow.  The serrated steak knife used  on farm one did not need continual sharpening due to the 
serrated edge. De-handers reported that  the se rrated edge produced less sap when cutting the 
bananas. The remainder  of the sheds used a v ariation of the fish filleting knife. Shed two ground the 
bevel off one side of the knife to produce a curved cut through the wood. Sheds three, four and five , 
removed  the tip of the knife to avoid injuries  when working close to each other. All of the banana 
de-handers interviewed agreed that the shape of the knife used for de -handing would mould to the 
user's style. The knives would mould to such an extent that if de -handers changed knives, the task 
would become more difficult, and the knife may break. All de -handers agreed that cutting style 
affected the shape of the knives . 
2.6 Manual banana de -handing data analysis   
In order to complete  the time and motion  study  of banana de -handing,  data was collected and 
analy sed at each of the five sample processing facilities, applying  the following assumptions. The 
banana de -handers were operating as per regular  operation . Our filming equipment did not disrupt 
any of the banana de -handing proces ses. The  observation time was typical of normal operation.  
 
The data in Table 1 shows the mean time and variance to remove a hand of bananas from a bunch 
on each farm visited. The increase in the mean time to de -hand at farms 1 and 5 is reflective of the 
additional clustering and sorting completed at each of these farms. While it can be taken f rom farms 
2, 3 and 4 that a banana de-hander can de-hand bananas at a n average rate of 4.0 to 4.7 seconds (s) 
per hand.  This rate is not consistent and is constantly int erru pted by other tasks , as is evident in the 
variances of an order of magn itude  larger than the me an de-handing time. Int erruptio ns observed 
on the farm s and discussed in sections 2.1 to 2.5 include stalk disposal , tidying chains and waiting for 
fruit.   
TABLE 1: MEAN TIME TO DE -HAND BANANAS (REMOVE A HAND FROM THE BUNCH ) AT EACH SAMPLE  FARM’S 
PACKING SHED  IN THE INNISFAIL /TULLY REGION OF NORTH QUEENSLAND , AUSTRALIA . 
Mean time to de -hand a hand of bananas on each of the representative  farms  
Farm  Farm 1  Farm 2  Farm 3  Farm 4  Farm 5  
De-handing 
instances observed  
(hands)  681 626 575 1107  417 
Mean time to de-
hand  (s) 10.49  4.12  4.08  4.66  6.57  
Variance in de -
handing time (s)  41.33  32.55 44.65  43.66  52.6  
 
Of further signi ficance is the percentage of the observed time the de -handers were  de-handing 
banana bunches  as seen in Table 2. These times are the percentage of recorded video time that 
banana de -handers were engaged in banana de -handing. Additionally, it is assumed that none of the 
time included is scheduled breaks.  Data captured in shed one shows that the de-handers were de-
handing fruit 55.5% of the time . Farm 1 reported that a decreas e in fruit quality  caused by a delay in 
bagging months ea rlier had slowed the harvesting process , with  a knock -on effect in the packing 
shed. In packing shed five , effective working time was affected by the mixed operation of one or two 
de-handers , as mentioned in section 2.5. With these scenarios taken into account, it is assumed that 
banana de-handers are actively de-handing for approximately 70% of the time.  
TABLE 2: PERCENTAGE OF TIME SPENT DE -HANDING AT EACH SAMPLE  FARM’S PACKING SHED  IN THE INNISFAIL /TULLY 
REGION OF NORTH QUEENSLAND , AUSTRALIA . 
Percentage of time spent de -hand ing on each of the representative  farms  
Farm  Farm 1  Farm 2  Farm 3  Farm 4  Farm 5  
Percentage of 
time spent 
de-handing  55.5%  68.1%  74.4%  69.9%  48.2%  
 
Table 3 details the mean time for each of the banana de -handers on farm one to remove a hand of 
bananas from a bunch.  This data confirms the observations made in section 2.1 regarding  the 
amount of sorting a nd clustering completed by each of the de -handers. De-hander one and four 
were supported by the cluster er, and so  performed minimal clustering and sorting  themselves. 
Without the need to cluster hands , de-hander one and four  had a mean time of 8.5s and 8.3s, 
respectively. De-hander s two and three  operat ed independently , performing de-handing, clustering 
and sorting , and de -handing in  mean times of 12.95s and 11.4s.  This result highlights the additional 
time required to cluster and sort bananas at the de -handing stage.  
TABLE 3: MEAN TIME TO DE -HAND BANANAS FOR EACH OF THE DE-HANDERS OBSERVED ON FARM 1. 
Farm 1  
De-hander  De-hander one De-hander two De-hander three  De-hander four  
De-handing 
instances 
observed(hands)  245 177 200 59 
Mean time to de -
hand(s)  8.48  12.95  11.4  8.34  Variance in de -
handing time (s)  32.5  47.5  41.4  18.4  
 
Table 4 details the mean time for each of the banana de -handers in packing shed two to remove a 
hand of bananas from a bunch. This data reflects  de-hander 's complet ely de-handing bunches while 
only discarding major defects.  The mean time of 4.4s and 3.88s  is comparable to the  mean time at 
sheds  three and four , where similar practices were observed.  
TABLE 4: MEAN TIME TO DE -HAND A HAND OF BANANAS FOR EACH OF THE DE-HANDERS OBSERVED ON FARM 2. 
Farm 2  
De-hander  De-hander one De-hander two 
De-handing 
instances 
observed(hands)  288 338 
Mean time to de -
hand(s)  4.4 3.88  
Variance in de -
handing time (s)  48.1 19.3  
 
Table 5 details the mean time for the banana de -hander in packing shed three  to remove a hand of 
bananas from a bunch.  The mean time of 4.08s is in line with the average time taken to de-hand 
bananas and discard major defects. While the variance of 44.6 seconds is reflective of the  de-hander 
loading four to five  bunches before de-handing described in section 2.3. 
TABLE 5: MEAN TIME TO DE -HAND A HAND OF BANANAS FOR EACH OF THE DE-HANDERS OBSERVED ON FARM 3. 
Farm 3  
De-hander  De-hander one 
De-handing 
instances 
observed(hands)  575 
Mean time to de -
hand(s)  4.08  
Variance in de -
handing time (s) 44.6  
 
Table 6 details the mean time for the banana de -hander in packing shed three to remove a hand of 
bananas from a bunch. The difference in mean times of de -handers is indic ative of the different rol es 
undertaken by the de -handers. De -hander one only removed the top two hands with an average 
time o f 6.6s . De-hander two removed the middle two -thirds of hands with an average time of 2.6s. 
Finally, de-hander three removed the last of the hands and disposed  of the stalk with an average of 
9.22 s. Combined, the three de -handers took an average of 4.66s to remove a hand of bananas from 
the bunch.  
TABLE 6: MEAN TIME TO DE -HAND BANANAS FOR EACH OF THE DE-HANDERS OBSERVED ON FARM 4. 
Farm 4  
De-hander  De-hander one De-hander two De-hander three  De-handing 
instances 
observed(hands)  259 660 188 
Mean time to de -
hand(s)  6.6 2.6 9.22  
Variance in de -
handing time (s)  13.6  21.5 122.6  
 
Table 7 details the mean time for the banana de -hander in packing shed three to remove a hand of 
bananas from a bunch. As observed in packing  shed one , packing shed five de-handers p erformed 
clustering and sorting while de -hand ing the bananas. Similarly , these additional tasks are reflected in 
additional time taken to de-hand bunches compared to packing sheds two, three  and four . 
TABLE 7: MEAN TIME TO DE -HAND BANANAS FOR EACH OF THE DE-HANDERS OBSERVED ON FARM 5. 
Farm 5  
De-hander  De-hander one De-hander two 
De-handing 
instances 
observed(hands)  291 126 
Mean time to de -
hand(s)  6.73  6.18  
Variance in de -
handing time (s)  69.3  14.1  
 
The data collected as part of the time and motion study was consistent with  the observations on the 
farms in the Innisfail/Tully region of North Queensland, Australia. Workers in p acking sheds  of farms  
1 and 5 p erformed additional tasks while de -handing resulting in additional time  taken . While in 
sheds 2,3 and 4 , workers  only discarded bananas with major defects , and dehanded  in a mean time 
of between 4.0 and 4.7s per hand . Of interest is the division of work in shed 3, resulting in a similar 
overall av erage time to shed 2 and 4. Further to this , the banana de -handers de -handed for 
approximately 70% of the observed time.  
3  Opportunities for  the integration of robotics.  
 
Recent advancements in robotics and computer vision systems were considered along  with the 
literature findings and on -site observation to assess the potential for a  viable  robotic de -handing 
solution to be developed . Although robotics has allowed for the automation of many tedious and 
dangerous tasks, the natural variation across banana bunches has traditionally hindered automation 
and robotic solutions. Contemporary computer vision systems allow for more adaptable r obotics, 
accounting for variation in robotic  environment s and task s. We propose a shift away from complex 
mechanical approaches to a robotic de -handing solution as applications of robotic systems have 
been found  to offer the following benefits:  
1. Process quality : Robots can support a consistent level of quality, irrespective of external 
stressors of the organi sation.  2. Addressing l abour variability : Robots can work mostly without downtime; however, they 
require routine maintenance to function at optimal levels.  
3. Scalability:  Once the robotic process has been implemented and infrastructure put in place, 
the number of robots can easily be increased to scale with demand.  
4. Increased competitiveness:  Adopting robots enables Australia to compete with  countries 
with  lower labour rates.  
5. Labour cost for output : Using robots, the manufacturing cost does not necessarily increase 
interrelated  to output, as it traditionally does for manufacturing processes that  rely on 
predominantly manual processes.  
Earlier  attempts to automate banana de -handing , seen in the desktop study , used complex 
mechanical solutions.  The proposed solutions  used complex sets of comb style kni ves and linkages to 
adapt to the size and shape of the banana stalk. Observations in banana packing facilities  indicated 
that such a solution would require continual sharpening  of the blades and sap removal  from moving 
parts . A robotic solution coupled with computer vision could provide an alternative strategy that 
allow s customi sed remov al of each banana hand. By id entifying the cut  location with computer 
vision , a robot arm could accurately remove each hand from the bunch.  Robotics coupled with 
computer vision could allow a daptability to natural v ariation in banana bunches without the 
complexity of multiple cutting edges and linkages.  
We observed a clear set of steps required to remove a hand of bananas from a bunch.  The gantry 
brough t banana  bunches to the de-handing area . Each hand was removed individua lly and placed in 
the trough/wheel , and the de -hander discarded the banana  stalk.  The repeatability of the tasks to 
de-hand bananas make s it a prime can dida te for automation.  While the natural variation  in the 
bunches make s compliant systems complex and difficult to implement , robotics coupled with 
computer vision could be expected to handle the  variation.   
The data analysis of the banana de -handing operations showed a considerable amount of downtime 
and v ariation in the time to  remove a hand of bananas from a bunch.  A robot can continue to 
operate at a consistent pace and with consistent quality without breaks and downtime . This 
consistency would supply the downstream process with fruit and free up banana de-hander 
resources to complete other tasks.  One of the significant  benefits of robotics is producing  consistent 
results constantly . 
In addition to our observations of the banana de-handing process , we observed ma rkings on the 
banana bunch es that are ideal visual markers for a robotic banana de-hander.  The abscission  line 
(Figure 24) is an ideal  reference point for cutting the hands from the bunch. Using computer vision , 
the abscission  line could be located for each hand . With the l ine's location, the robot can calculate a 
cutting trajectory leaving the desired amount of wood , and t he robot arm would then cut the hand 
from the bunch. While our observations are not absolute, we are confident that the abscission line 
exists on all cavendish bananas  (Figure 25) and visually defines  where the bract attaches to the 
bunch. Our observations indicate that the abscission line remains on the bunch once the bract drops 
off. One cha llenge with this approach is instances of banana hands curling towards the s talk and 
blocking the view of the line. Currently , banana de -handers would push the bananas away from the 
stalk to cut the hands from the bunch. A de -handing robot may need to replicate this motion of 
clearing the hands from the stalk .   
FIGURE 24: THE ABSCISSION  LINE SEEN ON BANANA BUNCHES BEFORE DE -HANDING  
 
 
FIGURE 25: THE ABSCISSION LINE DEVELOPS ON THE HANDS OF BANANAS WHEN THE BRACT FALL S OFF THE BUNCH . 
The banan a de-handing process observed in Innisfail and Tully  used water to wash bunches and 
hands. This washing remove d debri s and animals that collect ed in the bunch as it gr ew and remove d 
sap from cut bananas. Due to the la rge quan tities of water required , it is considered impractical to 
de-hand  banan as in the field. As such , our proposals will focus on packing shed based solutions.  
With the knowledge gathered regarding banana de -handing, we propose developing an approach 
that uses robotics coupled with computer vision to automate the  process. We deviate from the 
approaches seen in the desktop study. This change in direction simplifies the need for complex, 
adaptable and open loop cutting devices. It is anticipated that this approach would  close the loop , 
detect ing and adapt ing to natural variations in the fruit. The abscission  line that appeared on all 
bunches seen is expected to provide  the perfect  guide for a robotic banana de-hander . It is for these 
reasons that we suggest these strategies for developing an automated solution should be furthe r 
investigated.   
3.1 Automation Options  
 
Three potential  options that could be developed for automating  banana de -handing are presented . 
The three approaches proposed  are based on the observations made  in Innisfail/Tully and 
information uncovered in the desktop review. The three proposals distinguish themselves from 
previous  attempts to automate banana de-handing by leveraging recent robotics and computer 
vision advances . Robotics paired with computer vision is an approach that could be expected to  
allow individual tailoring of the solution for each banana bunch.   
3.1.1 Option 1 The robotic  banana de -hander  
 
This robot could work in the existing space for the banana de-handers .  It would be  mounted on a 
track for movement and equipped with a perception  module  and two robot arms.   The first robot 
arm could use a purpose -designed and built robot gripper to grasp banana hands and position the 
bunch .  The second arm , equipped with one of the cutting implements described below , would  cut 
the hand from the stalk.   Once a hand is removed from the bunch , the robot  would place them in the 
trough/wheel.  
This approach represents a significant investment in both research and development  – the largest 
investment of the three options proposed in this report . Note : a variant of this robot might be able 
to use a single more complex robot arm and man ipulator combination  (i.e. the cutter and grasping 
tool on one arm). However, this would pose additional challenges in design . 
 
 
Existing tec hnolo gies 
Although, th e robotic  banana de -hander represents a signi ficant  amount of research and 
development, readily available  technologies exist to expedite some aspects.  
• The track : When  industr ial robots  move along a production line, they are installed on tracks 
to guide them through the workspace. We would adopt this tracked approach  allowing the 
robotic banana de-hander to move with the bananas on the overhead rail.  
• Robotic arms:  Robotic arms are available in various  scales and functionalities. The robotic 
banana de -hander would use existing robotic arms , selected and  adapted for the packing 
shed.   
• Perception:  The robotic banana de -hander would leverage existing perception devices , such 
as 2D cameras , RGB/Greyscale , depth cameras  and Lidar .  
Technologies to develop  FIGURE 26: AUTOMATED BANANA DE -HANDER OPTION 1. USING TWO ROBOTIC ARMS AND A PERCEPTION 
PACKAGE THE ROBOT CUTS THE BANANA HANDS FROM THE BUNCH AND PLACES THEM ON THE WHEEL /TROUGH . • Robotic manipulator : To our knowledge, no existing robotic man ipulator can handle  the 
fruit and not mark or bruise  it. The easily markable skin of bananas represents a significant 
challenge when handling bananas.  A purpose -designed manipulator will likely  be needed for 
the robotic  banana de -hander meet requirements . 
• Software :  
o Robotic control : The proposed robotic banana de -hander is a complex system 
completing a series of complex tasks in a cha llenging environment. Developing a 
controller to operate the robot would be a significant task.  Tasks would include, 
path planning for two robot arms, (to ensure that they don’t collide with each other 
or the environment - dual arms posing increased difficulty to path planning on a 
single robot arm ), positioning the bunch, grasping the hand, cutting the hand from 
the bunch and placing the hand in the trough/wheel.  
o Perception : The perception system required to operate the robotic banana de-
hander would require  significant  development  due to it’s novel and complex nature . 
Perception would need to identify the bunch, the bunch ’s centre of gravity for 
manipulation, individual hands, location for cuts  (abscission line ), clear space in the 
trough/wheel for the cut hand.  
• Waterproofing : The banana packing sheds observed operated bunch washes and floated the 
hands in water to remove sap. The entire robotics solution will need to operate in a damp 
environment with water mist in the air .  Some components , such as robot arms , are 
commercially available in waterproof models and would be explored  during development .   
• Sap proofing:  Much of the water used in banana packing sheds removes sap from cut 
bananas. The robotic banana de-hander would need to operate in an environment with the 
sap needing the appropriate cleaning and maintenance considerations.   
Modification to existing infrastructure  
The design of the robotic banana de -hander would keep in frastructure modifications to packing 
sheds to a minimum. No additional space or equipment modifications would be necessary by 
locating the robotic banana de -hander in the area currently reserved for manual de -handing . The 
robotic banana de -hander would require a track on the ground to move with the banana bunches 
and access to power and other services needed to complete its task.   Final ly as this system would 
likely use an industrial robot , the roboti c banana de -hander would need  to conform with safety  
requirements , including separating it from other banana workers . 
The robotic banana de -hander rep resents the most signi ficant investment in research and 
development of all the options presented. The timeline for technology such as custom manipulators 
and software to mature for com merc ial implementation is anticipated to  be from  five to ten  years. 
This solution  offers broad opportunit ies for integration into the downstream workflow. Future 
technologies required for a robotic banana de -hander , including the manipulator and cutting tool , 
apply to the clustering, sorting,  and banana  packing tasks . A robot similar to the robotic banana de-
hander could perform clustering and sort ing in banana processing lines . At the same time,  a robot 
with the proposed de -handing manipulator could be further developed to pack banana clusters . 
Additionally , If an alternative to washing the sap from banana clusters can be found, a single robotic 
banana worker could de-hand, sort/cluster and pack banan as. The robotic banana de -hander 
represents the most ambitious approach to de -handing banana bunches proposed . The 
development of required components for its success do es have potential impl ementations in other 
aspects of banana processing  as well as processing of other foods .   
3.1.2 Option 2 The submersion de-hander  
The proposed  submersion de-hander lifts the banana bunch out of a trough and removes the hands 
at the water level. The submersion de-hander uses a robot arm, a lifting and positioning mec hanis m, 
a perception package and one of the cutting methods detailed below.  The submersion de-hander 
could be  a standalone industrial robotic solution or operate alongside one or more  de-hander s in a 
cobotic solution.  
As the banana bunch arrives on the overhead rail , the bunch is attached to the lifting and positioning 
mechanism and lowered into the tank. Once fully submerged , the lifting and positioning  mechanism 
lifts the bunches out of the tank . As the bunch rises out of the tank, the perception system identifies 
each  hands a nd location for the cut. The robot arm cuts the hand from the bunch . Once removed 
from the bunch, the hand is moved away with a water jet.  There is no additional requirement to 
handle the banana b ecause the hands  are removed at water level.  The process is repeated  for each 
hand on the bunch , with the lifting and positioning mechanism adjusting to the location of the cut . A 
conveyor lifts the hands from the tank onto the trough/wheel. Future work could see an additional 
module for clustering and sorting bananas before entering  the trough/wheel.   
 
 
Existing technologies  
• Robotic arms:  Robotic arms are available in various scales and functionalities. The robotic 
banana de -hander would use existing robotic arms adapted for the packing shed.   
• Perception:  The robotic banana de -hander would leverage existing perception devices , such 
as 2D cameras, RGB/Greyscale, depth cameras and Lidar.  
• Conveyer : Getting the banan as from the tank to the wheel/trough would ut ilise existing 
conveyor technology. Conveyors are used extensively in banana packing sheds and would be 
adapted to get the hands from the tank into the processing line.  
Technologies to develop  
• Lifting and positioning  mechanism:  The proposed lifting and positioning mechanism could 
form part of the robotic or cobotic solution . 
Conveyor  belt 
or future 
module  
 
FIGURE 28: BANANA DE -HANDING ROBOT OPTION 2. THE BANANAS ARE SUSPENDED IN A TANK OF WATER AND 
SLOWLY LIFTED . AS THE BUNCH IS LIFTED THE INDIVIDUAL HANDS ARE REMOVED . o The robotic lifting and positioning mechanism would be attach ed to the banana 
bunch as it approaches via the overhead rail before positioning the bunch for de-
handing. The mec hanis m needs to be developed and could be a mechanical solution 
or a robotic actuator.  In the case of a  cobotic lifting and positioning mechanism , a 
banana de -hander would locate  the bunch into the mechanism and use an assisted 
positioning  device to manipulate the bunch for de-handing.  
• Software :  
o Robotic control : The proposed submersion de-hander  will need to be developed to 
perform tasks including – attaching the bunch to the lifting and positioning 
mechanism, lifting and manipulat ing/position ing the bunch , as well as cutting 
banana hands . These tasks would need to be  based on the feedback of the 
perception system . Developing a controller to operate the robot would be a 
significant task.  
o Perception : A dedicated perception package would need to be developed for the 
submersion de-hander . Perception would need to identify the bunch, the bunch ’s 
centre of gravity for manipulation, individual hands, location for cuts  (based on the 
abscission line ). 
• Waterproofing : The observed banana packing sheds operated bunch washes and floated the 
hands in water to remove sap. The entire robotics solution will need to operate in a damp 
environment with water mist in the air.  Some components, such as robot arms, are 
commercially available in  waterproof models and would be explored during development.   
• Sap proofing:  Much of the water used in banana packing sheds removes sap from cut 
bananas. The robotic banana de-hander would need to operate in an environment with the 
sap. Requirements for  cleaning and maintenance would need to be tested  and incorporated 
in the system development .  
Modification to existing infrastructure  
The tank used by the submersion de-hander will be located in the banana de-handing area to utili se 
the existing overhead rails. The tank will need to be large enough to contain the largest banana 
bunches and exceed a depth  of 1.5 metres . The packing shed will need to allocate  space  to fit the  
tank.  The banana packing shed will require m odification to the overhead rail system to facilitate 
attaching the bunches to the lifting and positioning mec hanis m. This modification may be as simple 
as a mechanical system to position the bunch for the lifting and positioning mechanism or the 
addition of an actuator.  
The submersion de-hander  simplif ies the post -cutting  process  by removing the hands directly into 
the water. Cutting the hands directly into the water removes the need  for an additional robotic arm 
with a manipulator (as seen in the robotic banana de -hander option  above) . This reduces a 
significant amount of expected system  complexity. However, without  the additional arm , a solution 
needs  to be developed to  attach  the bunch to the lifting and positioning  mechanism – which may 
add complexity to the system. The attachment of the bunch to the lifting mechanism could be 
fulfilled by a robotic or mechanical solution , with both solution s need ing research and development.  
The attachment of the bunch to the lifting and positioning mech anism could be resolved through the 
development of a cobotic solution. The operator could assist in positioning the bunch into the lifting 
and positioning mechanism before the robot de-hands the bunch. The approach would simplify the 
modification ne eded for the attachment  of bunches. This cobotics ap proach  would see a single 
banana de -hander operate multiple submersion de -handers.  The ability to incorporate robotic collaboration into the subme rsion de-hander means that  we can 
stage its development . Starting with the operator helping align and maneuver the bunch with an 
assisted lifting device in place of the lifting and positioning mechanism . This  approach  would allow 
initial exploration of the cutting device needed for banan a de-handing. Once the cutting device is 
mature , we would develop an automated lifting and positioning mec hanis m with human -assisted 
bunch attachment. Finally , the entire de-handing process could be automated.   
The modular nature of the proposed submersion de -hander means future work could add clustering 
and sorting components at the location of the proposed  convey or. The potential expansion would 
leverage technologies such as banana handling and perception developed for the submersion de -
hander. The submersion de -hander offers a staged approach to the automation of banana de -
handing. This staged approach means the entire solution does not need to be complete before 
results can be seen in banana packing sheds.  
 
3.1.3 Option 3 De-handing from below  
 
 
The proposed  de-handing from below  approach involves suspending  the bunch , at an angle,  over a 
water tank . The hands are cut and fall  directly into the water. The  manipulator lowers and rotates 
the bunch into position for the robotic arm to cut/remove the hands. The de-handing from below 
robot uses a robot arm, a lowering and rotating mechanism, a perception package and one of the 
cutting methods detailed below.  The angle of the bunch would  cause gravity to pull the banana 
hands away from the stalk , retain a  degree  of access to the cutting line  and reduce the depth 
required for the stem to be lowered as subsequent layers of hands are removed.  The perception 
system identifies the banana hands from beneath , and the robot  remove s the hands just above the 
water. Note : the robot arm can operate  above the wa terline, dropping the hands a short distance 
into the water before being moved away by jets, or submerged as per figure 30.  Cutting the hands 
from the bunch just above the water removes the need for a manipulator to handle the bananas.  A 
conveyor lifts the hands from the tank onto  the trough/wheel. Future work could see an additional 
module for clustering and sorting bananas before entering  the trough/wheel.  Similarly to the 
submersion de-hander, de-handing from below could be implemented as a standalone  robotics 
solution or a collaborative cobotics solution.  
Conveyor  belt 
or future 
module  
 
FIGURE 30: BANANA DE -HANDING OPTION 3. THE BANANA BUNCH IS ANGLED TO A TUB OF WATER AND THE HANDS 
ARE REMOVED JUST ABOVE THE WATER . ONCE IN THE WATER THE HANDS ARE MOVED AWAY WITH WATER JETS .  Existing technologies  
• Robotic arms:  Robotic arms are available in various scales and functionalities. The robotic 
banana de -hander would use existing robotic arms adapted for the packing shed.   
• Perception:  The robotic banana de -hander would leverage existing perception devices , such 
as 2D cameras, RGB/Greyscale, depth cameras and Lidar.  
• Conveyer : Getting the banan as from the tank to the wheel/trough would utili se existing 
conveyor technology. Conveyors are used extensively in banana packing sheds and can be 
adapted to get the hands from the tank into the processing line.  
Technologies to develop  
• Lifting  and rotating  mechanism:  The proposed lifting  and rotating  mechanism could form 
part of the robotics or cobotics solution.  
o The robotic lifting and rotating mechanism would be attached to the banana bunch 
as it approaches via the overhead rail before positioning the bunch for de-handing. 
The mechanism to do so needs to be developed and could be a mechanical solution 
or a robotic actuator.  
o The cobotic lifting and rotating mechanism would see a banana de -hander position 
the bunch in the mechanis m. This approach could see a single staff member operate 
multiple robotic de-handers.  
• Software :  
o Robotic control : The proposed  solution to de-hand bananas from below  will need to 
lift, manipulate, and remove banana hands based on the feedback of the perception 
system. Significant development would be required for the proposed  controller to 
operate the robot. Tasks for the controller  include  attaching the bunch to the lifting 
and rotating mechanism, positioning the bunch and cutting the hands from the 
bunch.  
o Perception : As for the  robotic control, a dedicated perception package for the de-
hand from below robot  de-hander  would need to be developed . Perception would 
need to identify the bunch, the bunch ’s centre of gravity for manipulation, individual 
hands, and location for cuts . 
• Waterproofing : The observed banana packing sheds operated bunch washes and floated the 
hands in water to remove sap. The entire robotic solution will need to operate in a damp 
environment with water mist in the air.  Some components, such as robot arms, are 
commercially available in waterproof models and would be explored during development.   
• Sap proofing:  Much of the water used in banana packing sheds removes sap from cut 
bananas. The robotic banana de-hander would need to operate in an environment with the 
sap. Requirements for  cleaning and maintenance would need to be tested and incorporated 
in the system development.  
 
Modification to existing infrastructure  
The tank used to de -hand the banana bunches from below will be located in the banana de-handing 
area to utili se the existing overhead rails. The packing shed will need to allocate space to fit the tank. 
The banana packing shed will require modification to the overhead rail system to facilitate attaching the bunches to the lifting and rotating mechanism. This modification may be as simple as a 
mechanical system to position the bunch for the lifting mechanism or the addition of an actuator.  
De-handing banana bunces  from below simplifies the post -cutting process  by removing the hands 
directly into the water. Cutting the hands directly into the water removes the need for an additional 
robotic arm with a manipulator  (as seen in the robotic banana de -hander option  above).  This 
reduces a significant amount of expected system complexity. However, without the additional arm, a 
solution needs to be developed to attach  the bunch to the lifting mechanism – which may add  
complexity  to the system.  The att achment of the bunch to the lifting mechanism could be fulfilled by 
a robotic or mechanical solution, with both solutions needing research and development.  
The attachment of the bunch to the lifting  mechanism could be resolved through the development 
of a cobotic  solution. The operator could assist in positioning the bunch into the lifting  mechanism 
before the robot de -hands the bunch.  The approach would simplify the modification needed for the 
attachment of bunches. This cobotics approach would see a single banana de -hander operate 
multiple submersion de -handers.  
The ability to incorporate robotic collaboration into the de-handing from below approach  means 
that we can stage its development. Starting with the operator helping align and maneuver the bunch 
with an assisted lifting device in place of the lifting  and rotating mechanism. This approach would 
allow initial exploration of the cutting device needed for banana de-handing. Once the cutting device 
an automated lifting  and rotating  mechanism could be developed with a human -assisted bunch 
attachment. Finally, the entire de-handing process could be automated.  
The modular nature of the proposed  approach to remove hands from below means future work 
could add clustering and sorting components at the location of the proposed conveyor. The 
potential expansion would leverage technologies such as banana handling and perception developed 
for the de -hander. The de -hander offers a staged ap proach to the automation of banana de -handing. 
This staged approach means the entire solution does not need to be complete before results can be 
seen in banana packing sheds.  
 
3.2 Cutting tool options  
The cutting tool used by a robotic banana de -hander will play a pivotal  role in removing the bananas 
from the bunch.  We propose the exploration of five cutting tool options. Two technologies with 
proven capabilities in the banana industry, one with a track record of use in the food industry  and 
two untested options that may benefit the de -handing process . The cutting tools of interest are as 
follows.  3.2.1 Knife 
The banana packing sheds observed in Innisfail , and Tully farms used 
knives  (Figure 31) to remove hand s from the stem . It would be 
feasible to attach  a knife to a robot arm end -effector and us e it in 
the same mann er in which current banana de -handers remove 
bananas from the bunch ’s stem . 
Pros  
• Proven technology . 
• Low cost . 
• No additional infrastructure.  
Cons  
• Requires sharpening .  
• Likely to  require additional safety for packing shed 
workers.   
• Susceptible to sap build -up. 
 
 
3.2.2 Pneumatic knife  
Banana varieties such as ladyfingers use pneumatic knives to cut the hands from the bunch. The 
pneumatic knife could be attached to the robot end -effector  (in a similar approach to that described 
in 3.2.1 above) . 
Pros  
• Proven Technology.  
• Parts are typically available at a local tool shop.  
Cons  
• Requires inst allation of pneumatic  lines (where not 
already in place) . 
• Likely to  require additional safety for packing shed 
workers.  
• Susceptible to sap build -up. 
FIGURE 32: PNEUMATIC KNIFE SIMILAR TO 
THOSE USED FOR DE -HANDING LADYFINGER 
BANANAS [27].  FIGURE 31: KNIFE SIMILAR  TO THOSE USED 
IN BANANA PACKING SHEDS IN INNISFAIL 
AND TULLY  [27].  
3.2.3 Water jet  
Water jets are used to cut food  in other food processing applications  [28]. This tec hnolo gy may be 
adaptable for  cutting banana hands from bunches.  
Pros  
• No cutting edge to clog with sap.  
• Food grade variants exist.  
Cons  
• May be difficult only  to cut the intended fruit.  
• Require s additional water plumbing . 
• May require safety barriers.  
 
3.2.4 Laser  
Examples exist of lasers used for cutting and engraving food 
[29]. The laser's heat  may seal the banana crown when cutting , preventing sap from lea king from the 
fruit.  
Pros  
• May seal the end of the banana hands as they are cut from the bunches.  
• Some examples of use with food.  
• No cutting edge to clog with sap.  
Cons  
• No known examples of use in  mass -produced  food . 
• Unknown safety issues of using lasers around water.  
 
3.2.5 Hotwire cutter   
Simil ar to the proposed use of lasers, it is anticipated  that hotwire cutting could have the added 
benefit of  stop ping  the sap flow from the cut edge of the banana hand.  
Pros  
• May seal the banana hands as they are cut from the bunches.  
Cons  
• No known examples of use in mass -produced food.  
• Susceptible to sap build -up. 
 
We have provide d five areas of exploration for cutting banana hands from bunches. The kni fe and 
pneumatic knife are proven technologies in the banana industry.  Either option could be 
FIGURE 33: WATER JET NOZZLE USED IN 
FOOD PROCESSING [28]. implemented with minimal research  and some level of success  expected . Both the knife and 
pneumatic knife are susceptible to sap build -up. We also propose using  water jet cutting tec hnolo gy 
with existing food processing implementations. This approach does not have a cutting edge to clog 
with sap and may be a viable technology. The last two options , laser cutting and hot wire cutting are 
technologies largely untest ed in food processing . They offer the prospect of sealing the cut when the 
hand is removed from the bunch. This reduction in sap produced during processing is worth 
exploration.  Our recommendation is to further explore  the f ive cutting methods for use on a robotic 
banana de -hand er. This exploration should look to identify the level of su itability of the three 
methods untested in the banana industry  and determine the most effective method for an 
automated de -handing solution .  
4 Estimated Costs  
A cost benefit analysis for incorporating automated robotic dehanding into existing farm processes 
would require a minimum viable product to be determined with technical specifications  that c ould  
be costed. This would need to be compared to labour and related costs associated with manual 
dehanding  in the context of a market analysis . 
Provided in this report and associated project plan are  the costs that could be ascertained from the 
time and motion stud y and proposed robotic integration approaches : 
- a cost estimate to establish a robotic cell in order to develop the proposed submersion de-
hander ( automation option 2 ) to technology readiness level  (TRL)  5 (refer project plan ),  
- costings to employ a banana de -hander for 12 months and approximate  costings to de -hand 
bananas  (refer project plan attached ).  
Automation option 2  has been modelled because of shared technology with both option s 1 and 3 . 
Our proposed progress  of option 2  to TRL 5  would see c omponent and/or process validation in a 
relevant environment . The inclusion of estimated banana de -handing costing not only provides a key 
input to a future cost benefit analysis. It also provide s a capability target  for automated system 
development . To be successful  the implemented automation  option  would need to p erform 
comparably to existing manual de-handers with metrics to be developed from existing costings.  
At the completion of a TRL5 pro totype the following out comes are anticipated : 
• The banana de -handing technique  is validated . 
• Minimum required equipment and robot degrees of freedom  to complete the task  are 
identified . 
• Solution operates i n a simulated target environment (working conditions, sap, lighting ) 
• Specification is benchmarked  against current manual handling.  
Completion of these elements would enable a cost benefit analysis of the proposed solution to be 
undertaken.  
The provided costings ( refer attached project plan)  detail the estimated cost to progress automation 
option 2 to TRL  5, pending a detailed design phase and articulation of agreed technical specification . 
The cost outlined do not reflect  a deployable system . For example , the development cell requires a 
robot that can test through a range of degrees  of freedom in order to determine the optimal 
degrees of freedom for the ultimate robotic solution and associated specifications.  This process 
would produce a beta prototype tested in a representative environment  and include the following 
components:   1. Robot arm : Identify , purchase  and commission  a robot arm for handling banana bunches. 
We propose the use of an existing robot arm with capacity to manipulate a bunch of 
bananas. To enable infield testing , the robot used should have the appropriate  IP (Ingress 
Protection) rating  and effectively work in wet conditions . 
2. Robot arm path planning : Develop collision avoidance for the prototype  robotic cell . 
3. Secondary arm for cuttin g: Identify and purchase a secondary arm. The secondary arm  
needs to provide sufficient dexterity to cut banana hands while having an appropriate IP 
rating.  
4. Computer vision system : Identify and purchase a computer vision and sensor package for 
detecting banana hands and propose locations for cutting . 
5. Convey or Development :  Identify and purchase components for a conveyer to  lift bananas 
from the tank proposed in automation option 2 onto the wheel/through for processing.  
6. Interface with existing convey or and overhead rail :  Develop algorithms  and control to 
interface with the proposed con veyor and existing overhead banana rails.  
7. End-effector and cutting tool : Identify  and purchase the appropriate cutting device from the 
proposals.  
The costs  detailed  in table 8  are intended  to develop  metrics to evaluate the implementation of 
automation options . The costs are based on the data collected as part of the time and motion study 
and publicly available data regarding wages. Assumptions have been made regarding annual wor king 
days , and the data provided excludes weekends and public holidays.  Data regarding efficiency is 
based on  information gathered during the time and motion study , which  showed banana de -handers 
were de -handing for approximately  70% of the recorded time.  This data provides a basis for 
developing metrics to compare manual banana de -handing and the p roposed automation options.  
 
TABLE 8: ESTIMATED COST TO EMPLOY A BANANA DE -HANDER FOR A YEAR AND APPROXIMATE COST PER HA ND TO 
PROCESS . 100%  EFFICIENCY ASSUMES WORKING WITH NO DOWNTIME , WHILE 70%  REFLECTS TH E RATE  OBSERVED IN 
THE PACKING SHEDS  DURING THE TIME AND MOTION STUDY . 
De-hander $/hr  Day length  Cost per day  Annual w orking days  Cost per year  
25.41  8 203.28  249 50616.72  
          
Assuming efficiency %  100       
De-handing time  Hands pre minute  Hands per hour  Hands per day  Cost per 
hand  
4.5 13.33333333  800 6400  0.0317625  
          
Assuming efficiency %  70       
De-handing time  hands pre minute  Hands per hour  Hands per day 8hrs  Cost per 
hand  
6.428571429  9.333333333  560 4480  0.045375  
 
The information provided would be further developed in a detailed design . Further 
development of a cost-benefit analysis would explore areas such as.  
Intangible costs:  
1. Proven process : The cost and risk of adopting an unknown method.  2. Job creation in Australia : The value of creating jobs locally.   
3. Accuracy : The cost (or benefit) of removing or leaving too much crown from the hands.  cuts, 
bruises and incorrect quantity of crown after de-handing.  
4. Flexibility : For a manual approach, banana de -handers can be rapidly redeployed while a 
robot will have a single task.  
5. Staff a vailability : Labour  availability can be impacted by many external factors. Requiring 
resources  to be drawn from other processing areas.  
6. Price and market for bananas: We can only consider the relative efficiency gains of the 
proposed solution against the existing manual process. Impacts on profitability and 
productivity would impact cost -benefit and should be assessed . 
7. Funding availability : For a manual approach, there may be no extra funding sources;  
however, for an automated approach, there may be  grants from the government and  other 
sources of finance.  
8. Waste: Waste within the industry fluctuates  with the weather and can be affected  by factor s 
that are beyond the scope of this project . Such factors include the timing of bagging banana 
hands.  
Tangible costs:  
1. Banana de -handing time. The cost to remove  a hand of bananas from a bunch and place 
them on the trough/wheel.  
2. Equipment setup cost : The cost to set up  the equipment, which includes staff training in 
order to operate the speciali sed equipment.  
3. Computer vision system: The CV system has one or more cameras mounted around  the 
banana packing shed or on the robot arm in order to sense the shape and pose of the 
banana bunch and hands in 3D. The accuracy required by the application greatly affects the 
cost of the  cameras. The shape and pose information can then be used to aid the alignment 
of the bu nch and provide feedback to the cutting tool.  
4. De-handing  robot: A robotic de-handing system, capable of cutting individual banana hands  
from a bunch of bananas .  
5. Cutting tool:   The cost of the tool used to cut the banana hands from the bunch.  
6. Robot waterproofing:  An additional cost incurred by using a robot in an environment 
constantly filled with water. Either included in the specifications of the de-handing robot or 
as an additional waterproofing layer.  
7. De-handing to conveyer mechanism : The de-handing to conveyer mechanism  progresses 
the banana hands from the de-handing location onto the trough/wheel.  
8. Packing shed : The space where the product is manufactured has an intrinsic cost.  
9. Supervision: The cost of supervising the de-handing  task.  
10. Support staff: The cost of the staff required to support the de-handing robot  process.  
11. Documentation: The cost of documenting all the procedures and reports.  
12. Re-Skilling cost: The cost of training staff with new skills when new staff are introduced to  
the de-handing process.  
13. Electricity: The cost of electricity for the entire de-handing  process.  
14. Research and Development: The cost associated with researching and developing robotic 
banana de-handing.  
15. Maintenance: The cost associated with the maintenance  of a robotic banana de -handing 
robot.  16. Other overheads: Miscellaneous project overhead costs.  
17. Profit: This includes any changes in sales cost that result from variations in q uality  (e.g., from 
reduced or increase bruising or more accurate sorting) .  
 
5 Conclusions & Recommendations   
During this project, we visited a representative set of banana packing facilities in north Queensland 
and conducted a desktop study of existing literature. We have found that banana processing remains 
a labour -intensive process , with the manual de -handing component providing an additional  risk of 
working with and near knives along with repetitive strain injuries to hips and hands.  Within the 
literature, existing attempts to mechani se and automate banana de -handing have utili sed complex 
mechanical systems. These systems are susceptible to banana sap , and at least one system was not 
continued due to causing fruit damage.   
Banana de -handing is a repetitive task completed at a core integration point in banana processing 
which makes de -handing a prime candidate for automation and robotics.  At each of the packing 
sheds , we identified a core set of  de-handing  tasks:  
1. The banana bunch arrives at the de -handing area either by chain or gantry.  
2. Individual hands are removed from the bunch.  
3. Hands are placed in troughs or on a wheel conveyor system.  
4. The tasks then repeat from step two until all hands are removed.  
5. Banana stalks are discarded.  
6. Perform tiding tasks such as organi sing the overhead chains.   
7. Repeat step one.  
We have proposed three possible robotic approaches to improve the banana de -handing process. 
Robots can support a consistent level of quality, irrespective of external stressors of the 
organi sation. Productivity/Speed: Robots can work mostly without downtime, holidays or sick leave; 
however, they require routine maintenance to function at optimal levels.  
Based upon the outcomes of this feasibility study it is recommended that:  
1. Previously proposed automated de -handing solutions and inventions are unlikely to be 
viable for adoption in Australia and do not warrant further investigation or development.   
These and other mechanical banana de -handing technologies are likely to have 
unacceptable impacts on fruit quality/bruising.  
2. Advancements in computer vision, machine learning and robotic handling methods provide 
promising opportunities for the development of a viable de -handing solution.  
3. It would be feasible to develop a solution based on the above methods to Technology 
Readiness Level 5.  
4. Applied research would enable investigation of methods to identify the cutting trajectory and 
maneuvering required to perform the optimal cut.  
5. Engineering services/tasks could be performed in parallel to research to test and develop 
optimised equipment requirements (e.g. number of robotic axes required, optimal end 
effectors for cutting and handling) and software requirements in a like -industrial setting.  
6. Technology development could best focus initially on the components that are usable across 
the potentail approaches such as computer vision, cutting devices and end effectors.  7. In order for a minimum viable  product and technical specifications for a solution to be 
developed, detailed design of two robotic options should be progressed to the next stage of 
development , establishing and using a laboratory robotic cell to investigate and define 
optimal specifications for a working prototype.  
8. A cost benefit analysis would best be conducted once the minimum viable product is specified 
and throughput can be quantified.  
9. Additional information regarding costs and requirements associated with quality, including 
current quality impacts from de -handing and other processing tasks would inform both 
solution development and a cost benefit analysis.  
10. Commercial partners need to be identified and engaged to ensure that there is a pathway for 
the final stages of technology development and commercialisation.   
6 Bibliography  
[1] T. G. Franklin, G. Jamieson, and D. Schoorl, “Handling bananas with a mechanical dehander,” 
Queensl. Agric. J. , no. September -October, 1985.  
[2] J. Guo, J. Duan, J. Li, and Z. Yang, “Mechanized Technology Research and Equipment 
Application of Banana Post -Harvesting: A Review,” Agronomy , vol. 10, no. 3, 2020, doi: 
10.3390/agronomy10030374.  
[3] Z. Xu, Z. Yang, and Z. Zhu, “Parameter optimi sation sof banana crown -cutting machine using 
combined cutters,” Curr. Sci. , vol. 117, no. 3, pp. 492 –497, 2019, doi: 
10.18520/cs/v117/i3/492 -497.  
[4] B. G. Lemin Craig, Lindsay Stewart, “Improved fruit handling systems,” 1999.  
[5] G. Merino, L. da Silva, D. Mattos, B. Guimarães, and E. Merino, “Ergonomic evaluation of the 
musculoskeletal risks in a banana harvesting activity through qualitative and quantitative 
measures, with emphasis on motion capture (Xsens) and EMG,” Int. J. Ind. Ergon. , vol. 69, pp. 
80–89, Jan. 2019, doi: 10.1016/j.ergon.2018.10.004.  
[6] “Banana Knives | Cutting Knife | Hyde IBS.” 
https://www.industrialbladesandknives.com/products/hand -knives -mill-knives/banana -
knives/ (accessed Feb. 02, 2022).  
[7] M. H. JIN ZHIQIANG, WANG JIASHUI, XU BIYU, “CN202979733U Banana comb cutter,” 
CN202979733U, 2013.  
[8] D. Mohapatra, S. Mishra, C. B. Singh, and D. S. Jayas, “Post -harvest Processing of Banana: 
Opportunities and Challenges,” Food and Bioprocess Technology , vol. 4, no. 3. Springer, pp. 
327–339, May 22, 2011, doi: 10.1007/s11947 -010-0377 -6. 
[9] Z. Z. DUAN JIELI, YANG ZHOU, “CN103584264A Inserting cutting type variable diameter 
banana shaft removing and combing cutter self -adaptive to diameter of banana,” 
CN103584264A, 2014.  
[10] Y. ZHOU and W. Z. DUAN JIELI, LI JUN, ZHU ZHENGBO, XU ZEYU, “CN106900280A Inserting 
and cutting -type banana comb drop tool,” 2017.  
[11] J. Guo et al. , “Design and experiment of banana de -handing device based on symmetrical 
shape deployable mechanism,” Symmetry (Basel). , vol. 12, no. 3, p. 415, Mar. 2020, doi: 
10.3390/sym12030415.  
[12] J. H. YANG ZHOU, GUO JIE, JIN MOHUI, XU ZEYU, DUAN JIELI, MO JIASI, “CN108720059A Inserting and cutting type banana combing device capable of surrounding banana stems in 
self-adaptive manner,” CN108720059A, 2018.  
[13] Y. Z. DUAN JIELI, ZHU ZHENGBO, “CN104126369A Reducing impact insertion -cutting type 
annular banana comb cutting device,” CN104126369A, 2014.  
[14] K. S. Roy Shravan, Banana De -handing Machine - YouTube . India, 2014.  
[15] Y. G. YANG ZHOU, DUAN JIELI, ZHU ZHENGBO, LI JUN, “CN103141321A Rotary type banana 
combing machine,” CN103141321A, 2013.  
[16] J. H. YANG ZHOU, GUO JIE, JIN MOHUI, XU ZEYU, DUAN JIELI, MO JIASI, “CN108576877A 
Variable -diameter self -adaptive rotary cutting type banana bunch cutter,” CN108576877A, 
2018.  
[17] G. J. YANG ZHOU, XU ZEYU, DUAN JIELI, JIN MOHUI, SUN JIANFENG, “CN107637271A Fretsaw 
cutting device,” CN107637271A, 2018.  
[18] H. J. YANG ZHOU, ZHU ZHENGBO, DUAN JIELI, SUN JIANFENG, ZHANG ZHUOWEI, HUANG 
YANGQING, GU YAO, “CN105773465A Self -locking type banana ear and ear rod clamping 
device capable of being turned over,” CN105773465A, 2016.  
[19] S. Z. YANG ZHOU, ZHU ZHENGBO, DUAN JIELI, SUN JIANFENG, QIU HAN, CHEN ZHAOCHUN, 
ZHU QINGCHUANG, “CN105773463A Self -locking type banana ear and ear rod clamping 
device,” CN105773463A, 2016.  
[20] Z. Zhu et al. , “Parameter optimi sation and experiment of pneumatic holding part for banana 
crown cutting,” Trans. Chinese Soc. Agric. Eng. , vol. 32, no. 4, pp. 33 –39, 2016.  
[21] “Mechanical banana harvester way of future inventor says | Australian Banana Growers.” 
https://abgc.org.au/2018/09/06/mechanical -banana -harvester -way-of-future -inventor -says/ 
(accessed Feb. 05, 2022).  
[22] Z. Yang et al. , “Experimental Study on Clamping Safety Margin of a Banana Stem Gripper,” 
IFAC -PapersOnLine , vol. 51, no. 17, pp. 560 –564, Jan. 2018, doi: 
10.1016/J.IFACOL.2018.08.145.  
[23] C. Zhang, L. Yin, and H. Zhang, “System Design and Kinematics Analysis of 3 -DOF Agricultural 
Picking Arm,” 2021 5th Int. Conf. Robot. Autom. Sci. ICRAS 2021 , pp. 187 –192, Jun. 2021, doi: 
10.1109/ICRAS52289.2021.9476617.  
[24] L. Fu et al. , “Banana detection based on color and texture features in the natural 
environment,” Comput. Electron. Agric. , vol. 167, p. 105057, Dec. 2019, doi: 
10.1016/j.compag.2019.105057.  
[25] M. Chen et al. , “Three -dimensional perception of orchard banana central stock enhanced by 
adaptive multi -vision technology,” Comput. Electron. Agric. , vol. 174, p. 105508, Jul. 2020, 
doi: 10.1016/J.COMPAG.2020.105508.  
[26] T. Chen, R. Zhang, L. Zhu, S. Zhang, and X. Li, “A Method of Fast Segmentation for Banana 
Stalk Exploited Lightweight Multi -Feature Fusion Deep Neural Network,” Mach. 2021, Vol. 9, 
Page 66 , vol. 9, no. 3, p. 66, Mar. 2021, doi: 10.3390/MACHINES9030066.  
[27] “Victorinox Swibo Fish Filleting Knife Flexible Blade 20cm | Victorinox Swibo Knives.” 
https://www.kitchenware.com.au/victorinox -swibo -fish-filleting -knife -flexible -blade -20-
cm.html?gclid=Cj0KCQiAybaRBhDtARIsAIEG3kmFhQ0HU5 -
IhO0IItd1Yo5KfiGHxIBRz2fu6jL kjMvzFa3L2OToy_YaAjFrEALw_wcB (accessed Mar. 14, 2022).  [28] “Abrasive waterjet cutting goes robotic.” 
https://www.thefabricator.com/thefabricator/article/waterjetcutting/abrasive -waterjet -
cutting -goes -robotic (accessed Feb. 22, 2022).  
[29] “Food Laser Applications for Laser Engravers and Cutters.” 
https://www.epiloglaser.com.au/how -it-works/food.htm (accessed Mar. 06, 2022).  
 "
20220705_CS_ARM Hub Proposal 01.001.pdf,"Page 1  
 
Chair Solutions  | Plant Automation Proposal  | 11TH July 2022  Automated  Caster Assembly System  
 
 
 
 
 
Submitted To  Carl Davies  Client  Chair Solutions  
Phone  0417 758 755  Email  Carl@chairsolutions.com.au  
Submitted By  Tim Kelly  Company  ARM Hub  
Phone  0406 195 269  Email  tim.kelly@armhub.com.au  
EXECUTIVE SUMMARY  
 
The ARM (Advanced Robotics for Manufacturing) Hub is pleased to present the following proposal to Chair 
Solutions  for the provision of an Automated Caster Assembly System.  
 
ARM Hub understands that Chair Solutions  has an aim to improve productivity/ output  of office chairs  by a 
minimum of  100% over 3  years whilst holding facility size and labour pool constant.  
 
The Automated Caster Assembly System is one such project that will contribute to this program of work , and has 
been identified as a suitable initially project as it intuitively has a high ROI in terms of productivity contribution 
vs capital cost, labour, a nd floor space, with  relatively low risk.    
 
Other potential projects that may make up this program of work includes , in no particular order : 
1. Automated box erectors  
2. Product redesign for automated manufacture   
3. Full factory redesign for automated manufacture  
4. Vertical integration of injection moulding capability  
Chair Solutions  invited ARM Hub to propose a project  to provide an Automated Caster Assembly System  to suit 
the needs stated above.  We thank Chair Solutions  for the opportunity to participate in  this ex citing  project , and 
we welcome the opportunity to discuss th is document  in further  detail.   
ABOUT ARM HUB  
 
The Advanced Robotics for Manufacturing (ARM) Hub is an independent,  not-for-profit with a mission to 
accelerate industry’s uptake of advanced manufacturing technologies. We provide the skills and resources 
needed to scale -up and prove -out high valve manufacturing technologies.  
 
The ARM Hub draws together the best scienti sts, technical specialists, designers,  and engineers working side by 
side to investigate, identify and develop commercial AI and robotics solutions – transforming high potential 
ideas into new products and services and accelerating adoption to generate eco nomic growth.  
 
Head -quartered in Brisbane, the ARM Hub provides access to the most tightly woven network of research 
institutions  and best -in their -field experts , a highly skilled workforce, facilities,  and smart commercial enterprises 
in the region. Throu gh our unique business model , ARM Hub is perfectly  positioned to apply the latest cross -
cutting technologies to the energy and renewables sector . 
Page 2  
 
Chair Solutions  | Plant Automation Proposal  | 11TH July 2022  ARM HUB CAPABILITIES AND SERVICES  
 
Our Capabil ities 
 
The ARM Hub delivers across industry sectors such as health and medical technologies, defence, resources, 
METS, agriculture, space, re newables and recycling  and Australia’s growing robotics industry. Our efforts help 
business to access and develop technolo gy applications through advancing technology readiness levels (TRLs). 
We balance our efforts between one-off projects, program partnerships and investigative studies, taking into 
consideration the challenges of industry, the latest in research and road -map ping  pathways to execution .  
 
Our core  capabilities  focus on industry 4.0 technologies and include : 
• Engaging research institutions and smart digital companies to solve industry’s challenges .  
• Creating advanced robotic solutions including collaborative and intelligent robotics . 
• Deploying versatile robotic systems capable of performing multiple tasks . 
• Using processes such as AR/VR, Data Science, and the Internet of Things (IoT) . 
• Delivering solutions in the areas of Artificial Intelligence, a utomation, robotics, data science, computer 
vision . 
• Accessible expertise in cybersecurity, quantum computing, material,  and food sciences . 
• Implementing cost -effective solutions for Australian  SMEs . 
 
Our Services  
 
For businesses new to the ARM Hub, our serv ices represent a journey. From accessing information, facilities, 
experience,  and networks, to embarking on projects that can demonstrate commercial value in the short -term, 
to investing in longer -term R&D to secure the market advantages of innovation. We build expert teams around 
the needs of each business transformation. Our core services include:  
 
1. Industry Engagement  
• Industry 4.0 business readiness workshops.  
• Design -led innovation workshops  
• Site visits and technical assessments.  
• Technology demonstrations.  
• Business networking.  
 
2. Commercial Solutions  
• Adoption sprints for agile implementation of new technologies.  
• Demonstration to validate new technology applications.  
• Expert services to support client business objectives.  
 
3. Public & Private Investment  
• Access competitive grants and commercial contracts.  
• Assemble consortiums to address industry -wide challenges.  
• Access a network of academic institutions for relevant expertise and research.   Page 3  
 
Chair Solutions  | Plant Automation Proposal  | 11TH July 2022  PROJECT APPROACH  
 
It is proposed that this project is broken down in to 2 specific phases:  
• Phase 1 – Solution design  and procurement specification  
• Phase 2 – Procurement, commissioning, and validation  
This proposal covers only Phase 1, which is a collaborative approach to solution design  that integrates Chair 
Solutions’ process and industry knowledge with ARM Hub’s design, automation, and project delivery expertise .  
At the completion of Phase 1, Chair Solutions will have a clear definition of the highest potential solution 
pathways avail able , from which Phase 2 of the project can then be scoped, planned, and executed effectively 
and efficiently.  
Through phase 1, information that is foundational to the potential future projects identified in the executive 
summary will also be captured and developed.  
FEES , EXPENSES , AND TIMINGS  
 
Item  Description  Total  
  Phase 1 - Procurement Specification    
01 Process mapping (on site)   $           2,000  
02 Review of best practice   $               500  
03 Supplier identification   $               500  
04 Time + Motion study   $           2,000  
05 Business  Case   $           2,000  
06 Report – Execution pathways and recommendation   $           2,000  
   
 Total   $         9,000  
 
Notes  
 
• Phase 1 process includes the creation of foundational data on the entire chair assembly line, to be used 
in later phases  
• Proposal assumes full access to the production or production -like environment in line with the 
timeframes outlined.  
• This offer does not include the following:  
o Validation against regulatory requirements  
o Procurement of equipment beyond the duration of this project  
 
  Page 4  
 
Chair Solutions  | Plant Automation Proposal  | 11TH July 2022  Indicative Timeframes  
 
We have provided the below indicative time requirements for the project  from the project confirmation date .  
 
• Phase 1 – 6 weeks  
• Phase 2 – 6 months (supply dependent)  
 
Please note that these timings are subject to  staff availability during the project period, equipment availability , 
and access to the production environment.  
ARM HUB EXPERTS  
 
Our experts are selected for their expertise in key fields and are drawn from a range of leading scientific and 
research organisations as well as smart technology companies.  
 
 Professor Jonathan Roberts, Technical Director, ARM Hub  and Professor in 
Robo tics at QUT. Jonathan brings expertise developed over an extensive and 
esteemed career in robotics, design robotics and medical robotics. Before 
joining QUT, Jonathan was the Research Director of CSIRO’s Autonomous 
Systems Laboratory where he developed and  delivered a range of autonomous 
systems for the resources industry.  
 
 Will Browne, Professor and Chair in Manufacturing Robotics at QUT, ARM Hub 
and CSIRO . Will’s expertise is in Artificial Cognitive Systems, with interest in how 
systems, such as robots, can interact with the real world to solve problems of 
interest. Will has 28 years’ experience in Ai and robotics with particular 
expertise in computer visio n and perception, explainable Ai, transfer learning 
and collaborative robotics.  Will applies an interdisciplinary background to the 
development of advanced robotics in manufacturing - from aquaculture to 
factory operations to healthcare.  
 Troy Cordie, M echatronics Engineer, ARM Hub  is a mechatronics engineer with 
expertise in field robotics, modular robotic design  and collaborative mobile 
robots; his interests lie in reducing barriers to robot adoption. This interest was a 
motivating factor in completing a PhD “Modular Reconfigurable Field Robotics” in 
collaboration with QUT and CSIRO. This work resulted in the NeR obot a modular 
robot platform that simplifies the creation of bespoke robots in the field. With 
deployments into remote environments and busy industrial settings.  
Other robotics experience includes working with indusial robot arms used in cold 
spray 3D pr inting and developing computer vision solutions for fruit picking 
robots. Work before robotics included ten years of experience in the construction 
industry, developing engineering and fabrication drawings. Since joining the ARM 
Hub Troy has worked with th e agricultural and logistics sectors to develop novel 
solutions to challenges facing the industries.  
Page 5  
 
Chair Solutions  | Plant Automation Proposal  | 11TH July 2022  CONTACT  
 
 
 
 
 
 
www.armhub.com.au  
 
 
ARM Hub  
Advanced Robotics for Manufacturing  
53 Holland St, Northgate QLD 4013  
+61 491 200 260  
info@armhub.com.au  
 
 
Tim Kelly  
Business Development and Lead Engineer  
+61 406 195 269  
tim.kelly@armhub.com.au  
 
 
Samuel Jesuadian  
Chief Operating Officer  
+61 457 020 298  
samuel.jesuadian@armhub.com.au  
 
 
 
 
 
 
 
 
 
 
 
 
 
 
 
 
 
 
 
 
 
 
 
"
20221024_REP_CLS01 Final Report.pdf," CLS01  
Consolidated Linen Towel 
Unfolding Prototype Report  
David Hedger –  ARM Hub 2022 
 
Summary  
This project aimed help close the automation gaps in the commercial laundry sector by developing a 
system for autonomously unfolding dried towels for do wnstream processing, one of the few 
remaining manual tasks in a laundry setting, which can be an extremely uncomfortable working 
environment.  
The system uses computer vision, machine lea rning, and robotic control elements to retrieve towels 
from a contain er, detect their corners, and unfold the m without human intervention. These 
techniques  were validated by the development of a prototype system at the ARM Hub facility in 
Northgate, QLD, a nd appear to have excellent scalability and commercial potential comp ared to the 
current state of the art in the laundry sector.  
  
Contents  
Summary  ................................................................................................................................................. 1 
Project Overview  ..................................................................................................................................... 3 
Deliverables ......................................................................................................................................... 3 
Next Steps/Opportunity  ...................................................................................................................... 3 
Literature Review  .................................................................................................................................... 4 
Existing Commercial Solutions  ............................................................................................................ 4 
Single Arm Unfolding  .......................................................................................................................... 4 
Dual Edge Classification  ...................................................................................................................... 4 
Planning .................................................................................................................................................. 5 
Prototype Unfolding System  ................................................................................................................... 7 
Workspace  .......................................................................................................................................... 7 
Computer Vision  .................................................................................................................................  8 
Control  .............................................................................................................................................. 10 
Sequence  ........................................................................................................................................... 13 
Resul ts ................................................................................................................................................... 14 
Discussion .............................................................................................................................................. 15 
Next Steps  ............................................................................................................................................. 17 
Conclusion  ............................................................................................................................................. 19 
Works Cited  ........................................................................................................................................... 20 
Appendices  ............................................................................................................................................ 20 
Appendix 1 –  Project Approach Options  ........................................................................................... 20 
Appendix 2 –  Site Visit Notes  ............................................................................................................ 20 
Appendix 3 –  Follow -on Project  ........................................................................................................ 20 
Appendix 4 –  Learnings  ..................................................................................................................... 20 
 
  Project Overview  
The aim of this project was to design and develop an autonomous laundry handling system that 
could help close the autonomy gap s in commercial laundries .  
Consolidated Linen Service (CLS) is a commercial laundry company operating three laundries in 
Hervey Bay, Gladstone, and Airlie Beach. At the onset of the pandemic, their business was heavily 
impacted by the decline of the tourism sector. Together with the ARM Hub, they applied for and 
receiv ed a grant under the Essential Goods and Supply Chain program run by the Queensland 
Government  to help alleviate the effects on their business .  
This grant allowed the ARM Hub to begin work on a system that would help automate some of the processes within a commercial laundry, with a view to wide deployment of the system across all of 
CLS’ locations. The automation  would in turn allow CLS to be more flexible in uncertain times, upskill 
their staff from manual labourers to automation operators, and boost tot al productivity once 
tourism returned to its peak.  
The focus of this project became the towel unfolding task , which is where towels that have been 
dried in an industrial drier and collected in a hopper must be unfolded and fed flat into a folding 
machine. This is one of the last remaining  heavily  manual task s in the laundry , requiring the operator 
to disentangle a towel from a large pile, find the corners, stretch the towel out, and place it flat onto 
a conveyor belt that takes it away to the folder. This p rocess takes place every 6 seconds, in an 
environment that can get up to 50 degre es Celsius and around 95% relative humidity , requiring 
workers to take regular hydration and rest breaks . 
D el i verabl es  
The ARM Hub team made use of recent developments in the global computer vision and machine learning fields to develop a robotic system capable of detecting and manipulating the corners of towels. This system fills the autonomy gap in laundries by enabling automatic handling of towelling 
and presents a promising development path towards widespread commercialisation around 
Australia and the w orld.   
• Computer vision system capable of detecting  the edges and corners of soft objects  
• Machine learning pipeline to rapidly generate training data with depth sensors  
• Dual ro botic arm control system for grasping and manipulating towels  
• Planning and i mplem entation  details for future reference  
Nex t Steps / Opportunity  
• The client is impressed with the outcome and looking to develop the system  to a 
commercially  ready state  
• The clien t is one of several Australian  laundry companies allied in research and 
development, giving immediate deployment reach  in many facilities  across Queensland, 
NSW , and Tasmania  
• Interest expressed by companies who are looking to automate  soft objects like fuel cell and 
battery membranes  
  Lit e ra t u re  Re vie w  
Exi sti ng Commerci al Soluti ons 
Commercial solutions for automating the towel unfolding task are available from several large 
laundry equipment suppliers. Notably, Jensen Group have developed two separate systems using 
different principles.  
The Jensen Evolution Cube ( https://youtu.be/MZAiIk2_vuI ) uses linear manipulators to drag towels 
over a set of mandrels to progressively expose their corners. The Jensen Evolution Spider (
https://youtu.be/AmK48ep2lUg ) initially stretches the towel out with a linear manipulator and uses 
a computer vision system to identify the ends. A pair of cartesian robotic arms then grabs the ends 
of the towel and holds it over a moving  conveyor which exposes the hanging corners by dragging 
them out. Both systems then use a set of conveyor belts to fully stretch out the towel before 
delivering it to the next machine.  
Feedback from the client indicat ed that neither  of these systems have seen  much  commercial 
adoption, and that they  have a reputation for unreliability and low throughput.  There does not seem 
to be much in the way of technical data available for these systems, and the lack of widespread 
commercial adoption may explain this.  
Single  Arm  Unfolding  
A paper titled Unfolding an item of rectangular clothing using a single arm and an assistant 
instrument  (Yuba & Yamakazi, 2014)  describes a method of unfolding a towel that is grasped by a 
single arm, by grab bing the corner of the towel and dragging it over a device mounted to the corner 
of a table. The device acts as a sort of die or mandrel that tries to spread the towel out, getting in between the folds.  
This research shows  that it is possible to fully unfold a towel with a single robot arm relatively 
reliably but  using this method  may run into  physical workspace limitations . The idea would be worth 
pursuing if the cost of additional robotics outweighs the space require ment.  
Dual Ed g e  Cla s s ific a tio n  
A paper titled Dual edge classifier for robust cloth unfolding (Gabas, Kita, & Yoshido, 2021) . shows a 
method for grabbing the adjacent corners of a held towel corner using computer vision and dee p 
learning techniques. The authors note  a successful grab rate between 8 0% and 95% depending on 
the item tested , which would  be a perfectly usable result in a production system with error checking.  
The most promising aspect of this paper is that it outline s the use o f a RGB and depth camera to 
collect training data of a towel with green painted edges held by a single robot gripper. The edges of the towel are segmented using the RGB data and this is then used as the ground truth to train a 
classifier that us es only dep th information. This means that a large amount of training data can be 
automatically generated with the painted towel, without requiring that any towels are painted in the 
final system since the depth camera does not consider colours.  
This metho d of data collection minimises what is traditionally the most labour- intensive element of 
deep learning methods, which means we can take advantage of the flexibility and power of deep learning models without having to invest as much time in development as other optio ns. 
 
 Planni ng  
At the beginning of the project, the team generated several proposals for a towel unfolding system , 
focusing on  the properties of a rectangular towel when hung or pulled by a corner. The central 
challenge  was that  to unfold a towe l, two adjacent corners must be grasped, rather than those 
opposite one another.   
It was observed that  when  a towel was hung up by a corner, the opposite corner would usually  be at 
the lowest point. When these two corners were grasped and stretched apart  horizontally, the 
remaining two corners would usually hang at the new lowest point, either one of which could now 
be grabbed to end up with two adjacent corners.   
A quick prototype system taking advantage of these properties  was assembled , aiming to replicate 
the hanging and corner grabbing steps by lying the towel on a table and stretching it out to simulate gravity. By lying the towel on a table, the ste ps could be performed sequentially, without needing 
two arms , and without needed the computer vision o r analytic s used in the Yuba paper . 
The setup used  a Universal Robots UR10 six-axis robot ic arm fitted with a Robotiq 2F -85 two -finger 
gripper , and a set of clamps and cork blocks . The cork blocks were set up  on the edge  of the table to 
form a sort of die or mandrel, similar in use to th e device in the Yuba paper . The robot was 
presented with the corner of a towel, which it grabbed and then dragged through the block setup, 
which offered a resistance like  hanging under gravity . 
Figure 1: Man ual unfolding al gorithm using gravity to separate out corners  
 
Figure 2Figure 3: Manual unfolding algorithm using gravity to separate out corners  The towel was now left l ying on the table with one corner in the grip of the robot, and the opposite 
corner at the far end of the  towel. Since a single size of towel was used for this test, the robot was 
able to drop its original corner and grab the opposite one without any exter nal input. The first  
corner was now retained by a clamp or human operator, and the opposite corner was swung into 
the air by the robotic arm, shaking seve ral times to reveal the remaining corners, before placing the 
held corner back on the table.  
The robot  and the clamp now released their corners and the arm moved to grab the adjacent corner 
that was closest to the first corner. It would then lift and pull that corner diagonally across the table . 
If the corner it had grabbed was part of the top  half of the folded towel, it would then unfurl  the 
towel and l ie it flat , otherwise the operation would fail . 
As this was a proof of concept, the  method was  not exhaustively tested, but the system  would  
unfold a given towel most of the time when it started in the corr ect orientation (i.e. , the robot 
grabbed  the top  half of the folded towel) , and simple sensing mechanisms like cameras or lasers 
systems were proposed to ensure this . Other concerns were more immediate however, as  a system  
like this would  have  consume d a large amount of the limited workspace  available in the laundry , and  
the method itself  had a hard throughput limit due to the nec essary stretching of the towels and 
large movement distances.  The size issue  would have  compounded the throughput issue since  
multiple systems could not simply be combined to meet the client’s desired 10  items per minute 
rate.  There were also many unresolved questions like how to initially  grab the first corner, and how 
to handle clamping it once the robot moved to the opposite co rner . 
Since this prototype had only consumed a couple of days of project time, the  team presented the 
client with a set of options  (attached as an appendix)  concerning how to continue:    
1. continue development of this table -based system until it is commercially viable, regardless 
of performance issues ;  
2. develop the table -based system but focus on custom robotic hardware and optimising the 
workspace to maximise throughput , at the expense of c ommercial readiness ; or  
3. try to develop a method that relied on advan ced technologies like computer vision, with a 
goal of maximising the throughput potential of the design, with the associated high -risk and 
low-commercial readiness.  
The client chose the third option , and so a new system was planned. The aim was to avoid wh at the 
team saw as dead -ends in the design of the first prototype, namely the throughput limitation due to 
the stretching and high -space requirements. T he new system would make use of com puter vision 
and machine learning in a way that was designed to  maxim ise the potential through put and 
versatility , which would be critical when it came to commercialising .  
The project team then carried out a site visit to CLS’ Hervey Bay laundry and recorded data on the 
workspace and the working environment. The notes from  this visit are attached as appendix, and the 
data collected, including 3D models of the workspace are available through the ARM Hub.  
  Prototype Unfoldi ng System  
Once the initial experimentation  and planning phases were complete, the team began developmen t 
on the final prototype system, described below.  
Workspace  
 
Figure 4: Prototype system workspace with two UR10 arms holding an unfolded towel. The ""Left"" arm is on the right side in 
this image. The container with the towels to be unfolder is at the bottom right of the image.  Numbered items are described  
in Table 1 
Table 1: Description  of labelled items in Figure 2 
The robotics system  consists of  two Universal Robot s UR10 six-axis robot ic arms  each  fitted with  a 
Robotiq  2F-85 two -finger gripper. These  are mounted on tables 750mm above the ground , set ap art 
by 1600m m. This arrangement gives  the robotic arms  overlapping  ranges of motion . The arms are 
limited to a maximum end effector linear speed of 0.1m/s to ensure the operator has time to 
intervene in an emergency.  
Figure 2 
Number  Type  Model  Designation  
1 6-axis robotic arm  Universal Robots UR10  “Left Arm”  
2 6-axis robotic arm  Universal Robots UR10  “Right Arm”  
3 Two -finger gripper  Robotiq 2F -85 “Left Gripper”  
4 Two -finger gripper  Robotiq 2F -85 “Right Gripper”  
5 RGB and depth camera  Intel Realsense L515  “Container Camera”  
6 RGB and depth camera  Intel Realsense L515  “Bench Camera”  A container half- filled with white towe ls supplied by the client  is placed next to one of the robot 
arms , where all the towels can easily be reached. The towels used in this project varied slightly in 
size, all within 20% of the towel used fo r training the computer vision system, which measured 
380mm by 640mm . The vision system can detect  corners o n towels of greater  size,  but the robotic 
system would not accommodate anything mu ch larger due to workspace  layout  and planning 
constr aints.  
The computer vision system consists of two Realsense L515 depth cameras, one mounted on a table 
between the two arms facing the area that both  can reach, where towels will be unfolded . The other 
camera is mounted on the corner of the towel c ontainer, looking down into it.  
The towel container is located alongside the left UR10, so that it can reach down and retrieve a 
towel. The requirement for an arm to reach into the container, retrieve a towel, and present it in 
such a position that it is v isible to one of the cameras and fully reachable by the other arm is the 
major constraint on the workspace . 
Computer V i si on 
The Realsense  cameras combine an RGB camera and 3D LIDAR  sensor , generating an image with 
both RGB and depth information for each pi xel. These cameras are used in two main operations, 
furthest point detection and corner detection.  
Furthest point detection refers to the process of generating a point cloud of a given area, sorting the points by  their distance  along a given vector , then c hoosing one of the  points furthest along.  The 
point chosen is 100 points away from the end of the list to ensure any unfiltered noise  does not 
affect the result. Since each point cloud  consists of 768,000 points, this does not significantly affect 
the real -world location of the detected point.  
This method  used  twice in the  unfolding sequence ; to find the highest point in the towel container 
and the lowest point of an unknown towel when it is first presented.  To prevent detection of the 
towel container or th e robotic arms, the obtained point clouds are first cropped down to the area 
where towels are expected to be found.  
The corner detection operation consists of three  steps, pre-processing, edge classification, and 
corner classification.  Since the system sho uld be invariant to the colour of the towel, only the depth 
information  is used for the proces s, so the first step of pre -processing is to discard the RGB 
information from the camera , followed by  a combination of  Canny edge detection and some filtering 
and line thinning passes. The result is  a binary image that shows the most significant changes in  
depth visible on the towel, including the shape of the towel against the background and any visible 
folds.  The image is finally reshaped and rescaled to fit into  the convolutional neural network (CNN) 
in the next step.  
The edge classification algorithm is  based on the technique described in the Gabas  paper mentioned 
earlier, which consists of a CNN  based on the U -Net architecture that operates on the entire pre-
processed  image . The CNN is  designed to detect the so -called “real” edges of the towel, 
differentiating them from the folds that are also highlighted in the pre -processing step .  
Labelled data  was obtained by painting the edges of a white towel in green and using the discarded 
RGB data to generate a mask o f “real” vs folded edges.  This towel was presented to a recording 
Realsense camera in the grip of a UR10  in a similar manner to the final workspace setup, and slowly 
rotated and repositioned  to generate 3000  training images.  The model was then trained for several days, testing a variety of kernel sizes, number of layers, 
learning rates , and augmentation techniques for the best results.  The output of the CNN is a pixel -
wise classification of the detected edg es in the input image .  
The final step is to take t he detected edges and determine whether they constitute a “real” corner. 
This uses an algorithm also described in the Gabas  paper , which first detects the left and right- most 
points of the image , which are  presumed to be corners, and then counts the number  and type of the 
edges that pass through that point. In this implementation, a small circle is drawn around the corner in question and used as a mask for the classified image. The blobs of pixels formed by  this operation 
are averaged and then  sampled for  their edge type (“real” or fold) then  counted . 
The result for each corner can be classified as follows: A “real” corner will have exactly two “real” edges intersecting it, and no fold edges ; a towel corner that is folded forward will have two “real” 
edge an d one-fold edge; a towel corner that is folded backwards will have one “real” edge and one-
fold edge”; any other combination of edges can be classified as unknown. This information can be 
used to determine whether a “real” edge is visible, or whether the towel could be rotated to expose 
one that is folded forward or backwards.  
Figure 5: Input depth (left), p re-proces sed and edge detec ted (middle ), and classified (right) 
images. The green pixels are classified as ""real"" edges, while red are classified as folds  In the case of the prototype, it can be risky to move  the end effector in arbitrary ways due to the 
instability of the planner when operating at the extreme ends of the robot’s reach, which occurs  due 
to space constraints and the size of the towels  used.  For this reason, the system  only consider s 
corners found on the left -hand side of the towel, well within reach of the left arm , and rotate s only 
to fixed waypoints . This means that the extra information provided by knowing whether the corner 
is fold ed forward or backwards cannot be used  and is ignored . 
When a “real” corner on the left side of the towel  in the classified image  is iden tified, a reverse 
scaling and reshaping operation is carried out to determine the corner’s position in real space , and 
these coordinates are passed to the scheduler for grabbing.  
Control  
The robotics and camer a systems are  controlled through ROS (Robot Ope rating System), wh ich is a 
node -oriented communication middleware. Multiple individual  software nodes  are assigned to 
collect data from the sensors and send commands to  the robotic system s, while a core node 
arranges  the communication between the m. 
Figure 6: RGB image  of a towel  held by the right arm  with classified  corners  marked . Green signifies a “real” grabbable 
corner, while purple indicates a corner that is folded forward. The  points where the circles intersect with the classified 
edges (see Figure 3) are used in turn to classify the corners.  The nod es are distributed  across two Docker containers  running on a single workstation , one for the 
vision and schedul er systems and the other for controlling the robotic systems. This was done  to 
allow  for isolated  development  by the software team  and to manage  the coexistence of  conflicting 
libraries . The nodes communicate  between containers  using ROS messages over a bridging network.  
 
Figure 7: System communications architecture based on ROS  
The system is coordinated  by the scheduler no de, which runs through a sequence  of actions 
determined  by the current system state.  These actions include collecting and processing camera 
images, moving the robot arms to various waypoints, and actuating the grippers.  For development 
purp oses, the action s can either be manually  triggered , or automatically called in sequence.  
Each Realsense camera connects to the workstation via a USB3.1 connection and is managed by a 
node  running a custom driver based on the Intel pyrealsense2 library. Thi s driver sets up  the 
cameras, captures the RGB and depth information,  aligns the images spatially,  creates a point cloud 
from the depth information, then publishes a ROS message containing all this  information  once per 
second.  The scheduler node captures  these image messa ges and caches them until processing is 
required  (either looking for the furthest point or a grabbable corner) . 
Most of the nodes in the robot control container form parts of the MoveIt robotic planning stack. 
MoveIt provides a generic waypoint movement in terface  using ROS  which the scheduler node sends 
point move commands to. These commands are passed on to the cho sen planner running in the 
planner node, which in this case is the Pilz Industrial Motion Planner, running in linear point -to-point 
mode.  This i s a relatively conservative planner that attempts to keep the end effector moving in a straight line whe never po ssible  and should produce deterministic movement plans between two 
predetermined waypoints , reducing the risk of collision . 
The movement plans a re passed to a robot controller node which is based on  the Universal Robots 
ROS Driver and modified to support c ommunication with two arms at once.  It communicates with 
the UR10s  over a set of TCP ports, sending movement commands and receiving position inf ormation 
which is passed back to the planner node . The Robotiq grippers are con trolled by a node based on 
Danfoa’s Robotiq 2finger g rippers library, which takes simple open and close commands for each 
gripper from the scheduler and passes on a desired posi tion to the gripper using Modbus over an 
USB to RS485 converter.  Sequence  
 
Figure 8: Summary of the s equence  commanded by the scheduler node  
To begin the unfolding operation, the scheduler node is booted in automatic mode. From her e it will 
reset the workspace by opening both grippers and commanding both arms to return to a “home” 
position . 
The first step is to image the towels in the container with the Realsense camera mounted on it . The 
point cloud is run through the furthest poin t algorithm to find the highest point in the container, 
which is assumed to be a towel. The left arm is then commanded to move to this point and close its grabber.  The arm then raises the towel out of the container and, following a set of predetermined 
waypoints, moves to a position where the towel is visible to the bench -mounted  camera, and fully 
reachable by the other arm.   
At this  stage it is unknown what state the grabbed  towel is in ; whether it is being held loosely by a 
single corner, bunched up,  in a bundle with multiple towels, or not present at all due to a grab or 
vision failure.  The scheduler then images the towel with the bench -mounted camera and calls the 
furthest point algorithm again to determine the lowest point in set region of space wh ere the towel 
should be.  
If the algorithm finds no points, the towel is likely not there at all , and the scheduler  opens the 
grippers and  restarts the operation. In every other case however, the lowest point in this region can 
be assumed to be the corner of a towel , and so the right arm is now commanded to move to this 
point and close its grabber.  
The left arm now opens  its gripper and moves o ff to the left, out of the way , while the right arm lifts 
the towel by the corner it has grabbed and presents i t to the bench mounted camera.  The towel at 
this point should be hanging loosely by a corne r and the corner detection routine can begin.  
The bench -mounted camera now takes an image of the towel and calls the corner detection 
algorithm to determine if the leftm ost p oint of the hanging towel is a “real” corner and grabbable by 
the left arm. If not, the right arm is rotated slightly into a new position, aiming to expose a new side 
of the towel to the camera, and the process repeats  up to two more  times. If a grabb able corner is 
not detected after these attempts, the towel is dropped and the operation is restarted, but if one is 
detected, then the left arm is commanded to move to that corner and grab it . 
The scheduler now  calculates the side len gth of the towel between t he two  grabbed  corners and 
moves the left arm upwards  and leftwards  to a point that distance away from the right arm, 
stretching the towel out flat. The system can then image the towel a final time report on whether 
the towel is suitably  flat. The system t hen drops the towel and the cycle repeats.  
Re sults  
After several days of incremental testing t he system  software was committed , and the prototype  
was set up to automatically run through 5 unfolding attempts at a time .  
After 50 attempts,  it successfully un folded a grabbed towel approximately 25% of the time.  In 2 
cases (4% of attempts) the system reported a successful unfolding operation, but the towel was not 
flat due to a computer vision false positive.  In roughly 10% of cases, the oper ation was aborted e arly 
due to a failed grab , due to either vision system o r gripper malfunction  (discu ssed below) . In the 
remaining  attempts, a suitable corner for grabbing was not identified.  
The motion planning system performed well throughout t his testing , ensuring the m otion was linear 
and predictable  without generating  any configurations that the robotic arms could not reach.  At the 
speed allowed, the full cycle time of the system when a suitable corn er is not iden tified is 2 minutes. 
A successf ul grab on the first atte mpt results in a cycle time of 1.5 minutes.  
The feedback from the client was extremely positive. To quote CLS Operations Director Tom Roberts , 
“We think [the solution] has huge pot ential in every laundry to increase their efficiencies and safety 
and thro ughput  so that is where we want to get to a point where its commonplace to have our 
solution in the laundry industry ”  Dis c u s s io n  
While t he overall success rate for the system to unf old a given towel  (25%) was lower than the ~ 85% 
achieved in the Gabas pape r, the  vision system correctly identified a grabbable corner with  a false 
positive rate of only 20%, which is far better than random chance. This implies that the limits to the 
performance of the system a re more to do with the failure of the  robotic  system  to provide corner 
candidates to the vision system , and that the vision system  itself is suitable for the task.  
In the context of a  future  fully automated  unfolding system, the final flatness check captured by the 
bench -mounted camera would be able to stop  these false- positive  towel s from proceeding to 
downstream processes like an  automatic folder.  
Since t he primary bottleneck to the overall success rate was that there were often no suitable 
corners presented to the left arm for it to grab. The left arm is only capable of grabbing corners that 
are presented on the left side of the towel, and so misses any cor ners visible on the right. 
Additionally, the right arm is constrained in its range of motion at full extension to around 180 
degrees, which can mean tha t some corners are never exposed.  
This could be mitigated in the future by rearranging the workspace suc h that the towel is accessible 
from all sides, and the right arm is able to rotate the towel more freely, to expose more potential corners to the vision  system. Additionally, since t he bench -mounted camera only captures images 
from one aspect of the towel, several more cameras  could be added so that  more grab opportunities 
could be detected.  
It was observed that due to the arrangement of the arms when pa ssing the towel from the left arm 
to the right arm , the towel often folds up on itself such that the c orners are tucked inside and are 
not visible no matter the rotation. This could be solved by augmenting the rotation step with a shake or rotation in mult iple axes.  
Ultimately these issues all seemingly stem from the workspace setup and available equipment 
limitations rather than any procedural elements of the system . These issue s are noted so that 
appropriate steps  can be taken in the design of any follow -up system .  
The primary advancement noted  by the team  would be to mount the robot arms either on their 
sides or  to suspend  them  upside down , which would recover a large amount of the workspace that is 
currently unusable . This would allow much more freedom  of movement  for the arms and  allow for 
much tighter setup of the camera systems . 
The vision  system was only trained using one towel but handled a variety of sizes equally well. With 
significantly more training data and deep learning model development, the  computer vi sion system 
could likely be improved to achieve performance like  that achieved in the Gabas  paper.  
The linear speed of the arms was limited to below 0.1m/s for safety and  could easily be increase d by 
a factor of four (giving a cycle time of roughly 3 0 seconds)  without excessive risk , but much faster 
cycle times  would be limited by the  high travel distance required in the current workspace 
arrangement.  An ideal system for the current client would achieve a cycle time of under 6  seconds  to 
replicate current capacity . The specification of robotic arms  dedicated to the task  with limited 
degrees of freedom , simpler  end effectors , and a better workspace layout  would all help  drop  the 
cycle time significantly.   
The cycle times were also somewhat  limited by the computer vision elements ; the furthest point 
algorithm takes around half a second to run, while the corner detection algorithm takes about one second.  These speeds  could readily be increased with the addition of more compute power or by 
cutting the resolution of the vision system to the minimum required.  
Another issue is that the vision system must  wait for the towel to become relatively stationary in 
order to su pply an accurate grab coordinate. This is not an issue for the towels in the container, but 
whenever a towel is presented, the system must  wait  several seconds  for the towel to settle, or else 
take several images in a row and take the average.  This issue  could be mitigated by either adding an 
anti-sway algorithm to the robotic co ntrol system, or by running the computer vision system fast 
enough that it can predict the period of the oscillation.  
In testing, the cases where the gripper failed to grab the to wel, either in the container or while 
hanging from an  arm,  tended to be caused by the movement of the gripper. Th e Robotiq grippers 
use two rubber pads that move towards one another, remaining parallel but moving forward 
throughout the closing process.  
This gripping action is suboptimal, as it changes the effective grab point dep ending on where in the 
stroke the gripper first encounters th e towel. The large pads can push the towel out of position 
before fully closing  and can get caught up on other parts of the towel, compromising the strength of 
the grab.  In a custom -built  system,  the grippers  could use a much smaller, toothed finger system  
that would retain the towel if it encountered it too early.  
Many of the decisions made about the design of the prototype were made to make the best use of 
available resources, including the use  of the UR10 arms and Robotiq grippers. Designing a more 
suitable workspace with robotic systems specified deliberately for the task would be the highest 
priority in any follow -on project.  
 
  Next Steps  
While the prototype system tested the main question s of computer vision and bi -manual unfolding, 
there are several key areas that may present issues in a commercial system and will require further 
investigation going forward.  The primary difference between the lab setup and a r eal laundry is the 
environmen tal conditions, including changing lighting and shadows , high  humidity and temperature, 
and static electricity build -up due to so much moving linen. How the system and the towels 
themselves will respond to these circumstances is currently unknown.  
In any c ommercial offering, or even in use at the current clien t’s facility, the system must prove to 
be extremely reliable, and a clear improvement over the existing system. Any errors will be viewed 
harshly, and so these environmental factors, while somewhat tan gential to the core vision 
technologies, will be critic al. Luckily, most of these are relatively straightforward problems in the 
computer vision and industrial control fields, but finding affordable solutions that scale to the whole market will be a long -term project.  
The requirements at each of these future customer’s laundries may be different, with constraints on the available workspace, uptime/maintenance requirements , and different requirements for the 
overall flatness of the towels before they are pas sed on to downstream systems. For example, the 
client in this case has several folding lines available and can ensure by pre -sorting that the system 
would always receive towelling. Smaller laundries may not have this pre -sorting step or spare lines 
to proc ess different products, meaning the system may receive products that are not foldable, so a 
product type detection step would be necessary.  
There are also some development questions about the process generated during the prototyping 
work . For example, while passing the towel from one arm to another, the towel tends to fold over 
itself in a predictable manner, only revealing a corner after a turn. With more experimentation this property might be revealed to be a function of the orientation and relative heigh ts of the grippers . If 
this is the c ase, rather than simply shaking the towels to randomise them, it might be possible to use 
the property to speed up the grabbing process and reduce the randomness.  
Another question raised was whether the corner detection computer vision system could be augm ented by adding in the RGB information that is discarded after training. If the dye used to paint 
the edges for training could be made invisible to the camera, either by matching it with a filter , 
controlling the lightin g setup, or through digital processi ng, then the neural network would have the 
chance to use shadows and hems in its classification.  
To resolve the answers to the above questions  and prepare the technology for commercial 
deployment, a follow -on project is proposed. This project would aim to raise the Technology 
Readiness Level from its current TRL 4  (lab validation of prototype) to TRL 7 ( integrated pilot system 
demonstrated) , deploying a  high -performance  pilot system on site in one of the client’s laundri es. 
The follow -on project would bu ild on the practical and commercial learnings found in this project, 
particularly those around software architecture and control, computer vision architecture, and  
workspace layout.  For example, the Robot Operating System had its benefits  during the 
development process, but ultimately ended up wasting  more development time than it saved , 
exposing many edge cases and stability issues that would be near -impossible to maintain in a 
deplo yed system. On the other hand, Docker co ntainers proved to be a much more solid and 
scalable platform to develop on , with far better automation, isolation , and documentation than ROS . Similarly, the vision system required a  USB3.1  connection  to communicate  with the Realsense 
cameras, which meant  using cables that were only 2m long, constraining camera placement and 
workspace layout. Using USB also presented many reliability issues, as the cameras would 
sometimes fail to enumerate themselves with the worksta tion. Both these issues would be solved in 
a future project by  using industrial- style self- managed  cameras that can be accessed over a reliable 
connection like ethernet.  
Based on these learnings, the team  can more  accurately estimate  and cost -up the skillsets, 
equipment , and engineering effort t hat will be required to develop a pilot system . A preliminary  
estimate of the timeline and budget for such a project is attached as A ppendix  3, while additional 
learnings are attached as Appendix 4 . 
  Conclusi o n 
The aim of the project was to prove out the viability of a computer vision driven, bi -manual towel 
unfolding concept,  and this goal was achieved with great success . The system that was developed 
can fill a critical gap in the automation of commercial laundries  that is currently relies on 
unpredic table labour availability .  
There a re clear pathways for increasing the throughput and accuracy of the system, and no hard 
barriers  to scale  were discovered.  The project utilised generic robotic and vision systems that were 
already on hand  at the ARM Hub a nd showed  a throughput capacity that is comparable to the 
current human process.  A follow -on TRL 7 on-site pilot project  as described above , with hardware 
and vis ion systems specified for the environment , should be able to push the  performance into the 
range where it can more than  handle existing manual  capacity .  
With broad adoption of robotic systems in the laundry industry, the sector can become more 
resilient to economic impacts from tourism an d labour availability  due to COVID -19 or other 
challenges. T his will allow for more confident investment in laundries like CLS  and the industries that 
rely on their se rvices.  
Per CLS’s Tom Roberts, “ The biggest benefit that we have seen is the flow- on effects that this project 
with have going into the future. So, we have started off with towelling items but that can grow  into 
other products that we process every day, such as other textile items, sheets, pillowcases… There’s a lot of applications within the laundry industry itself and probably outside of the laundry  industry 
where this type of technology can be integrated in all sorts of environments .” 
This versatility and scalability of the techniques used in this project is unique in the laundry space, 
and there are plenty of opportunities in industries well beyo nd this sector . The experience gained by 
their impleme ntation will prove extremely valuable when it comes to adapting them  to new domains 
in the future.   
  W o rks  Cit e d  
Gabas, A., Kita, Y., & Yoshido, E. (2021). Dual edge classifier for rob ust cloth unfolding. ROBOMECH , 
15. 
Yuba, H., & Yamakazi, K. (2014). Unfolding an item of rectangular clothing using a single arm and an 
assistant instrument. IEEE/SICE International Sym posium on System Integration.  Tokyo: IEEE.  
 
A ppendi ces  
Ap p e n d ix 1 –  Project Approach Options  
Attached file: Appendix 1 - CLS Approach Comparison.docx  
A ppendi x 2 –  Site  Vis it No te s  
Attached file: Appendix 2 - CLS Hervey Bay Site Visit Notes.docx  
A ppendi x 3 – Follow -on Proj ect  
Attached file: Appendix 3 - CLS01 Follow -on Proje ct Rough Timeline and Budget.xlsx  
A ppendi x 4 – Learni ngs  
Attached file: Appendix 4 - CLS01 Project Learnings.docx  
 
 "
ADR Project Agreement Draft 110121 (002).docx.pdf," 
 
 
  
 
 
 
 
PROJECT AGREEMENT  
 
 
 
INNOVATIVE MANUFACTURING CRC LIMITED  (IMCRC)  
AND  
AUSTRALIAN DROID & ROBOT PTY LTD  
QUEENSLAND UNIVERSITY OF TECHNOLOGY  
 
 
Project Title : Real Time Machine Vision Enabled Drones for Search and Rescue 
Emergencies  
Project Leader:  Dr Joe Cronin  
 
 
 
 
 
 
 
  
 
Page 2 of 36 
 
 
Project Milestones  
 
Milestone 
Code  Project Milestone  Date Due  
ADR.G.1  Project kick -off 15/02/2021  
ADR.G.2  Press release approved by all parties  15/02/2021  
ADR.G.3  Parties reach agreement on functional specifications including key performance 
indicators for milestones  15/02/2021  
ADR.MRL7.1   Video and Image data collection completed (ADR)  15/03/2021  
ADR.G.4  Communications: Agreed Communications and Marketing Plan for duration of project  15/03/2021  
ADR.MRL7.2  Video frame extraction and video dataset labelled (QUT)  15/05/2021  
ADR.MRL7.3  Deliver Market Research study  15/05/2021  
ADR.MRL7.4  Strategy to Market Plan  30/06/2021  
ADR.MRL7.5  Deep neural network based detection model  completed (QUT)  30/06/2021  
ADR.MRL7.6  Workshop QUT and ADR to discuss data and model completed  30/06/2021  
ADR.G.5  Review functional specifications for project compliance  30/06/2021  
ADR.MRL7.7  Interface between the machine vision and the flight controller so that the flight trajectory 
can be altered to provide multiple viewpoints of the target  completed (QUT and ADR)  20/08/2021  
ADR.I.1  FutureMap: Business Owners / senior executives of industry partner(s) to participate in 
Futuremap event  30/09/2021  
ADR.MRL7.8  Active vision detection module completed.  15/11/2021  
ADR.MRL7.9  Final Report Completed  15/12/2021  
ADR.U.1  Collaboration Report: Report on collaboration opportunities and Value Realised for 
Industrial Participants  15/12/2021  
 
 
 
 
Project Plan  
 
 
1. Project Proposal  
 
Why, what and how  
1.   Problem description  What is the problem / gap / opportunity that this manufacturing R&D project is 
intending to solve / fill / create?  
Traditional aerial search from unmanned systems requires the pilot to 
supervise the aircraft at the same time as monitoring the video stream to 
identify targets. Besides the distraction of multiple tasks, the video stream is 
often of low quality (due to the bandwidth of the transmission system) and 
displayed on small monitors that are difficult to read in daylight. The current 
solution to this issue is to use multiple operators in dedicated vehicles fitted 
with high bandwidth systems w ith large daylight readable screens. This is an 
expensive exercise which is not financially viable for small voluntary search 
and rescue organisations.  
 
Whilst ADR can supply drones capable of supporting the current approach, 
this does not create a competitive advantage for ADR.  Currently the market 
uses Chinese manufactured drones.   
 
ADR will not be able to compete on price alone.  In line with the successful 
approach used for the underground mining sector, their intention is to provide 
a capability, which in turn enables the manufacture of the core UAS by ADR.   
Page 3 of 36 
 
 
 
2.   Project outcome(s)  What will be the primary manufacturing outcome(s) of this project, and how 
will it solve the problem / fill the gap / create the opportunity?  
 
The ADR business model is based around their ability to rapidly integrate and 
solve problems for customers. From the start of the business in 2017, ADR 
have developed innovative products that have led to contracts with Rio Tinto, 
Newcrest Mining and Ergon Energy among othe rs, shipping robots to various 
parts of the world.  ADR has doubled revenue each year and is now close to 
$1m in annual revenue. Continuing this growth, and through bringing further 
innovation, ADR are seeking to develop their competitive edge in a rapidly  
expanding market that is expected to be worth US$20B globally by 2030.  
 
In terms of manufacturing outcomes, ADR see this project as key to helping 
to increase their manufacturing base.  Current ADR primary manufacturing 
techniques on site include;  
• Composite fabrication  
• Aluminium machining  
• Laser cutting  
• CNC routing  
• 3D Printing  
 
The addition of a search and rescue UAS to their portfolio (along with the 
market confidence gained from working with QUT) will allow them to further 
their manufacturing footprint. ADR’s intention is that by creating this additional 
demand this can assist in the justification of investment in additional 
manufacturing capability to move more component manufacture in -house, 
potentially including the acquisition  of a 5 axis CNC mill as well as the 
recruitment of additional manufacturing staff.  
 
In order to achieve this greater scale as a manufacturer they require an 
additional product line with scale from a standard platform.  This project is 
central to this growth strategy, positioning an ADR UAS into the search and 
rescue market across Australi a and related government departments.  Whilst 
there is an acknowledgement within documents such as the Bushfire 
Commission that drones are part of the future, the market is unlikely to move 
into this space until the capability has been demonstrated.  
 
An additional outcome is the benefit this capability provides to ADR as 
another use case for existing products, strengthening its brand as an 
innovative organisation.  As a start -up, these use cases can be significant.  
 
3.   Project R&D plan 
and activities  What Manufacturing Readiness Levels (MRLs) will this project progress 
through (start MRL and end MRL)? Refer Appendix A  for MRL Table and 
descriptions  
 
● Start MRL : MRL 3  
● End MRL : MRL 7  
 
What type of advanced technologies or innovative approaches will be 
adopted or created? What is unique about the project?  
This project involves the adaptation of an existing QUT machine vision 
capability for the new application of autonomously identifying humans from an 
aerial platform. Off -the-shelf machine vision systems only detect people from 
a ground perspective. However  in the Search and Rescue and Emergency 
rescue applications considered for the capability developed in this project, 
people need to be detected from the air, moreover they may be standing, 
sitting, prone or partially occluded by trees.  
The detection will be an active vision process, developed in two stages;  
 
Stage 1  
o First stage aims for a high recall at high altitude (in order to cover a 
large search area quickly and not miss any target). Because of the high 
recall, the precision might be low.  
o This stage will require the collection of data at various heights, in 
various lighting conditions and various terrains to create a data set of 
images of humans in various poses. The combination of these four  
Page 4 of 36 
 
variables will require hundreds of hours of flights, The experience of the 
QUT team will then be applied to developing machine learning based 
on low resolution images. This is highly specialised research which will 
benefit from that already completed by QU T in their numerous AI 
projects.  
 
Stage 2  
o The second stage consists of the UAS autonomously defining flight 
paths to enable for alternative angles/perspectives on the target, 
increasing the confidence in the sighting.  
o To achieve this, ADR will develop a number of automated flight 
behaviors or “scripts”. The QUT software, when it detects a probable 
target, will trigger a script such as a spiral descent centered on the 
target location to provide higher and higher resoluti on images while 
avoiding obstacles such as trees. This functionality is not available on 
any of the commercial drones used by the police or fire and rescue 
services.  
 
The unique aspect of this project is the modification of state -of-the-art 
machine vision systems to ADRs UAS, creating an innovative capability 
through this integrated combination.  Combining ADRs and QUTs proven 
capabilities, this targets a relatively rap id solution for a complex problem.  
 
To support ADR with taking this new product to the market, QUT will be 
completing a market research study and using this to prepare a document 
outlining approaches proposed to access the potential market.  This is 
outlined in Q6 below.  
 
 
 
What plans will be implemented to encourage effective collaboration between 
project partners (eg  co-location), and also including with other small and 
medium businesses?  
● Two one day workshops will be conducted at the start of the project  
● The two research engineers for this project will be co -located three days at 
QUT and two days at ADR, potentially at the ARM Hub where ADR as a 
tenant.  
● Project meeting amongst all team members will be conducted once a 
fortnight  
● ARM Hub will support project coordination and workshop requirements.  
  
 
Project benefits  
4.   Benefit to, and 
impact on, industry 
participant(s)  What significant benefits (eg  value, uniqueness, competitive advantage, 
upskilling, new business model, further investment, etc) will this project bring 
to the industry participant(s)?  
In a competitive market, ADR cannot be successful simply through providing 
their own platforms, even if these have the advantage of being Australian 
made.  
 
To compete ADR needs to offer a designed combination of the right platform 
coupled with the right capability.  This has been shown to be successful in the 
mining sector, for example delivering a capability to map abandoned mines 
through the combination of a series of robots establishing their own relay 
nodes creating an underground wifi network and then sending a specific robot 
fitted with a high intensity light and high definition camera.  
 
This project provides significant benefit to ADR through the creation of a 
further capability, in a new sector and supporting their drone capability.  
 
As demand evolves, ADR plan to setup a new manufacturing facility in 
Caloundra, QLD and to employ five additional staff to produce these 
Unmanned Aerial Systems.  
 
5.   Strategic 
opportunity  What are the benefits of this project for others, eg for other businesses, 
supply chains, research organisations?   
Page 5 of 36 
 
The ambition here is to provide ADR with additional demand that supports 
them in their growth as a manufacturer, onshoring the manufacture of 
components and establishing their position as a major player in this specific 
niche between the military drones an d the cheaper, less adaptable Chinese 
drones.   
 
This ADR project is a key demonstration of ARM Hub’s industry application of 
computer vision research, pioneered by QUT’s world leading Australian 
Centre for Robotic Vision. The ARM Hub has been established to accelerate 
the translation of this research in to state -of-the-art products and services for 
industry. As a tenant of the ARM Hub, ADR and QUT’s further research into 
the application of computer vision for UAS’s will be developed, assembled 
and tested in the ARM Hub’s Learning Factory in Brisbane’s Nor thgate 
suburb. The research will also be profiled in showcase events for industry and 
government hosted by the ARM Hub in digital and live formats and is an 
important demonstration of the value of commercialisation capabilities like the 
ARM Hub in developi ng world -leading products for Australian manufacture.  
 
Once proven and available to the market, there is a social benefit.  Improving 
search capability for Australian communities, be that in on land or at sea.  
Whilst at present the National Search and Rescue Manual does not integrate 
the use of UASs into thei r strategy as the technology has not been available. 
This project may be the game changer.  
 
 
What is the anticipated return on investment for the project (eg sales revenue, 
exports, jobs, growth, other revenue sources related to project -related 
commercial transactions and IP utilisation, etc)?  
The return on investment for this project is realised by the larger market 
generated by the additional capability of the automated search and detection 
function. This will not only result in sales of the AI platform, it will result in 
additional sales and service of airframes. Leveraging off these additional sales 
is additional volume discounts ADR can seek from suppliers.  
 
The benefit that this capability provides to ADR, beyond accessing a new 
market as stated above, is a high -value use case applicable to existing ADR 
products that increases the target market for these products as well.  
 
What evidence can the industry participant(s) provide that this research 
project is a strategic priority within their organisation and will be championed 
accordingly (e.g. leadership buy -in, finances, resources, project 
management)?  
To be competitive ADR needs to be a technology leader. The makeup of the 
team as well as the current services offered into the mining and surveillance 
sector demonstrate clearly that this strategy is being pursued.  
 
As a small organisation this level of investment is significant and being 
directed towards this as a strategic priority.  
 
 
Markets and competition  
6.   Pathwa y to market  What is the opportunity this project enables to create new products and/or 
services, including accessing new markets, and what is the size/scale of the 
market opportunity?  
Boston Consulting Group expects the market for Inspection, Search and 
Rescue (ISR) drones to reach $US15B by 2021. (https://www.bcg.com/en -
us/publications/2020/isr -tech-disrupt -market -defense -drones).  
 
The recent NSW bushfire enquiry recognised that unmanned aerial vehicles 
will play a larger role in search and rescue in the future and that they are 
currently an underutilised resource. Most of the technology utilised by police 
and fire and rescue filters  down from the defence industry. ADR will attempt 
to introduce the developed search capability directly to the emergency 
services.  
  
Page 6 of 36 
 
QUT’s machine vision technology is world class / leading edge. In 
combination with ADR’s person -portable drone platform, it is hoped to 
achieve a 2% to 3% share of that market (a much lower percentage than the 
share ADR enjoy in underground mining robots).   
 
The simple announcement that ADR and QUT are partnering to produce an 
autonomous search and rescue UAV drone will be in itself a powerful 
marketing tool. Given QUT’s reputation for machine vision excellence, it 
instantly adds credibility to the project and  will allow ADR to attract further 
funds for the project.  
 
 
 
What are the barriers to entry to the target markets, and how can these 
barriers be overcome, including through this project?  
The primary barriers to entry here are the provision of the capability and the 
demonstration of that capability.  It is acknowledged that at this stage there is 
no direct pull from the market, simply an understanding that more capability 
can be enabled by drones in the future.  
 
Demonstrating the capability is seen as the key path to inclusion on 
government tenders and onto documents such as the National Search and 
Rescue Manual.  
 
As has been the case with their underground robots, it is not until the 
capabilities of the platform have been demonstrated in an operational 
environment that the capability is one that will be recognised, understood and 
able to be requisitioned by governm ent agencies.  
 
ADR will use a number of strategies to market the capability;  
• Try to engage with potential clients, in a personal way, to forge 
institutional change. It will do this by leveraging on QUT social 
capital and its associate professors.  
• Exhibition space has been booked at Land 2020 (postponed until 
June 2021) where ADR would hope to have video of the UAS in 
operation and the actual UAS at the stand.  
• ADR are in the process of booking exhibition space at the Disaster 
and Emergency management conference in July 2021.  
• ADR intend to engage directly with the SES and fire and rescue in 
each state to advocate for an opportunity to demonstrate the 
capability.  
• ADR will use their existing social media channels to promote the 
product.  
 
To further mitigate the risks associated with developing a product into an 
emerging market, a Market Research Study and Strategy to Market Plan are 
included within the project scope. The former will help ADR to align its 
products/service with the market ne eds, whereas the latter will inform on 
approaches available to ADR to capture the maximum value from the product 
opportunity created by this project.  
 
The Market Research Study will deliver;  
• A study of the main competitors,  
• Target audience,  
• Trending in the industry,  
• Complementary technologies,  
• Interview/s with the target audience,  
• Pricing research,  
• Market segmentation,  
• Competitive analysis.  
 
The strategy to market plan will;  
• Analyze the market research study,  
• Refine the target audience and competitive advantages,  
• Determine a budget,  
• Verify that the product/service is competitive (costs vs price),  
• Define a marketing strategy: best strategy to create the new market, 
approach to capture the target audience, scalability, synergies 
among products and markets, etc.,   
Page 7 of 36 
 
• Develop and implementation schedule,  
• Define the dynamic capabilities necessary for renewing the 
competitive advantages,  
• Continuous and dynamic evaluation process.  
 
 
What opportunities are there to access global markets (eg  exporting products 
and/or services)?  
●  The advanced capability of the combined platform opens up global markets 
for this capability. In particular, European countries that do not have ITAR 
access to US technology will be a strong market.  
●  ADR will engage both Queensland Trade and Investment Department and 
AusTrade to assist with accessing international government markets.  
 
2. Project Timing  
Project activity / milestone  
(rows to be added as required)  End date  Start 
MRL  End 
MRL  
1.  Video and Image data collection (ADR)  
 15/03/2021  MRL3  MRL7  
2.  Video frame extraction and video dataset labelled 
(QUT)  
 15/05/2021  MRL3  MRL7  
3.  Deep neural network based detection model 
completed (QUT)  
 15/07/2021  MRL3  MRL7  
4.  Workshop QUT and ADR to discuss data and model 
completed  17/07/2021  MRL3  MRL7  
5.  Interface between the machine vision and the flight 
controller so that the flight trajectory can be altered 
to provide multiple viewpoints of the target 
completed (QUT and ADR)  
 20/08/2021  MRL3  MRL7  
6.  Active vision detection module completed.(QUT and 
ADR)  15/11/2021  MRL3  MRL7  
7.  Final Report Completed (QUT and ADR)  15/12/2021  MRL1  MRL7  
8.  Market Research Study  15/05/2021    
9.  Strategy to Market Plan  31/06/2021    
 
3. Risk Analysis  
 
Project risk assessment  
(rows to be added as required)                                     Project risk mitigation  
Risk Description  Likelihood  Impact  Level  Mitigation plan  
Inability to collect video 
and Image data on the 
day due to weather  Rare  Moderate  High Flexibility on data collection days  
Travel restrictions to site 
due to Covid 19  Unlikely  Moderate  High Test sites <50Km radius from 
Brisbane  
Market is overestimated  Likely  High High Market Research Study and Strategy 
to Market Plan.  
 
 
4. Project Management and Governance  
The Project Management Committee (PMC) for the project will be responsible for project governance at the researcher 
and project team level, and will monitor the research progress against timelines and budgets. Project reporting will be  
Page 8 of 36 
 
done by the Project Participants using IMCRC’s cloud -based Salesforce platform. PMC meetings are to be held at least 
quarterly either in person or via teleconference or video call, and can be rolled into the research organisation’s weekly 
meeting. The IMCR C CEO can convene a meeting of a PMC at any time for the purposes of obtaining a report and to 
confirm the status of the project. The PMC will typically consist of:  
● a Chair who is an industry representative, not a research participant; Dr Joe Cronin   
● the Project Leader who is a research organisation representative; A/Prof Felipe Gonzalez  
● a member of the research team as determined by the Project Leader; Dr Frederic Maire  
● a representative of each Project Agreement organisation (including the IMCRC); A/Prof Cori Stewart and  
● other relevant stakeholders and end users as requested by the IMCRC Executive.  
 
 
 
 
 
 
 
 
 
 
 
 
 
 
 
 
 
 
   
Page 9 of 36 
 
 
5. Project Budget  
 
 
 
FY2020/21 FY2021/22
($) ($) ($) (%)
IMCRC 39,108 35,925 75,033 50%
Australian Droid + Robot, ARM Hub 39,108 35,925 75,033 50%
Sub-total Cash 78,217 71,850 150,066 100%
Queensland University of Technolgy 77,000 42,000 119,000 67%
Australian Droid + Robot, ARM Hub 32,700 25,500 58,200 33%
Sub-total Inkind 109,700 67,500 177,200 100%
Queensland University of Technolgy 26,535 23,495 50,030 24%
Australian Droid + Robot, ARM Hub 105,200 52,600 157,800 76%
Sub-total Non staff Inkind 131,735 76,095 207,830 100%
IMCRC 39,108 35,925 75,033 14%
Queensland University of Technolgy 103,535 65,495 169,030 32%
Australian Droid + Robot, ARM Hub 177,008 114,025 291,033 54%
319,652 215,445 535,096 100%
Staff In-Kind (FTE)
Queensland University of Technolgy 0.93           0.77           1.70           
Australian Droid + Robot, ARM Hub 0.12           0.08           0.19           
Total Inkind (FTE) 1.04           0.85           1.89           
FY2020/21 FY2021/22
($) ($) ($) (%)
Salaries, oncosts and overheads
Queensland University of Technolgy 75,117 71,650 146,766
Sub-total 75,117 71,650 146,766 98%
Operating expenditures
Queensland University of Technolgy 3,100 200 3,300
Sub-total 3,100 200 3,300 2%
Total Expenditures
Queensland University of Technolgy 78,217 71,850 150,066
78,217 71,850 150,066 100%Total
Total(Excluding GST)
Total Gross Contributions ($)
(Excluding GST)
Total ExpendituresBUDGET SUMMARY
(Amounts exclude GST)
TOTAL CONTRIBUTIONS SUMMARY
TOTAL EXPENDITURES SUMMARYCash contribution
Staff In-Kind contribution 
Non staff In-Kind contribution 
Total Contributions  
Page 10 of 36 
 
 
 
 
 
 
 
FY2020/21 FY2021/22 Total
($) ($) ($)
Q1 Q1 -                18,012                     18,012 
Q2 Q2 -                17,912                     17,912 
Q3 Q3 20,229           -                          20,229 
Q4 Q4 18,879           -                          18,879 
Sub-total 39,108           35,925           75,033           
Q1 Q1-                18,012                     18,012 
Q2 Q2 -                17,912                     17,912 
Q3 Q3           20,229                   -             20,229 
Q4 Q4           18,879                   -             18,879 
Sub-total 39,108           35,925           75,033           
Q1 Q1 -                36,025                     36,025 
Q2 Q2 -                35,825                     35,825 
Q3 Q3 40,458           -                          40,458 
Q4 Q4 37,758           -                          37,758 
78,217       71,850       150,066     CASH CONTRIBUTIONS - PAYMENT SCHEDULE
(Amounts exclude GST)
Total Cash Contributions(Excluding GST)
IMCRC
Australian 
Droid + 
Robot, ARM 
Hub 
Grand Total 
Page 11 of 36 
 
 
 
 
 
 
 Salaries  OPEX Total
ADR.G.1 Project kick-off 15/2/2021
ADR.G.2 Press release approved by all parties 15/2/2021
ADR.G.3Parties reach agreement on functional specifications including key 
performance indicators for milestones15/2/2021
ADR.MRL7.1  Video and Image data collection completed (ADR) 15/3/2021
ADR.G.4Communications: Agreed Communications and Marketing Plan for 
duration of project15/3/2021
ADR.MRL7.2 Video frame extraction and video dataset labelled (QUT) 15/5/2021
ADR.MRL7.3 Deliver Market Research study 15/5/2021
ADR.MRL7.4 Strategy to Market Plan 30/6/2021
ADR.MRL7.5 Deep neural network based detection model  completed (QUT) 30/6/2021
ADR.MRL7.6 Workshop QUT and ADR to discuss data and model completed 30/6/2021
ADR.G.5 Review functional specifications for project compliance 30/6/2021
ADR.MRL7.7Interface between the machine vision and the flight controller so 
that the flight trajectory can be altered to provide multiple 
viewpoints of the target  completed (QUT and ADR) 20/8/2021
ADR.I.1FutureMap: Business Owners / senior executives of industry 
partner(s) to participate in Futuremap event30/9/2021
ADR.MRL7.8 Active vision detection module completed. 15/11/2021
ADR.MRL7.9 Final Report Completed 15/12/2021
ADR.U.1Collaboration Report: Report on collaboration opportunities and 
Value Realised for Industrial Participants15/12/2021
TOTAL $146,766 $3,300 $150,066$0 $35,825 (Amounts exclude GST)PROJECT MILESTONES/DELIVERABLES
$35,825 $200 $36,025  QUARTERLY BUDGET ($) Date for 
achievement 
of milestoneMilestone 
NumberFinancial Year & 
QRT
FY2021 Q3 ( Jan 
to Mar 2021)$37,558 
FY2022 Q1 ( Jul 
to Sept 2021)Quarterly Project Milestones
$2,900 $40,458 
FY2021 Q4 ( Apr 
to Jun 2021)$37,558 $200 $37,758  Queensland University of Technolgy  
FY2022 Q2 ( Oct 
to Dec 2021)$35,825 
FTE $ FTE $ FTE $ FTE $ FTE $
Ahmed Abbass Research Fellow Level 
A8          92,459 0.65       20,283 0.65       20,283 0.62       19,347 0.62       19,347     0.64       79,260 
TBC Research Engineer 
HEWA6.1          78,747 0.65       17,275 0.65       17,275 0.62       16,478 0.62       16,478     0.64       67,506 
 1.30       37,558  1.30       37,558  1.24       35,825  1.24       35,825     1.27     146,766 
Felipe Gonzalez Project Leader         280,000    0.15       10,500    0.15       10,500    0.15       10,500    0.15       10,500     0.15       42,000 
Frederic Maire Key Researcher         280,000    0.15       10,500    0.15       10,500    0.15       10,500    0.15       10,500     0.15       42,000 
Rui Torres de 
OlivieraKey Researcher         280,000  0.25       17,500  0.25       17,500      -                 -        -                 -       0.13       35,000 
 0.55       38,500  0.55       38,500  0.30       21,000  0.30       21,000     0.43     119,000 
FTE $ FTE $ FTE $ FTE $ FTE $
Joe Cronin Senior Manager         420,000  0.10       10,500  0.10       10,500  0.10       10,500  0.10       10,500     0.10       42,000 
ARM Hub Support Other (Supp Staff)         180,000  0.26       11,700               -                 -    0.10         4,500     0.09       16,200 
 0.36       22,200  0.10       10,500  0.10       10,500  0.20       15,000     0.19       58,200 STAFF RESOURCES - CASH
Australian Droid + Robot, ARM Hub Total Research - InkindTotal Research - Cash
STAFF RESOURCES - INKIND
TOTAL
Total Industry - InkindSTAFF RESOURCES - INKINDFY2021 Q3 ( Jan 
to Mar 2021)FY2022 Q2 ( Oct 
to Dec 2021) PositionName of Staff (Incl 
title)Base salary $ 
(pa)FY2021 Q4 ( Apr 
to Jun 2021)FY2022 Q1 ( Jul to 
Sept 2021)STAFF RESOURCES BUDGET - CASH AND INKIND
(Amounts exclude GST)
FY2021 Q4 ( Apr 
to Jun 2021)FY2022 Q1 ( Jul to 
Sept 2021)Queensland University of Technolgy 
Name of Staff (Incl 
title)Base salary $ 
(pa)PositionTOTALFY2021 Q3 ( Jan 
to Mar 2021)FY2022 Q2 ( Oct 
to Dec 2021) 
Page 12 of 36 
 
 
 
 
 
 
 
 
 
 
TOTAL
$
Staff administration costsQueensland University 
of Technolgy       11,267       11,267       10,747       10,747       44,030 
 RGB and Thermal Sensors QUT         2,000         2,000         2,000         6,000 
      13,267       13,267       12,747       10,747       50,030 
TOTAL
$
RGB and Thermal Sensors ADR       10,000       10,000       10,000       30,000 
2 UAVs ADR       40,000       40,000       40,000     120,000 
ARM Hub Facility costs ARM Hub         2,600         2,600         2,600         7,800 
      52,600       52,600       52,600               -       157,800 NON STAFF RESOURCES - INKINDNON STAFF INKIND
(Amounts exclude GST)
Details of the Items Location
Total Industry - Non staff In-kindNON STAFF RESOURCES - INKIND
Total Research - Non staff In-kind
Australian Droid + Robot, ARM Hub 
Details of the Items LocationQueensland University of Technolgy 
FY2021 Q3 
( Jan to 
Mar 2021)FY2021 Q4 
( Apr to Jun 
2021)FY2022 Q1 
( Jul to 
Sept 2021)FY2022 Q2 
( Oct to 
Dec 2021)
FY2021 Q3 
( Jan to 
Mar 2021)FY2021 Q4 
( Apr to Jun 
2021)FY2022 Q1 
( Jul to 
Sept 2021)FY2022 Q2 
( Oct to 
Dec 2021)
TOTAL
($)
2,700  2,700
200 200 200  600
2,900 200 200 0 0 3,300FY2022 Q3 
( Jan to 
Mar 2022)
Total Research - OpexOPERATING EXPENDITURES ($)
FY2021 Q3 
( Jan to 
Mar 2021)FY2021 Q4 
( Apr to Jun 
2021)FY2022 Q1 
( Jul to 
Sept 2021)FY2022 Q2 
( Oct to 
Dec 2021)Details of Eligible OPEX Expenditure
Equipment(ICT)  (A jetson Xavier NX & USB accelerator )
Domestic Travel (inc airfare, taxis, accom)OPERATING EXPENDITURES BUDGET
(Amounts exclude GST)
Queensland University of Technolgy  
Schedule 1  Agreement and Party Details  
Subject to earlier termination of the Project or this Agreement in accordance with the terms of this Agreement or extension 
mutual agreement of the Parties, the Project will commence on the Project Commencement Date and will be completed on 
the Project Com pletion Date.  
 
Item 1  Project Commencement Date  
 
15/2/2021  
 
 
Item 2  Project Completion Date  
 
15/12/2021  
 
 
Item 3  Details  and Notices  
 
IMCRC :   Innovative Manufacturing CRC Limited  (IMCRC)  
Address:  Building 91, 110 Victoria Street, Carlton, 3053 Victoria,  Australia  
Email:    matthew.young@imcrc.org  
Attention:   Matthew Young  
For all finance related matters and invoice, please email sameera.silva@imcrc.org  
 
ADR :   Australian Droid & Robot Pty Ltd  
Address:   [Address]  
Email:    [Email address]  
Attention:   [Name]  
 
QUT :   Queensland University of Technology  
Address:   [Address]  
Email:    [Email address]  
Attention:   [Name]  
 
 
 
Item 4  Special Terms  
 
1. Project commencement is subject to the parties reaching agreement on functional specifications 
including key performance indicators for milestones.  
 
Item 5  Valuation Principles  for activate  Projects  
1. Industry led Projects are co -funded by the IMCRC on a dollar for dollar basis, i.e. $1.00 of 
IMCRC  cash for every $1.00 of industry cash invested in the Project.  
2. The maximum cash Contribution profile of a single activate  Project  is $300,000  (i.e. $150,000  
cash Contribution from Industry matched with $ 150,000  cash Contribution  from IMCRC ) over 
the term of the IMCRC.  
3. The total value of a n activate  Project will be greater than the total cash value of the Project as 
it will include cash and In-kind Contributions.  
4. All activate Projects are required to have In-kind Contributions.  
5. In-kind Contributions are not matched with IMCRC  funding.  
6. Staff contributions are the provision of employees of a Project Collaborator  or a consultant hired 
by the Project Collaborator  to work on a Project or otherwise for the benefit of the Centre.  
7. Salary cost of a staff contribution is the direct base salary, or remuneration cost to the Project 
Collaborator  of providing the Staff Contribution.   
Page 14 of 36 
 
8. The deemed monetary value of staff contributions will be salary cost to the relevant Project 
Collaborator  of providing the staff contribution plus 35% for on -costs (allowing for 
superannuation and other employment costs). The amount of the on -cost can be reviewed 
annually.  
9. The value of In-kind Contributions is determined by the Project Collaborator  and must be 
realistic and justifiable and agreed by IMCRC.  
10. Capital expenditure, if valued, can only be considered as an In-kind Contribution.  
 
Item 6  Insurance Obligations  
 
Obligation to insure  
Each Participant must have and maintain for the Term the insurances set out in this Item 6  with an 
insurance company  authorised by the Australian Prudential Regulation Authority (APRA) or as 
otherwise approved by the Commonwealth that a prudent person engaged in the Activities would 
consider is adequate.   
As a minimum, each Participant must have and maintain the following:  
(a) workers' compensation insurance for an amount required by the relevant S tate or Territory 
legislation;  
(b) public liability insurance for $20,000,000 (twenty million dollars) or more per claim;  
(c) management liability insurance (or at a minimum, professional indemnity and directors and 
officers insurance) for $1,000,000 (one million dollars) or more per claim; and  
(d) any other insurance required by the Commonwealth (acting reasonably) as notified by the 
IMCRC  to the other Parties.  
A Party that is not a Participant will be required to hold adequate insurance, including without limitation, 
worker’s compensation insurance and public liability insurance sufficient to cover its exposure under 
this Agreement.  
 
The Party will provide evidence of such insurance to the IMCRC  at the IMCRC ’s request.  
 
Act as own insurer or insure with other companies  
If the Commonwealth, a statutory corporation, a State Participant or other large enterprise is a Party, 
it may:  
(a) act as its own insurer; or  
(b) be insured with an insurer that is not authorised by APRA,  
provided that it receives the consent of the IMCRC . 
Evidence of insurance  
Within 10 days prior to the Commencement Date, each Project Collaborator  must provide to the 
IMCRC  relevant confirmation of insurance documentation from its insurers or insurance brokers 
certifying that it has insurance as required this  Item 6 . 
Item 7  Project Management Committee  
 
On a day -to-day basis, the P roject will be managed by the Project Leader and overseen by a Project 
Management Committee, whose Chair will be a representative of the lead Industry Project 
Collaborator.  
 
The Project Management  Committee is to be established at the Commencement of a Project, with 
terms of reference aligned with the Guidelines and project milestones , completion deadline  and 
governance requirements.   
Page 15 of 36 
 
The Chief Executive Officer of IMCR C may, at any time, convene a meeting of the Project 
Management Committee for the purposes of obtaining a report and to confirm the status of the Project.  
 
The Project leadership and management structure will be as follows:  
 
The Project Management Committee will comprise:  
 
Industry nominee:   Dr Joe Cronin  (Managing Director ) 
Research nominee:   A/Prof Felipe Gonzalez  
IMCRC nominee:   Matthew Young or delegate  
 
The Project Management Committee will meet at least quarterly , or more frequently depending on the 
project needs and agreement between Project Collaborators, and review:  
 
1. compliance to the requirements in the Project Agreement ;  
2. recommendations for project continuation, variation or termination ;  
3. review of Participant contributions ; 
4. implementation of the Project’s communications strategy ;  
5. timely approval of quarterly/annual progress reports ; and  
6. other matters as determined from time to time . 
 
Management of the Project (execution) will be the joint responsibility of Industry and Research Project 
Collaborator ’s nominees.  
 
Team leadership (day -to-day) will be the responsibility of Research Project Collaborators ’ nominee.  
 
Item 8  Financial terms  
(i) Payment of Project Cash Contributions by Industry Project Collaborators  
IMCRC will invoice Industry Project Collaborator (s) their respective Cash Contributions monthly  in 
advance.   
Industry Project Collaborator (s) must pay their invoiced Cash Contributions within the period of time for 
payment of the invoice as indicated on the invoice.  
Any Cash Contributions which have not been expended in carrying out the Project will be repaid to the 
Industry Project Collaborators  at the end of the project.  
 
(ii) Payment of Project Funds by IMCRC to Project Collaborators  
IMCRC will pay the Project Collaborators  the Project Funds (other than payments in relation to 
operating expenditure) as follows:  
(a) only upon:  
(i) satisfactory achievement of all Project Milestones to which the payment relates;  
(ii) satisfactory delivery of all relevant Project Deliverables to which the payment 
relates;  
(iii) delivery by the Project Leader to IMCRC of all relevant quarterly reports in respect 
of the Project and acceptance by IMCRC of such reports;  
(iv) receipt by IMCRC of a valid tax invoice in respect of the payment; and  
(v) if requested by IMCRC for purposes of an audit, evidence that claims for payment 
have been made in accordance with  
(I) the Project Budget;  
(II) the Project Milestone Schedule;  
(III) agreed personnel contributions ; and  
Page 16 of 36 
 
(IV) the Project Agreement (other than the Project Budget and the Project 
Milestone Schedule).  
IMCRC will have no obligation to pay Project Funds to a Project Collaborator  if: 
(a) the Project Collaborator has ceased to participate in a Project provided always that any 
outstanding payments will be paid; or  
(b) the Project Collaborator  is expelled from the Project.  
Payments in respect of salaries  for researchers and operating  expenditure  will be paid by IMCRC to 
Project Collaborators quarterly in arrears in accordance with the Project Budget.  
 
Project In -Kind Contributions  
The Project In -Kind Contributions of the Project Collaborators  are as follows:  
(a) staff In -Kind Contributions as set out in the Project Budget;  
(b) non staff In -Kind Contributions as set out in the Project Budget.  
For the avoidance of doubt,  In-kind contributions are valued in accordance with the  IMCRC In-Kind 
guidelines.   
 
  Contribution and  Payment Schedule  
 
Project Cash Contributions  
FROM : ADR  TO: IMCRC  
Payment 
Amount  Payment 
Terms  Payment 
Description  Invoice 
Issue   Due date  
According to 
project budget 
contributions 
profile, 
however may 
changes as 
the project 
progress as 
subject to 
project 
financial 
forecast.  FY2020/21 Q3 Contributions  
 January -2021  On execution of project 
agreement  
   February -2021  
March -2021  
FY2020/21 Q4 Contributions  
30 Days  April-2021  28-Feb-21 31-Mar-21 
May-2021  31-Mar-21 30-Apr-21 
June -2021  30-Apr-21 31-May-21 
FY2021/22 Q1 Contributions  
30 Days  July-2021  31-May-21 30-Jun-21 
August -2021  30-Jun-21 31-Jul-21 
September -2021  31-Jul-21 31-Aug-21 
FY2021/22 Q2 Contributions  
30 Days  October -2021  31-Aug-21 30-Sep-21 
November -2021  30-Sep-21 31-Oct-21 
December -2021  31-Oct-21 30-Nov-21 
 
 
 
 
 
  
Page 17 of 36 
 
Project Payment Re: Salaries, OPEX and Stipends  
FROM : IMCRC  TO: QUT  
According to project budget and in 
line with Financial Terms (Schedule 
1-Item 8). Amounts may change as 
the project progress subject to project 
financial forecast  14 Days  Issued Date: QUT  
University Issue date  FY2020/21 Q3 to Q4 
Payments  
FY2021/22 Q1 to Q 2 
Payments  
   
Page 18 of 36 
 
 
 
Schedule 2  Intellectual Property (IP)  
 
Item 1   Project IP Ow nership  
Subject  to payment of Project Cash Contributions by Industry Project Collaborators (as set out in 
Schedule 1 , Item 8), the Project IP Owning  Party will be  the Industry Project  Collaborator , or as 
otherwise agreed by IMCRC  by exception . 
Should the  Industry Project Collaborator(s) breach this Agreement, including through not pay ing the 
Cash Contributions as specified in Schedule 1, Item 8 , the Project may be terminated and the IP will be 
owned by IMCRC  or as directed by IMCRC and the Industry Project Collaborator(s) will have no rights 
or entitlements to the Project IP.  
 
Item 2   Background IP  
Licence for Project use  
Each Party grants to the other Parties during the term of the Project an irrevocable, non -exclusive, 
royalty -free, worldwide licence to use the Party's Background IP made available to the Project for the 
purposes of carrying out the Project, subject to any  restrictions on its use:  
(a) specified in the Project Plan (including a right to sublicense); or  
(b) in the case of any Background IP not specified in the Project Plan, notified in writing to the 
IMCRC  at the time of offering such Background IP (including a right to sublicense).  
Licence for Utilisation  
(a) If, for the purposes of Utilisation of Project IP, a licence is required to use Background IP of a 
Party that was licensed, the Utilisation Party must notify that Party in writing.  
(b) If a Party has received a notice in accordance with  paragraph (a) above,  that Party will grant 
a licence to the Utilisation Party, on reasonable commercial terms to be agreed by the Party 
and the Utilisation Party, to use the Party's Background IP for the purposes of Utilising Project 
IP from the Project (including the right t o sub -license) provided that:  
(i) the Project IP has been developed using that Background IP in accordance with this 
Agreement; and  
(ii) that Background IP is required for the Utilisation of such Project IP,  
subject to any restrictions on its use specified or notified in writing at the time of offering such 
Background IP.  
Background IP Register  
The Project Leader will maintain a register recording all necessary Background IP made available under 
this Agreement, including any encumbrances or restrictions on its use specified or notified in accordance 
with this clause . 
Infringement of Background IP  
The Parties agree that they will take all necessary steps to give each other prompt notice of any 
infringement of Background IP which comes to their attention.  
Improvements to Background IP   
Page 19 of 36 
 
Improvements to Background IP will be owned by the Project Collaborator  making the Background IP 
available to the Project. Improvements to Background IP will be made available to Project Parties on 
the same terms as Background IP is made available.  
 
Item 3   Dealing with Project IP   
Subject to Schedule 1, Item 8, and e xcept as expressly provided in this Agreement : 
(a) No Party may deal with, Utilise, dispose of or encumber any interest which it might hold in Project 
IP, without the written consent of the Project IP Owning Parties.  
(b) A Party wishing to use Project IP for any purpose, whether for research or otherwise, not authorised 
under this Agreement must obtain a licence from the Project IP Owning Parties covering such use.   
The grant of any such licence will be at the Project IP Owning Parties’ absolute discretion and must 
include provisions governing ownership and Utilisation of further Intellectual Property developed from 
such use.  If the proposed use of Project IP relates  to the Activities,  then the Project IP Owning Parties 
will not unreasonably withhold their consent to such use.  
(c) Except to the extent set out in the Project Plan, or subsequently agreed by the Project IP Owning 
Parties:  
(a) the Project IP Owning Parties must decide whether any outcomes from the Project warrant 
pursuing patent protection, or other forms of Intellectual Property protection, and if it does, in 
which countries protection should be sought;  
(b) the Project IP Owning Parties or those of them who so agree, will apply for, maintain and 
prosecute any form of Intellectual Property protection decided on under paragraph (a) above 
at their entire cost ; and  
(c) if patenting or other registrable forms of Intellectual Property protection of Project IP is 
pursued, such registration:  
(i) is to be in the Project IP Owning Parties’ names; and  
(ii) where required, will identify:  
(A) the inventors of the Project IP; and  
(B) the owners of the Project IP.  
 
Each Party (as applicable):  
(a) must respond to a request from IMCRC  or a Project IP Owning Party to provide information 
in its possession regarding Project IP that has been developed by the Party or is under 
development by the Party;  
(b) must use its reasonable efforts to ensure that itself and all persons  participating in the 
Project:  
(i) identify Project IP generated or developed by them;  
(ii) promptly communicate details of Project IP to the Project Leader;  
(iii) do all things necessary for the purpose of vesting ownership of the legal and 
beneficial interest in the Project IP as required under this Agreement;  
(iv) do not prejudice protection of Project IP; and   
Page 20 of 36 
 
(v) do not use, Utilise, dispose of, encumber or otherwise deal with or enter any 
agreement in relation to any interest that it might hold in Project IP, except as 
authorised in this Agreement . 
 
IP register  
The Project Leader must maintain an IP register recording Project IP and containing at least the 
following details:  
(a) date of entry on register;  
(b) description of Project IP;  
(c) identity of the inventor and the Party that developed the Project IP; and  
(d) details of any agreements in relation to disclosure or use of the Project IP.  
Notice of infringement  
A Party must give each other Party prompt notice of any infringement of Project IP which comes to its 
attention and each Party agrees to give the Project IP Owning Parties all assistance which they may 
reasonably require in order to protect the Project IP (but only if the Project IP Owning Parties pay the 
Party providing the assistance its reasonable costs and expenses of doing so).  
Publication and disclosure  
Unless expressly authorised under this Agreement or with the consent of the Project  IP Owning Party , 
a Party must not publish or disclose to any third party any Project IP, or Confidential Information of 
another Party or of the IMCRC . 
 
   
Page 21 of 36 
 
General Terms  
(note these are non -negotiable ) 
Background  
A The IMCRC  manages and operates the Innovative 
Manufacturing Cooperative Research Centre ( Centre ).  
B The IMCRC  entered into an agreement with the 
Commonwealth on or about 21 October 2015 
(Commonwealth Agreement ), under which the IMCRC  will 
be primarily  funded by the Commonwealth (under the 
Cooperative Research Centres Programme) to contribute 
toward the operation of the Centre.  
C The Project has been approved by or under a delegation from 
the Governing Board as part of the Activities, and the IMCRC  
has been authorised to enter into this Agreement.  
D The IMCRC and the Project Collaborator s wish to conduct the 
Project on the terms and conditions of this Agreement.  
Agreed terms  
1. DEFINITIONS AND INTERPRETATION  
1.1. In this Agreement, including the Special Conditions, 
Schedules and any Annexures , the following 
definitions will apply, except where the context 
otherwise requires:  
Activities  means the research  and development, 
education and Utilisation activities carried out as part 
of the Project.  
Adviser  means : 
(a) the financial or legal advisers of a Party  and 
includes the commercialisation  company  of a 
Participant ; and  
(b) the respective officers and employees of those 
financial or legal advisers.  
Agreement  means this agreement, including the 
Schedules , Annexures  and Recitals, and any 
amendment agreed to in writing by the Parties . 
Asset  means an item of real or personal property  
but does not include Intellectual Property.  
Background IP  means:  
(a) the Intellectual Property specified in the Project 
Plan that a Party has agreed to contribute as 
Background IP to the Project; and  
(b) any other Intellectual Property that a Party has 
offered to contribute as Background IP for the 
Project and has been agreed in writing  by all 
Parties as being accepted as Background IP for 
the Project,  
and, for the avoidance of doubt, does not include 
any Project IP.  Business Day  means, in relation to the doing of 
any action in a place, a weekday other than a public 
holiday or bank holiday in that place . 
Commencement Date  means the date set out in 
Item 1  of 0. 
Commonwealth  mean s the Commonwealth of 
Australia , as represented by the Department . 
Commonwealth Agreement  has the meaning set out 
in Background B. 
Commonwealth Funding  means the grant 
provided by the Commonwealth to IMCRC  under 
the Commonwealth Agreement for expenditure on 
the Project and the  Activities.  
Confidential Information  means all information not 
in the public domain that is by its nature confidential 
or that has been designated  in writing  as 
confidential by the disclosing Party, and includes all 
trade secrets, know -how, financial information and 
other commercially or scientifically valuable 
information of whatever description and in whatever 
form (whether written, or oral, visible or invis ible).  
CRC Indicia means the terms “CRC”, “Cooperative 
Research Centre”, “CRC Australia” and the CRC 
Programme logo including registered trade mark 
(No. 742859) and any additional items specified by 
the Commonwealth from time to time.  
Deliverables  means the required deliverables and 
outcomes for the Project as described in the Project 
Plan.  
Department  means the Department of Industry, 
Science , Energy and Resources  and its successors  
that administer the Cooperative Research Centres 
Program me. 
Essential Participant  means those  person s, 
bodies or organisation s (other than the IMCRC ) who 
have executed  the Participants Agreement.  
Financial Year  means a period of 12 months 
ending on 30 June each year or , where the context 
necessitates , a part of such period.  
General Terms means the terms set out in this 
Agreement.  
Governing Board means the board of directors of 
IMCRC . 
IMCRC Funding  means the Commonwealth Funding 
and other IMCRC cash.  
Intellectual Property  or IP includes all copyright 
(including rights in relation to phonograms and 
broadcasts), all rights in relation to inventions 
(including patents), plant varieties, trade marks 
(including service marks), designs, circuit layouts, 
all other rights resulting from  intellectual activity in  
Page 22 of 36 
 
the industrial, scientific, literary or artistic fields and 
any right to have confidential information kept 
confidential, but does not include Moral Rights or 
rights of performers.  
Internal Research  means research that is 
conducted by a researcher that does not transfer 
Intellectual Property rights in the Project IP .  
Milestones  means the milestones for the Project as 
set out in the Project Plan . 
IMCRC  Participant  means a n Essential Participant.  
Participants Agreement  means the agreement 
between the Essential Participants and IMCRC 
dated 25 November 2016 for the establishment of 
the Centre . 
Party  means a party to this A greement.  
Personal Information  means information or an 
opinion, whether true or not and whether recorded 
in a material form or not, about an individual whose 
identity is apparent, or can reasonably be 
ascertained, from the information or opinion.  
Privacy Legislation  means the Privacy Act 1988  
(Cth) and any privacy law of a State or Territory.  
Project  means the activate project  to be carried 
out pursuant to this Agreement , details of which are 
set out in the Project Plan.  
Project Budget means the budget for the Project as 
set out in the Project Plan , including any variations 
to that budget as agreed by the Parties in writing.  
Project Collaborators means the Parties other 
than IMCRC . 
Project Commencement Date  means the date on 
which the  Project is to commence as set out in the 
Project Plan  as set out in Schedule 1, Item 1 . 
Project Completion Date  means the date on which 
the Project is to be completed as set out in the 
Project Plan , or as otherwise agreed by the Parties 
in writing  as set out in Item 2 of Schedule 1 . 
Project Contribution  means all of the money, 
Assets, Specified Personnel, facilities and services 
to be contributed by a Party to IMCRC   and agreed  
by the  Parties  to be applied to the Project , as set 
out in the Project Budget, but does not include any 
Intellectual Property.  
Project Funds  means the money to be paid to the 
Project Collaborator s for conducting the Project 
IMCRC  as set out in the Project Budget . 
Project IP  means Intellectual Property developed in 
the course of carrying out the Project.  
Project IP Own ing Party  means subject to 
Schedule 1, Item 8,  the Project Collaborator s 
detailed in  Schedule 2 . Project Leader  means the person appointed  to act 
as the  leader of the Project  as detailed in the 
Project Plan  as specified in Item 7 of Schedule 1 . 
Project Management Committee  means the project 
management committee referred to  in clause 0 and 
further detailed in  Item 7  of 0. 
Project Objectives  means the objectives for the  
Project as set out in the Project Plan.  
Project Plan means the plan for carrying out the 
Project as set in this Agreement, including any 
variations agreed by the Parties in writing . 
Specified Personnel  means the personnel of a 
Party allocated to the Project as part of that Party's 
Project Contribution  as detailed in the Project Plan . 
Term  has the meaning set out in  clause  2. 
Valuation Principles  for activate Projects means 
the principles specified in Item 5  of 0. 
1.2. Interpretation  
In this Agreement, except where the context 
otherwise requires:  
(a) a reference to a document or instrument 
includes the document or instrument as 
novated, altered, supplemented or 
replaced from time to time;  
(b) a reference to a party to a document 
(including this Agreement) includes the 
party's executors, administrators, 
successors and permitted assigns and 
substitutes;  
(c) a rule of construction does not apply to the 
disadvantage of a Party because the Party 
was responsible for the preparation of this 
Agreement or any part of it;  
(d) headings are for eas e of reference only 
and do not a ffect interpretation.  
1.3. Priority  
Except as expressly stated to the contrary, if there 
is any inconsistency between any of the documents 
forming part of this Agreement, those documents 
will be interpreted in the following order of priority to 
the extent of any inconsistency:  
(a) the Special Terms  (if any) ; 
(b) the clauses of this Agreement;  
(c) Schedule 2 ; 
(d) the Project Plan;  
(e) the Schedules (excluding th ose referred to 
above ); and 
(f) any documents incorporated by reference 
in this Agreement.  
 
 
  
Page 23 of 36 
 
2. TERM OF THIS AGREEMENT  
This Agreement will commence on the Project 
Commencement Date and will continue until the 
Project Completion Date, unless terminated earlier 
in accordance with clause 12 (Term ). 
3. CONDUCT OF THE PROJECT  
3.1  Project Leader  
The Project will be managed by the Project Leader , 
who will ordinarily be an employee of the leading 
research  Project Collaborator or the Project, and 
who will also sit on the Project Management 
Committee .  
The Party that employs the Project Leader must use 
its reasonable efforts to ensure that:  
(a) reasonable efforts are made to ensure the 
Project is conducted:  
(I) in accordance with the Project 
Plan; 
(ii) so as to achieve the Milestones 
and Project Objectives; and  
(iii) so as to provide the Deliverables , 
including all reporting obligations to 
the IMCRC ; 
(b) the Project Leader manages the day to day 
conduct of the Project;  
(c) the Project Leader provides innovative 
manufacturing, technical and scientific 
leadership to the Project;  
(d) the Project Leader will liaise with any 
person appointed by an industry or 
research Project Collaborator w hich person 
is responsible to the Project Collaborator for 
administration of the Project  and delivery of 
Deliverables within their organisation ; the 
Project Leader reports to the Project 
Management Committee as and when 
required by this Agreement and at other 
times as requested by the Project 
Management Committee;  and 
(e) financial records and research and 
technical records  are maintained  as 
directed by IMCRC.  
3.2 Replacement of Project Leader  
The Project Leader may be replaced at any time by 
the mutual agreement of the Parties.  
3.3 Carrying out the Project  
The Project Collaborators  must carry out the 
Project:  
(a) in accordance with the Project Plan,  
including the Project Budget;  
(b) to a professional standard;  
(c) so as to do all things necessary or desirable 
to achieve the Project Objectives;  (d) so as to achieve the Milestones by their 
required dates;  
(e) so as to provide the Deliverables by their 
required dates; and  
(f) in accordance with the Project Leader's 
reasonable directions.  
3.4 Project Management Committee  
(a) The Parties will establish a Project 
Management Committee to be led (chaired) 
by Industry Project Collaborators and 
organised and compr ised as set out in Item 
7 of 0, with members bound by 
confidentiality obligations as reasonably 
necessary to protect the interests of the 
Parties.   
(b) The Project Management Committee  will: 
(i) report to the IMCRC  as the 
IMCRC  may require ; 
(ii) have the power to recommend 
changes to the Project, including 
termination;  and 
(iii) receive and discuss Project  
reports to be provided under this 
Agreement and the progress of 
the Project in general.  
(c) All material decisions of the Project 
Management Committee  in relation to the 
Project will be minuted and circulated to all 
members of the Project Management 
Committee  and the Parties  by the Project 
Leader . 
(d) The Project Management Committee cannot 
make decisions which : 
(i) materially vary the Project or this 
Agreement (including termination) 
without the approval of , or 
delegation from, the Governing 
Board  as well as the agreement 
of the Project Collaborators ; or 
(ii) bind a Party without that Party’s 
written agreement.  
3.5 Project Reporting  
The Project Collaborator  that employs the Project 
Leader must:  
(a) immediately report to IMCRC  and the 
Project Management Committee : 
(i) any substantial deviation from the 
Project Plan; and  
(ii) any matter which the Project 
Leader considers will, or may, 
affect the ability of the Project to 
meet the Project Objectives, 
satisfy any Milestones, provide 
any Deliverables or be completed 
within the Project Budget, 
including any failure to provide 
Project Contributions;  and 
(b) provide quarterly reports to the Project 
Management Committee and copied to  the  
Page 24 of 36 
 
IMCRC  within 20 days of the end date of 
each relevant quarterly period based format 
provided by IMCRC from time to time  on: 
(i) progress with the Project and its 
scientific advances, outcomes, key 
achievements, Deliverables and 
Milestones, including documentary 
evidence  demonstrating these ; 
(ii) evidence of performance against 
projected budgets and other 
financial information as described 
in the Project Plan;  
(iii) any matter which the Project 
Leader considers will, or may, 
affect the ability of the Project to 
meet the Project Objectives, satisfy 
any Milestones, provide any 
Deliverables or be completed 
within the Project Budget, including 
any failure to provide Proje ct 
Contributions;  
(iv) any significant difficulties 
encountered during the Project and 
measures taken or plans to resolve 
those difficulties ; 
(v) any Project IP created (including a 
description of the Project IP, when 
it was created and by whom); and  
(vi) the Background IP used in the 
Project ; and  
(c) prepare a quarterly financial report , in the 
format provided by IMCRC from time to 
time, which must ac company IMCRC  
submission of the quarterly  report ; 
(d) upon completion of the Project and on or 
befor e the date set out in  Schedule 1, Item 
2, prepare a final report (that may replace 
the report specified in clause 0Error! 
Reference source not found.  above  if 
delivered during a quarter for which the 
quarterly report has not yet been prepared 
and submitted ) covering the period from the 
date of this Agreement until the final Project 
payment.  The final report must set out 
evidence of the Activities,  having particular 
regard to the outcomes, impacts and 
achievements of the Project, including but 
not limited to the benefits accruing to 
manufacturing industry ; 
(e) if requested by IMCRC , to provide a  report 
to the IMCRC  and the Project Management 
Committee that provides a report  of the 
Project ’s progress against Milestones , 
continued fit with the Centre’s Activities  and 
Project selection criteria and alignment with 
the intended Project Deliverables , and 
which will be used to review and determine  
how and  whether or not the Project will 
continue . 
(f) the requirement for any review , and the 
forum for such  review , will be determined by 
the Chief Executive Officer of IMCRC , and 
may involve  IMCRC  management or other 
as appropriate ; and   (g) if requested, make all financial records 
referred to in the quarterly reports for all 
Project funds expended to that date 
available for inspection by IMCRC  or its 
authorised officers or agents  at the Project 
Collaborator’s cost. 
3.6 Parties reporting to the Project Leader  
(a) The Parties acknowledge that the Project 
Collaborator  employing the Project Leader 
will require information on the status and 
results of the Project from time to time in 
order to fulfil its obligations under this 
Agreement.  
(b) Each Party agrees to provide such 
information in a timely fashion when 
requested by the Project Leader.  
3.7 Discretion to disclose Reports  
The Governing Board will have the discretion to make 
available such of the reports described in this clause 3 
to the Commonwealth and to Project Collaborators 
that  have an appropriate interest in receiving them , 
provided that  no disclosure will be made of Project IP, 
Confidential Information or Personal  Information 
without first obtaining : 
(a) adequate confidentiality undertakings from 
the recipient ; and 
(b) the approval of the Project IP  Owning 
Parties owner ( not to be unreasonably 
withheld ); and  
(c) the approval of the owner of Personal 
Information . 
3.8 Separate Project financial accounts  
Each Project Collaborator  must keep separate 
financial accounts recording : 
(a) any Project Contributions it makes under 
clause  4; 
(b) any payments of Project Funds made to it  
by the IMCRC  under clause 4; 
(c) all expenditure incurred by the Project 
Collaborator  from Project Funds in carrying 
out the Project; and  
(d) any other expenditure associated with its 
carrying out the Project.   
3.9 Specified Personnel  
(a) Each Party agrees to make its Specified 
Personnel available for the Project for such 
time and for such purposes as set out in 
the Project Plan , and at a sufficient level of 
skill, experience and capability to ensure 
effective delivery of the Project . 
(b) Specified Personnel of each Project 
Collaborator  will remain subject to the 
terms and conditions of employment of that 
Project Collaborator  and will be replaced 
by the relevant Project Collaborator  on 
reasonable request by the IMCRC .  
Page 25 of 36 
 
(c) A Project Collaborator  may withdraw any of 
its Specified Personnel upon 30 days' 
notice or otherwise as agreed to by the 
Project Parties taking in account all of the 
circumstances that cause the withdrawal,  
to the IMCRC  provided it provides 
replacements for such personnel who are 
reasonably acceptable to the IMCRC .    
(d) Each Project Collaborator  must use its best 
endeavours to ensure that any 
replacement personnel provided in 
accordance with 0(b) or (c) has the time 
commitment, qualifications and 
competency to undertake the Activities to 
the standard required by the IMCRC  and 
have similar or better suited expertise and 
ability to those of the Specified Personnel 
being replaced.   
4. PROJECT FUNDS AND PROJECT 
CONTRIBUTIONS  
4.1 Project Funds  
Subject to Schedule 1, Item 8:  
(a) Project Collaborators  must pay the cash 
Project Contributions to IMCRC  at the 
times and in the manner specified in the 
Project Plan.   
(b) Subject to clause s  4.1(d) and 4.1(f), 
IMCRC  must pay the Project Funds to the 
Project Collaborators  for the Project in 
accordance with the Project Plan.  
(c) IMCRC : 
(i) may withhold Project Funds in 
respect of a Milestone if that 
Milestone ha s not been achieved or 
Deliverables  have not been 
provided by their required dates; 
and 
(ii) must release the withheld Project 
Funds once the Project 
Collaborators  have achieved the 
missed Milestone or provided the 
required Deliverables as the case 
requires.  
(d) If a Project Collaborator  has not paid a 
cash Project Contribution that is due to the 
IMCRC  in accordance with the Project 
Plan, the IMCRC  is relieved from its 
obligation to pay to the Project 
Collaborators  that part of the Project Funds 
corresponding to those unpaid cash 
Project Contributions while they remain 
unpaid.  
(e) The obligations of the Project Collaborators  
to carry out the Project will be reduced to 
the extent of any Project Funds withh eld 
under this clause 4.1(d). The Project may 
be referred by the CEO for a Review.  
(f) Despite clause  4.1(b), IMCRC  is not 
obliged to pay the Project Funds to the 
Project Collaborators  for the Project if any part of the Project is  conducted outside of 
the Project term as specified in Item 2 of 
Schedule 1.  
4.2 Project Contributions  
(a) Each Project Collaborator  must make its 
non-cash Project Contributions available 
for the Project at the times and in the 
manner specified in the Project Plan.  
(b) IMCRC  must make its non -cash Project 
Contributions available for the Project at 
the times and in the manner specified in 
the Project Plan.  
(c) The valuation of non -cash Project 
Contributions for the purposes of this 
Agreement will be  as set out in the Project 
Plan or otherwise in accordance with the 
Valuation Principles and must exclude the 
value of Intellectual Property contributions.  
4.3 Use of Project Funds and other Project 
Contributions  
The Project Collaborators  may use the Project 
Funds and other Project Contributions provided to 
them:  
(a) for the purposes of the Project only; and 
(b) in accordance with the Project Plan , 
provided that the Project Funds and other Project 
Contributions are not used:  
(c) for capital works or for the purchase, 
construction, renovation or extension of 
buildings and facilities;  
(d) for any Activities for which the Centre has 
previously been funded, or is currently 
being funded by the Australian 
Government or a State or Territory 
government either directly or indirectly 
through any other funding scheme;  
(e) to reimburse Project Collaborators  for in-
kind Project Contributions;  
(f) to pay a Project Collaborator  for the 
indirect costs of research in relation to 
Cooperative Research Centres  
Programme funded staff located in their 
organisations; or  
(g) for the indirect costs of research conducted 
overseas.  
5. LOCATION OF PROJECT ACTIVITIES AND 
ACCESS  
5.1 Location  
The Project will be conducted at the place or places 
detailed in the Project Plan.  
5.2 Access  
Subject to clause 5 .1, a Party will at all reasonable 
times give to each other Party, its officers, agents and 
contractors reasonable access to that part of the 
Party’s premises at which the Project is being carried 
out subject to compliance with the reasonable  
Page 26 of 36 
 
occupational health and safety and security 
procedures in place at the Party’s premises and 
notified to each Party.  
5.3 Terms of Access  
A Party at whose premises the Project is being carried 
out (Premises Owner ) may require another Party to 
execute an agreement in a form and on terms 
reasonably acceptable to the Premises Owner , which:  
(a) sets out the terms of the visit;  
(b) contains obligations of confidentiality and 
non-disclosure that protect the interests of 
the Premises Owner ; 
(c) addresses the liability of the Parties in the 
event of injury to a Party’s officers, agents 
and contractors while visiting the premises; 
and 
(d) any other matters which the Premises 
Owner reasonably determines is necessary 
or required, including any reasonable 
security restrictions required by the Premises 
Owner . 
6. SUBCONTRACTING  
(a) A Project Collaborator  will not, without the 
prior written approval of the IMCRC , 
subcontract any part of the Project other 
than that part already specified and 
approved under this Agreement for 
subcontracting as detailed in the Project 
Plan.  
(b) In giving written approval, the IMCRC  may 
impose such terms and conditions as it 
thinks fit , including requiring the relevant 
Project Collaborator  to engage with the 
subcontractor under the Collaboration 
Agreement.  
(c) A Project Collaborator  will be fully 
responsible for the performance of its part of 
the Project notwithstanding that the Party 
has subcontracted the performance of that 
part of the Project .  
(d) A Project Collaborator  must ensure that any 
subcontractors it engages will comply with all 
relevant obligations imposed on the Project 
Collaborator  by this Agreement . 
7. ASSETS  
7.1 Application of clause  
This clause 7 applies to an Asset:  
(a) included as a part of a Project Contribution 
by a Project Collaborator  to the Project;  
(b) acquired by a Project Collaborator  in whole 
or in part from the Project Funds paid to 
that Project Collaborator ; (c) acquired by the  IMCRC  from Project 
Contributions or Commonwealth Funding  
and identified to the Project Collaborators  
as such ; or 
(d) forming part of the r esources of the IMCRC  
made available to a Project Collaborator  
for the purposes of carrying out the Project . 
7.2 Acquisition  of Assets  
The Project Collaborators  must not use the 
Commonwealth Funding for capital works or for the 
purchase, cons truction, renovation or extension of 
buildings and facilities, or for serial or volume 
production tooling . 
7.3 Ownership  
Unless otherwise agreed between the Parties, an 
Asset will remain vested in the Party having title to 
the Asset ( Asset Owner ). 
7.4 Obligations of Asset Owner  
(a) Subject to clause 7(b), for the Term (unless 
otherwise agreed by the IMCRC ), the 
Asset Owner:  
(i) must make the Asset available for 
use by the IMCRC  or any Project 
Collaborator  as and when required  
for the Project ; 
(ii) must not sell, hire, charge, 
mortgage, pledge or otherwise 
encumber the Asset; and  
(iii) is responsible for insurance, 
maintenance and, if required, 
repair and replacement of the 
Asset, and any other costs and 
liabilities associated with the Asset.  
(b) Where an Asset has been acquired in 
whole or in part using Commonwealth 
Funding, the obligations under clause 0(a) 
will apply for the term of the Centre.  
7.5 Costs  
The IMCRC  may, at its discretion, treat the costs 
mentioned in clause 0(a)(iii), or part of them, as an 
additional Project Contribution by the Asset Owner.  
8. BACKGROUND IP  
Subject to Schedule 2, Item 1:  
8.1 Contribution of Background IP to Project  
Each Project Collaborator  will make its Background 
IP available to the Project:  
(a) as specified in the Project Plan;  
(b) in accordance with  this clause  8; and  
(c) as provided for in Item 1  of Schedule 2 . 
8.2 Warranty   
Page 27 of 36 
 
Each Project Collaborator  represents and warrants 
to the other Parties  that: 
(a) to the actual knowledge or belief  of its 
Project Leader , without the need to make 
additional enquiries, conduct searches or 
seek legal or patent opinion , it is the owner 
of or is otherwise entitled to provide the 
Background IP which it makes available for 
the Project;  
(b) except to the extent:  
(i) disclosed in the Project Plan; or 
(ii) in the case of any Background IP 
not specified in the Project Plan, 
notified in writing to the IMCRC  at 
the time of offering such 
Background IP ; 
(c) the Project Collaborator  has not entered 
any agreement regarding, or otherwise 
dealing with, that Background IP that is 
inconsistent with the rights granted to the 
other Parties as described in the Project 
Plan or this clause  8; and  
(e) it will not enter any agreement in relation to 
or otherwise deal with that Background IP 
in a manner that restricts the exercise of 
the rights granted to the other Parties as 
described in the Project Plan or this clause  
8. 
8.3 Acknowledgement  
Subject to the r ights granted in this clause 8, the 
Parties acknowledge and agree that a Party retains 
the right to control and use its Background IP and 
that ownership of the Background IP does not 
change. The Background IP owner may continue to 
use its Background IP freely (provided that the use 
is not inconsistent with the terms of this 
Agreement).  
9. PROJECT IP  
9.1  Ownership of Project IP  
Upon its creation, Project IP will be owned by the 
Project IP Owning Party  (as detailed in  Item 1  of 
Schedule 2 ). 
9.2 Survival  
This clause 9 survives expiration or  earlier 
termination of this Agreement. 
10. CHANGES IN PROJECT COLLABORATOR S 
10.1 Withdrawal from Project  
(a) A Project Collaborator  may withdraw from 
the Project by giving one month ’s notice to 
each other Party.  
(b) If a Project Collaborator  withdraws from the 
Project, the remaining Parties must refer 
the matter  to the IMCRC  for the purpose of conducting a Project Management 
Committee review  in accordance with Item 
7 of Schedule 1.  The review will determine 
whether to continue the Project , and to 
which terms that continuation will be 
subject.   
(c) A Project Collaborator  may not withdraw 
from a Project without the agreement of the 
other Parties if it would result in the Parties 
being in breach of any agreement with a 
third party.  
(d) A Project Collaborator  may, with the 
consent of the other Project Parties, 
remai n in a Project notwithstanding having 
retired as Participant in the Centre.  
10.2 Expulsion from Project  
(a) A Project Collaborator  may be expelled 
from the Project by notice from the IMCRC  
if Due Cause exists in relation to that 
Project Collaborator  and remains 
unremedied after 21 days following notice 
to that Project Collaborator . 
(b) For the purposes of clause 0(a), Due 
Cause  means:  
(i) failure to make Project 
Contributions when required by 
this Agreement;  
(ii) unauthorised disclosure of 
Confidential Information;  
(iii) unauthorised publication of 
information or material;  
(iv) unauthorised use or Utilisation 
of Project IP or Background IP;  
(v) change or proposed change to 
personnel that is likely to 
adversely affect the Project or 
that is contrary to the 
Commonwealth Agreement and 
likely to adversely affect the 
Centre's performance with 
respect to its objectives;  
(vi) any other material breach of this 
Agreement in relation to the 
Project;  
(vii) failure to remedy a Conflict in 
relation to the Project under 
clause 20 to the satisfaction of 
the IMCRC ; 
(viii) change in the direct or indirect 
beneficial ownership or control 
of the Project Collaborator  in 
question that would affect its 
ability to comply with its 
obligations under this 
Agreement;  
(ix) disposal of whole or any part of 
the Project Collaborator 's 
assets, operations or business  
Page 28 of 36 
 
other than in the ordinary course 
of business;  
(x) ceasing to carry on business;  
(xi) insolvency;  
(xii) steps taken by a mortgagee to 
take possession or dispose of 
the whole or any part of the 
Project Collaborator 's assets, 
operations or business;  
(xiii) steps taken to enter into any 
arrangement between the 
Project Collaborator  and its 
creditors other than in the 
ordinary course of business;  
(xiv) steps taken to appoint a 
receiver, a receiver and 
manager, a trustee in 
bankruptcy, a liquidator, a 
provisional liquidator, an 
administrator or other like 
person, concerning the whole or 
any part of the Project 
Collaborator 's assets, 
operations or business;   
(xv) assignment of its ri ghts or 
obligations under this 
Agreement other than in 
accordance with clause 0; 
(xvi) an act or omission by a Party 
which, in the reasonable opinion 
of the IMCRC , brings any of the 
Parties  or the Commonwealth 
into disrepute; or  
(xvii)  any failure to adequately 
demonstrate compliance with 
obligations under clause 14. 
10.3 Consequences of withdrawal or expulsion from 
Project  
(a) If a Project Collaborator  withdraws or is 
expelled from the Project, the Project 
Collaborator  will from the date of effect of 
the withdrawal or expulsion:  
(i) cease to be a Party;  
(ii) subject to clause  0(b) and only 
where a Project Collaborator  is 
expelled from a Project , ceases to 
have any  rights with respect to the 
Project and the Project IP 
(including any right to use the 
Project IP)  in accordance with Item 
1, Schedule 2 ; 
(iii) subject to clause 0(b), be relieved 
of its obligations to make Project 
Contributions, to carry out, report 
on or manage the Project, or 
otherwise participate in the Project.  
(b) The withdrawal or expulsion of any Project 
Collaborator  from the  Project:  
(i) will not affect:  A. the enforceability of any 
obligations of that Project 
Collaborator ; 
B. rights against that Project 
Collaborator  accrued at 
that time or arising as a 
result of the withdrawal 
or expulsion; or  
C. any obligation upon the 
Project Collaborator  to 
make available its 
Background IP under 
clause  8; 
(ii) will not relieve that Project 
Collaborator  of the obligati ons 
imposed upon it under this 
Agreement other than as 
specified in clause 0(a)(iii); and  
(iii) subject to clause s 10.1(b) and 
10.2(b)(v), will not relieve the 
remaining Parties o f their 
obligations under this 
Agreement with respect to the 
Project and they will continue to 
carry out the Project  and 
perform the terms of this 
Agreement with respect to the 
Project.  
10.4 Addition of further Project Collaborator s 
The Parties may  add additional parties  to this 
Agreement in accordance with clause 11.  
11. VARIATION TO PROJECT  
Any variation to the Project, including to Milestones , 
Deliverables  or Project Collaborator s, must be 
agreed in  writing by the IMCRC  and all Project 
Collaborator s.  
12. TERMINATION OF PROJECT  AND AGREEMENT  
12.1  Generally  
Unless the Parties otherwise agree, this Agreement 
will terminate : 
(a) upon expiration of the Te rm in accordance 
with clause 2; or 
(b) if the Participants Agreement is terminated 
pursuant to the terms of that agreement . 
12.2 Termination by  IMCRC  
The IMCRC  may terminate the Proj ect and this 
Agreement upon 30 days ’ written notice to the 
Project Collaborator s if: 
(a) Commonwealth funding is reduced, ceases 
to be available or the Commonwealth 
Agreement is terminated;  
(b) The Project Collaborators  have not 
complied with Schedule 1, Item 8 and made 
the payments in accordance with the 
specified Financial Terms of this Project 
Agreement;   
Page 29 of 36 
 
(c) a Milestone is not achieved by the date by 
which it was required to be achieved and 
remains not achieved after 45 days 
following a notice from the  IMCRC  to the 
Project Collaborator s (or longer period of 
time specified by the IMCRC  in the notice);  
(d) a Deliverable has not been provided by the 
date by which it was required to be 
provided and remains not provided after 45 
days following a notice from the IMCRC  to 
the Project Collaborator s (or longer period 
of time specified by the IMCRC  in the 
notice); or  
(e) in the reasonable  opinion of the IMCRC , the 
Project Objectives are unlikely to be 
achieved and remain unlikely to be 
achieved after 45 days following a notice 
from the IMCRC  to the Project 
Collaborator s of such opinion,  
provided that:  
(i) if required by the Commonwealth 
Agreement, the Commonwealth 
has been informed of the proposed 
termination and does not object to 
the termination of the Project; and  
(ii) if the Project is subject to an 
agreement with a third party, any 
such termination by the IMCRC  is 
in accordance with the terms of 
that agreement.  
12.3 Consequences of termination  
(a) The IMCRC  may advise the 
Commonwealth  of the termination of the 
Project.  
(b) Termination of the  Project for any reason 
will be without prejudice to the continuing 
enforceability of any rights or obligations of 
the Parties accrued at the time of 
termination.  
12.4 Continuing obligations  
Without limitation to the terms of this Agreement  
and unless agreed otherwise by the Parti es, on the 
termination of this A greement , the Parties and any 
former Parties will continue to be bound by the 
obligations under  clauses 7 (Assets), 8 (Background 
IP), 9 (Project  IP), 0 (Consequences of termination), 
13 (Indemnity ), 14 (Insurance), 16 (Confidential 
Information), 17 (Privacy) , 21 (Dispute Resolution), 
24 (Notices & Other Communications), and 26.12 
(Governing law and jurisdiction) . 
13. INDEMNITY  
13.1  Mutual Indemnity  
Subject to clauses 0, Error! Reference source not 
found. , and 0, each Party ( the indemnifying Party ) 
irrevocably and unconditionally indemnifies and 
agrees to keep indemnified each of the other Parties 
and their respective directors, officers, employees, 
agents and contractors ( those indemnified ) from 
and against any and all liability, loss, damage, cost 
or expense (including reasonable legal fees on a full indemnity basis and net of any GST input tax credits 
to which those indemnified are entitled) howsoever 
arising that those indemnified may suffer, incur or 
sustain as a result of:  
(a) any breach of this Agreement (including 
material breach of any warranty given under 
this Agreement) by the indemnifying Party;  
(b) any negligent act or omission by the 
indemnifying Party or any of its directors, 
officers, employees, agents or contractors 
arising in connection with the Project; or  
(c) the exercise by the indemnifying Party of 
any rights granted to it in relation to the 
Project IP or Background IP.  
13.2 Reduction of indemnity  
The indemnities given by an indemnifying Party 
under clause 13.1 will be reduced proportionately to 
the extent that the liability, loss, damage, cost or 
expense referred to in clause 13.1 was caused or 
contributed to by:  
(a) any breach of this Agreement (including 
material breach of any warranty given 
under this Agreement) by any of those 
indemnified;  
(b) any unlawful or negligent act or omission by 
any of those indemnified or any of its 
directors, officers, employees, agents or 
contractors; or  
(c) the exercise by any of those indemnified of 
any rights granted to it in relation to the 
Project IP or Background IP  in breach of 
this Agreement . 
13.3 Consequential losses  
Nothing in clause 13.1 will render a Party liable for 
any special, indirect or consequential loss or 
damages (including loss of income or profits, and 
loss of expectation of income or profits) arising 
under or pursuant to this Agreement.  
13.4 Notification of acts  
Each of those indemnified under clause 13.1 must 
promptly notify every indemnifying Party of any 
event or circumstance that may reasonably give rise 
to those indemnified relying upon the indemnities in 
clause 13.1 
13.5 Survival  
The indemnities provided under clause 13.1 are a 
continuing obligation, separate and independent of 
each Party's other obligations and will survive the 
expiration or, where relevant, earlier termination of 
this Agreement and will continue to apply (both as a 
right and as an obligation) to any Party who is 
expelled or withdraws  from the Project.  
 
14. INSURANCE   
Page 30 of 36 
 
Each Party must comply with the insurance 
obligations set out in Item 6 of Schedule 1 . 
15. PUBLICATIONS  
15.1 Publication of information or material  
The Parties acknowledge that the dissemination of 
knowledge is an important function of the Project 
and the Centre . Nonetheless, the Parties will not 
publish any information or material arising from the 
Project , including through social media 
commentary,  except in accordance with this clause 
15. 
15.2 Publication by the IMCRC  
Provided that Project Collaborator s agree it does not 
prejudice the protection or Utilisation of the Project 
IP and that it does not disclose Confidential 
Information , the IMCRC  may publish information or 
material arising from the Project for purposes 
consistent with the Project Objectives  or the 
objectives of the Centre . 
15.3  Request for permission  
At least 45 days prior to any submission for 
publication, a Project Collaborator  wishing to 
publish information or material arising from the 
Project ( Requesting Part icipant ) must forward a 
request in writing to the IMCRC  and all Project IP 
Owning Parties , seeking permission to publish the 
information or material, and specifying in the 
request any Project IP or Confidential Information 
contained or referred to in the proposed publication.  
15.4 Notification  
The IMCRC  and all Project IP Owning Parties must 
notify the Requesting Participant of their decision as 
to publication of the relevant information or 
materials within 45 days of receipt of a request and 
include stated reasons. If no response to the 
request to publication is received within 45 days  
then permission to publish will be deemed to have 
been granted. The permission may be subject to 
any conditions that the IMCRC  and any Project IP 
Owning Parties may reasonably impose, and 
include acknowledgments of:  
(a) the Commonwealth’s and the Parties’ role 
in and contribution to the creation of the 
information or material in the publication; 
and 
(b) the Requesting Participant's affiliation with 
the Centre . 
15.5 Grant of permission  
If the IMCRC  and the Project IP Owning Parties 
decide that the benefits of the Requesting 
Participant's publication, having regards to the 
Project Objectives, outweigh the potential loss of 
commercially valuable Intellectual Property rights or 
other potential disadvantage for the IMCRC , the 
Centre or the Project IP Owning Parties , then the 
IMCRC  and the Project IP Owning Parties will notify 
the Requesting Participant that permission to publish has been granted, and notify the other 
Parties to that effect.  
15.6 Declining permission  
If the IMCRC  and the Project IP Owning Parties 
decide that the benefits of publication, having 
regards to the Project Objectives, do not outweigh 
the potential loss of commercially valuable 
Intellectual Property rights or other potential 
disadvantage for the IMCRC , the Centre or the 
Project IP Owning Parties , then the IMCRC  and the 
Project IP Owning Parties will notify the Requesting 
Participant to that effect, giving reasons for the 
decision, and either:  
(a) suggest alterations to the publication so 
that it does not disclose information 
affecting the commercially valuable 
Intellectual Property rights; or  
(b) if altering the publication is impractical, 
delay publication for a stipulated period not 
exceeding 18 months.  
15.7 Party Confidential Information  
Notwithstanding the other provisions of this clause  
15, no Party may publish any information or material 
containing Confidential Information of another Party 
unless authorised by that Party or unless an 
exception in clause 0 applies.  
15.8 Recognition  
Subject always to clause  19, each Project 
Collaborator  must ensure that any publication which 
it makes pursuant to this clause 15 acknowledges 
the contributions (if any) made by other Project 
Collaborators  and the support of the 
Commonwealth and the IMCRC : 
(a) unless directed otherwise by a Project 
Collaborator  to be acknowledged or by the 
Commonwealth or the IMCRC  (as the case 
requires); and  
(b) provided that a Project Collaborator  may 
not use the logo of any other Party without 
the prior written consent of that Party.  
16. CONFIDENTIAL INFORMATION  
16.1 Obligation  
Except as otherwise provided in this clause  16, 
each Party must keep confidential and not disclose 
any Confidential Information.  
16.2 Permitted use and disclosure  
Each Party may:  
(a) use Confidential Information only for the 
purposes of this Agreement;  
(b) if the Party is the IMCRC , use and disclose 
Confidential Information as required under 
this Agreement or the Commonwealth 
Agreement  provided that any disclosure is  
Page 31 of 36 
 
made subject to an obligation of 
confidentiality in accordance with clause  0;  
(c) disclose Confidential Information to its:  
(i) employees;  
(ii) directors and officers;  
(iii) adviser s; 
(iv) students; and  
(v) consultants , 
who have a need to know for the purposes 
of this Agreement or for the purpose of 
providing advice on this Agreement (and 
only to the extent that each has a need to 
know), provided the disclosure is made 
subject to an obligation of confidentiality in 
accordance with clause 0; 
(d) use and disclose Confidential Information 
where authorised under the Project Plan;  
(e) disclose Confidential Information to the 
extent required by law;  and disclose 
Confidential Information to a bona fide 
prospective purchaser of all or a majority of 
a Party’s shares or assets and undertaking 
(including an entity with whom the Party is 
conducting bona fide negotiations directed 
towards a merger or consolidati on) 
provided the prospective purchaser 
previously agrees in writing to keep the 
same confidential in accordance with 
clause 0. 
16.3 Exceptions  
(a) The obligations imposed on a Party by this 
clause 16 will not apply to Confidential 
Information which:  
(i) prior to disclosure is in the public 
domain or subsequent to 
disclosure to the Party becomes 
part of the public domain other than 
as a result of a breach of an 
obligation of confidentiality by that 
Party;  
(ii) is received by a Party from a third 
party without any obligation to hold 
in confidence and which has not 
been obtained by that third party 
directly or indirectly from any Party;  
(iii) is independently developed by an 
employee or officer of the Party 
owing the obligation of 
confidentiality while having no 
knowledge of the Confidential 
Information;  
(iv) in the case of Confidential 
Information of another Party, the 
Party claiming confidentiality has 
agreed may be disclosed; or  
(v) in the case of Confidential 
Information of IMCRC , IMCRC  has 
agreed may be disclosed.  (b) A Party is not obliged to maintain the 
confidentiality of its own Confidential 
Information.  
16.4 Onus  
The receiving Party has the onus of showing that 
any of the above exceptions  apply . 
16.5 Combination of information  
A combination of information will not be taken to be 
in the public domain merely because it contains 
information in the public domain.  
16.6 Disclosures  
Each Party must use its reasonable efforts to 
ensure that:  
(a) its respective employ ees, directors, 
officers , Advise rs, students and 
consultants  who participate in the Project 
or acquire access to Confidential 
Information, must comply with the 
obligation of confidentiality under this 
clause 16 as though Parties to this 
Agreement; and  
(b) any of the above mentioned empl oyees, 
directors, officers , Advise rs, students and 
consultants  who cease to be emp loyees, 
directors, officers , Advise rs, student s and 
consultants  must continue to be bound by 
such obligations of confidentiality  for a 
minimum of 12 months  
and the Parties agree that a Project Collaborator  
may, separately from this obligation, require 
employees, directors, officers, Advisers, students 
and consultants who participate in the Project or 
acquire access to Confidential Information to enter 
into separate and binding non -disclosure 
agreements with that Project Collaborator  on terms 
to be agreed between them.  
16.7 Survival  
The obligations of confidentiality imposed on a Party 
will survive termination of this Agreement or the 
Party's expulsion or withdrawal from the Project.  
17. PRIVACY  
Each Project Collaborator  agrees to:  
(a) comply with its obligations, under the 
Privacy Legislation; and  
(b) do (or refrain from doing) anything required 
to ensure that IMCRC and any other party  
is able to comply with its obligations under 
the Privacy Legislation.  
 
 
18. PUBLIC ANNOUNCEMENTS  
The IMCRC  is principally responsible for making 
public announcements about the Project and the  
Page 32 of 36 
 
Centre , and a Project Collaborator  must not make 
any public announcement , including social media 
commentary,  in relation to any Confidential 
Information, the Project, the Commonwealth,  or this 
Agreement without obtaining the IMCRC 's approval, 
except if required by law or a regulatory body 
(including a relevant stock exchange), in which case 
the Project Collaborator  required to make an 
announcement must, to the extent practicable, first 
consult with and take into account the reasonable 
requirements of the IMCRC  and each other Project 
Collaborator . 
19. USE OF NAME OF PARTY & COMMONWEALTH  
19.1 Use of Party’s name , logo or insignia  
A Party must not use the name  of any other Party 
as branding , and must not use the  logo or insignia 
of any other Party without the prior written consent 
of that other Party.  
19.2 Use of Commonwealth name and CRC Indicia  
A Project Collaborator  must not use the name or 
logo of the Commonwealth or any CRC Indicia in 
relation to the Project, this Agreement or the Centre  
without the prior written consent of the IMCRC . 
20. CONFLICTS  
20.1 Definition of Conflict  
For the purposes of this clause  20, Conflict  means 
a material conflict of interest, or an apparent or 
potential conflict of interest arising through a Party 
(including the officers, employees, agents and 
subcontractors of the Party) ( Affected Party ) 
engaging in any activity that is likely to interfere with 
or restrict the Affected Party meeting its obligations 
under this Agreement fairly and indepen dently . 
20.2 Warranty  
(a) Each Party warrants to the other Parties 
that, to the best of its knowledge after 
making diligent inquiry , at the date of 
signing this Agreement , no Conflict exists 
or is likely to arise in the performance of 
that Party's obligations under this 
Agreement.  
(b) For the avoidance of doubt, any Conflict is 
not material where researchers in the 
Project Collaborator  organisation conduct 
research in competition with the Project if:  
(i) those researchers are not part of 
the Project; and  
(ii) the researchers have not received 
Confidential Information related to 
the Project.  
20.3 Dealing with Conflict  
If a Conflict arises, or appears likely to arise, the 
Affected Party agrees to:  
(a) notify the other Parties immediately;  (b) subject to any obligations to maintain 
confidentiality, make full disclosure of all 
relevant information relating to the Conflict 
to the other Parties; and  
(c) take such steps as the IMCRC  may 
reasonably require to resolve or otherwise 
deal with the Conflict.  
 
20.4 Register of Conflicts  
The IMCRC  will maintain a register of Conflicts 
disclosed under this Agreement.  
20.5 Competition  
For the term of the Centre, each Project Collaborator  must 
use its best endeavours to prevent conflicts of interest in 
relation to the conduct of the Activities under the Project.  
  
21. DISPUTE RESOLUTION  
21.1 No arbitration or court proceedings  
If a dispute arises out of this Agreement, including 
any question regarding its existence, validity or 
termination ( Dispute ), a Party must comply with this 
clause 21  before starting arbitration or court 
proceedings (except proceedings for interlocutory 
relief).  
21.2 Notification  
A Party claiming a Dispute has arisen must give the 
other Parties to the Dispute notice setting out details 
of the Dispute.  
21.3 Parties to resolve Dispute  
During the 14 days after a notice is given under 
clause 0 (or longer period if the Parties to the 
Dispute agree in writing), each Party to the Dispute 
must use its reasonable efforts to resolve the 
Dispute.  If the Parties cannot resolve the Dispute 
within that period, they must either:  
(a) if the Dispute relates to a matter of 
valuation, refer the Dispute to a valuer in 
accordance with clause 0; or 
(b) refer the Dispute to a mediator if one of 
them requests . 
21.4 Independent valuation  
If the Dispute relates to a matter of valuation the 
Dispute will be determined by a valuer agreed by 
the Parties involved in the Dispute or otherwise 
appointed by the President or acting President of 
the Institute of Chartered Accountants in Australia.  
21.5 Appointment of mediator  
If the Parties to the Dispute cannot agree on a 
mediator within seven days after a request under 
clause 0, the chairman of the Resolution Institute or 
the chairman's nominee will appoint a mediator.  
21.6  Role of mediator   
Page 33 of 36 
 
The role of a mediator is to assist in negotiating a 
resolution of the Dispute. A mediator may not make 
a binding decision on a Party to the Dispute except 
if the Party agrees in writing.  
21.7 Confidentiality  
Any information or documents disclosed by a Party 
under this clause 21: 
(a) must be kept confidential; and  
(b) may only be used to attempt to resolve the 
Dispute.  
21.8 Costs  
Each Party to a Dispute must pay its own costs of 
complying with this clause  21. The Parties to the 
Dispute must equally pay the costs of any mediator.  
21.9 Termination of process  
A Party to a Dispute may terminate the dispute 
resolution process by giving notice to each other 
Party to the Dispute after it has complied with 
clauses 21.1 to 0.  Clauses 0 and 0 survive 
termination of the dispute resolution process.  
22. GST  
22.1 Meaning of words  
In this clause 22: 
(a) GST exclusive consideration  means the 
consideration payable or to be provided for 
a Supply, but for the application of this 
clause 22; 
(b) Recipient  means a Party to whom a 
Supply is made;  
(c) Supply  means a supply made under or in 
connection with this Agreement;  
(d) Supplier  means a Party making a Supply; 
and 
(e) words or expressions that are defined in 
the A New Tax System (Goods and 
Services Tax) Act 1999  (Cth) have the 
same meaning in this clause 22. 
22.2 Presumption  
Any consideration to be paid or provided for a 
Supply, unless specifically described in this 
Agreement as 'GST -inclusive', does not include an 
amount on account of GST.  
22.3 Gross -up 
Despite any other provision in this Agreement if a 
Supplier makes a Supply on which GST is imposed 
(not being a Supply the consideration for which is 
specifically described in this Agreement as 'GST -
inclusive'):  
(a) the GST -exclusive consideration for that 
Supply, is increased by, and the Recipient 
must also pay to the Supplier, an amount equal to the GST -exclusive consideration 
multiplied by the prevailing rate of GST; 
and 
(b) the amount by which the GST -exclusive 
consideration is increased under clause 
0(a) must be paid to the Supplier by the 
Recipient without set -off, deduction or 
requirement for demand, at the same time 
as the GST -exclusive consideration is 
payable or to be provided.  
22.4 Reimbursement or indemnification  
If a payment to a Party under this Agreement is a 
reimbursement or indemnification, calculated by 
reference to a loss, cost or expense incurred by that 
Party, then the payment will be reduced by the 
amount of any input tax credit to which that Party is 
entitled for that loss, cost or expense.  
22.5 Tax invoices  
A Recipient need not make a payment for a taxable 
Supply until the Supplier has given the Recipient a 
tax invoice for the Supply to which the payment 
relates.  
23. FORCE MAJEURE  
23.1  Definition  
(a) In this clause  23, a Force Majeure Event  
affecting a Party means, subject to clause  
23(b), anything outside that Party's 
reasonable control including, but not 
limited to, fire, storm, flood, earthquake, 
explosion, war, invasion, rebellion, 
sabotage, epidemic, labour dispute, labour 
shortage and failure or delay in 
transportation and act or omi ssion 
(including laws, regulations, disapprovals 
or failures to approve) of any third person 
(including but not limited to, 
subcontractors, customers, governments 
or government agencies).  
(b) If a Party to this Agreement is a 
government agency it will not be within the 
reasonable control of that Party merely 
because that Party is part of the 
government that has the legal capacity to 
perform an act or omission that may 
otherwise constitute a For ce Majeure 
Event.  
23.3  Suspension of obligation  
Where a Party is unable, wholly or in part, by 
reason of a Force Majeure Event, to carry out any 
obligation under this Agreement (other than an 
obligation to pay money), and that Party:  
(a) gives each other Party prompt notice of 
that Force Majeure Event including 
reasonable particulars, and, in so far as 
known, the probable extent to which it will 
be unable to perform or be delayed in 
performing that obligation; and   
Page 34 of 36 
 
(b) uses all possible diligence to remove that 
force majeure as quickly as possible, that 
obligation is suspended so far as it is 
affected by the Force Majeure Event during 
the continuance of that Force Majeure 
Event and that Party will be allowed a 
reasonable  extension of time to perform its 
obligations.  
23.3 Parties to meet  
If, after 30 days, the Force Majeure Event has not 
ceased, the Parties will meet in good faith to 
discuss the situation and endeavour to achieve a 
mutually satisfactory resolution.  
23.4 Exceptions  
Nothing in this clause 23: 
(a) affects any obligation to pay money; or  
(b) requires the settlement of strikes, lockouts 
or other labour disputes or claims or 
demands on terms contrary to the rules or 
policies of the Party affected.  
24. NOTICES & OTHER COMMUNICATIONS  
24.1 Service of notices  
A notice, demand, consent, approval or 
communication under this Agreement ( Notice ) must 
be: 
(a) in writing, in English and signed by a 
person duly authorised by the sender; and  
(b) hand delivered or sent by electronic 
transmission, prepaid post or facsimile to 
the recipient's address for Notices 
specified in Item 2 of 0, as varied by any 
Notice given by the recipient to the sender.  
24.2 Effective on receipt  
A Notice given in accordance with clause 24.1 takes 
effect when taken to be received (or at a later time 
specified in it), and is taken to be received:  
(a) if hand delivered, on delivery;  
(b) if sent by electronic transmission,  at the 
time receipt  is deemed to have occurred by 
the Electronic Transactions Act 1999 (Cth) ; 
(c) if sent by prepaid post, on the second 
Business Day after the date of posting (or 
on the seventh Business Day after the date 
of posting if posted to or from a place 
outside Australia);  and 
(d) if sent by facsimile, when the sender's 
facsimile system generates a message 
confirming successful transmission of the 
entire Notice unless, within eight business 
hours after the transmission, the recipient 
informs the sender that it has not received 
the entire Notice,  
but if the delivery, receipt or transmission is not on a 
Business Day or is after 5.00pm on a Business Day, the Notice is taken to be received at 9.00am on the 
next Business Day.  
25. AMENDMENTS  
No agreement or understanding varying this 
Agreement will be legally binding unless it is in 
writing signed by  all Parties. 
26. GENERAL  
26.1 Approvals and consents  
Except where this Agreement expressly states 
otherwise, a Party may, in its discretion, give 
conditionally or unconditionally or withhold any 
approval or consent under this Agreement.  
26.2 Assignment  
Subject to  the terms of this Agreement  and, no 
Party may assign or attempt to assign or otherwise 
transfer or encumber any right or obligation arising 
out of this Agreement except with the written 
consent of the other Parties.  
26.3 Costs  
Each Party must pay its own costs of negotiating, 
preparing and executing this Agreement.  
26.4  Survival  
The continuing obligations described in clause 0 are 
independent and survive termination of this 
Agreement.  Any other term by its nature intended 
to survive termination of this Agreement survives 
termination of this Agreement.  
26.5 Counterparts  
This Agreement may be executed in counterparts.  
All executed counterparts constitute one document.  
26.6 No merger  
The rights and obligations of the Parties under this 
Agreement do not merge on completion of any 
transaction contemplated by this Agreement.  
26.7 Entire agreement  
This Agreement constitutes the entire agreement 
between the Parties in connection with its subject 
matter and supersedes all previous agreements or 
understandings between the Parties in connection 
with its subject matter , excepting those of:  
(a) the Participants Agreement;  and 
(b) the Commonwealth Agreement,  
as may apply to each of the Parties.  
26.8 Relationship of the Parties  
The Parties agree that:  
(a) the rights, duties, obligations and liabilities 
of the Parties in relation to the Project will  
Page 35 of 36 
 
in every case, be several and not joint or 
joint and several;  
(b) in relation to the Project, they do not carry 
on business in common with a view to joint 
profit and do not receive income jointly;  
(c) nothing contained in this Agreement 
constitutes any of them as agent, partner 
or trustee of any other of them, or creates 
any agency, partnership or trust for any 
purpose  whatsoever ; and  
(d) except as otherwise specifically provided in 
this Agreement, a Party does not have any 
authority or power to act for, or to create or 
assume any responsibility or obligation on 
behalf of, any other Party.  
26.9 Further action  
Each Party must do, at its own expense, everything 
reasonably necessary (including executing 
documents) to give full effect to this Agreement and 
any transaction contemplated by it.  
26.10  Severability  A term or part of a term of this Agreement that is 
illegal or unenforceable may be severed from this 
Agreement and the remaining terms or parts of the 
terms of this Agreement continue in force.  
26.11  Waiver  
A Party does not waive a right, power or remedy if it 
fails to exercise or delays in exercising the right, 
power or remedy. A single or partial exercise of a 
right, power or remedy does not prevent another or 
further exercise of that or another right, power or 
remedy. A waiver of a right, power or remedy must 
be in writing and signed by the Party giving the 
waiver.  
26.12  Governing law and jurisdiction  
This Agreement is governed by the law of the State 
of Victoria, and each Party irrevocably and 
unconditionally submits to the non -exclusive 
jurisdiction of the courts of that State and of the 
Commonwealth of Australia.  
  
 
EXECUTED AS AN AGREEMENT  
Signed  for Innovative Manufacturing CRC 
Limited  (ABN 24 607 527 499 ) by an 
authorised officer in the presence of    
 
Signature of officer   
 
   
Signature of witness   Name of officer (print)   
    
Name of witness (print)   Office held   
Date: ______________________________  
 
 
Signed  for Australian Droid & Robot Pty 
Ltd (ABN 54 164 632 071) by an authorised 
officer in the presence of    
 
Signature of officer   
 
   
Signature of witness   Name of officer (print)   
    
Name of witness (print)   Office held   
Date: ______________________________  
 
 
Signed  for Queensland University of 
Technology  (ABN 83 791 724 622 ) by an 
authorised officer in the presence of    
 
Signature of officer   
 
   
Signature of witness   Name of officer (print)   
    
Name of witness (print)   Office held   
Date: ______________________________  
 
 
"
AIGP FSG.pdf," 
© IAPP 2023, All Rights Reserved
Certiﬁed 
AI Governance 
Professional
Certiﬁed AI Governance
Professional
Eﬀective September 2023        AIGP Study Guide  2
© IAPP 2023. All rights reserved.WELCOME
Congratulations on taking the first step toward achieving an IAPP certification. This study guide 
contains the basic information you need to get started, including: 
• Key areas of knowledge for the AIGP program.
• Recommended steps to help you prepare for your exam.
• An outline of the body of knowledge for the AIGP program.
• General exam information.
• An explanation of the IAPP certification program structure.        AIGP Study Guide  3
© IAPP 2023. All rights reserved.AIGP key areas of knowledge 
The AIGP program was developed to certify professionals in the field of AI governance. The 
AIGP credential exhibits a fundamental understanding of AI governance and comprehension of 
best practices for responsible management of AI systems in the U.S., EU and other jurisdictions.
Subject matter areas include: 
• Foundations of AI — key terms and definitions, differences among types of AI systems, AI 
use cases, history and evolution of AI.
• AI impacts and principles — identifying risks and harms of ungoverned AI systems, 
characteristics of ethical AI, responsible AI governance, and risk management.
• AI laws and life cycle — how current laws intersect with the use of AI and major 
frameworks, current and emerging global regulations (such as the EU AI Act and Canada’s 
Bill C-27), AI system planning, design, development, implementation, testing and 
maintenance.
• Awareness and accountability — liabilities of AI systems, user concerns, monitoring, 
auditing and adaptation to evolving standards.        AIGP Study Guide  4
© IAPP 2023. All rights reserved.Preparation
IAPP certification is an important effort that requires advance preparation. Deciding how you 
will prepare for your exams is a personal choice that should include an assessment of your 
professional background, scope of knowledge and your preferred method of learning.
  
In general, the IAPP recommends you plan for a minimum of 30 hours of study time in advance 
of your exam date; however, you might need more or fewer hours depending on your personal 
choices and professional experience.
The IAPP recommends you prepare in the following manner:
1. Review the body of knowledge  
The body of knowledge for the AIGP program is a comprehensive outline of the subject matter 
areas covered by the AIGP exam. The integrated exam blueprint indicates the minimum and 
maximum number of items included on the AIGP exam from the major areas of the body of 
knowledge. Questions may be asked from any of the topics listed under each area and can be 
used to guide your preparation. Studying the body of knowledge can help you further target  your 
primary study needs and determine which areas merit additional focus in your preparation. 
2. Get certification training
The IAPP offers in-person, live online and self-paced online certification prep classes to help 
you prepare for your exams. You can find a list of scheduled classes or purchase self-paced 
online training in the IAPP store.
3. Review IAPP preparation resources   
Resources for exam preparation are available on the topic page for artificial intelligence on the 
IAPP website, where you can navigate by topic and also view featured resources. Find articles, 
reports, a glossary of terms and networking opportunities with other AI governance professionals.        AIGP Study Guide  5
© IAPP 2023. All rights reserved.AIGP Body of Knowledge outline
I. Understanding the Foundations of Artificial Intelligence
A. Understand the basic elements of AI and machine learning.
B. Understand the differences among types of AI systems.
C. Understand the AI technology stack.
D. Understand the history of AI and evolution of data science.
II. Understanding AI Impacts and Responsible AI Principles
A. Understand the core risks and harms posed by AI systems.
B. Understand the characteristics of trustworthy AI systems.
C. Understand the similarities and differences among existing and emerging ethical guidance 
on AI.
III. Understanding How Current Laws Apply to AI Systems
A. Understand the existing laws that interact with AI use.
B. Understand key EU General Data Protection Regulation intersections.
C. Understand liability reform.
IV. Understanding the Existing and Emerging AI Laws and Standards
A. Understand the requirements of the EU AI Act.
B. Understand other emerging global laws.
C. Understand the similarities and differences among the major risk management frameworks 
and standards.
V. Understanding the AI Life Cycle
A. Understand the key steps in the AI system planning phase.
B. Understand the key steps in the AI system design phase.
C. Understand the key steps in the AI system implementation phase.
VI. Implementing Responsible AI Governance and Risk Management
A. Ensure interoperability of AI risk management with other operational risk strategies.
B. Integrate AI governance principles into the company or institution.
C. Establish an AI governance infrastructure.
D. Map, plan and scope the AI project.
E. Test and validate the AI system during development.
F. Manage and monitor AI systems after deployment.
VII. Contemplating Ongoing Issues and Concerns
A. Awareness of legal issues.
B. Awareness of user concerns.
C. Awareness of AI auditing and accountability issues.        AIGP Study Guide  6
© IAPP 2023. All rights reserved.AIGP exam format
The AIGP is a three-hour exam composed of 100 items. Most of the items are multiple choice, 
including both single stand-alone questions and others associated with AI case studies. Also, 
there are some alternative item types that require the test-taker to move answer options into a 
certain order or categories. There are no essay questions. Each correct answer is worth one point.
Example questions 
1. During which phase in the AI system process would a positionality exercise occur?
A.  When mapping, planning and scoping the AI project.
B.  When establishing an AI governance infrastructure.
C.  When testing and validating the AI system during development.
D.  When managing and monitoring AI systems after deployment.
2. All of the following are key technical performance indicators of an AI model EXCEPT?  
A.  Prediction accuracy.
B.  Resource usage.
C.  Training time.
D.  Conversion rate.
3. Which of the following would be the most suitable categorization for institutional and
historical biases that can be present in the datasets used in AI?
A.  Human bias.
B.  Cognitive bias.
C.  Systemic bias.
D.  Confirmation bias.        AIGP Study Guide  7
© IAPP 2023. All rights reserved.General exam information
The IAPP offers testing via computer-based delivery at more than 6,000 testing centers 
worldwide, or you can take your certification exam from home with online proctoring. Remote 
proctoring is currently available for in-language exams but requires enough knowledge of 
English to communicate with exam proctors.
You can find detailed information about how to register for exams, as well as exam-day 
instructions, in the IAPP Certification Information Candidate Handbook, on our website at 
iapp.org/certify .
Questions?
The IAPP understands certification is an important professional development effort requiring 
commitment and preparation. We thank you for choosing to pursue certification, and we 
welcome your questions and comments.
Please do not hesitate to contact us at certification@iapp.org.        AIGP Study Guide  8
© IAPP 2023. All rights reserved.Example questions: answers
1. During which phase in the AI system process would a positionality exercise occur?
A.  When mapping, planning and scoping the AI project.
B.  When establishing an AI governance infrastructure.
C.  When testing and validating the AI system during development.
D.  When managing and monitoring AI systems after deployment.
2. All of the following are key technical performance indicators of an AI model EXCEPT?  
A.  Prediction accuracy.
B.  Resource usage.
C.  Training time.
D.  Conversion rate.
3. Which of the following would be the most suitable categorization for institutional and
historical biases that can be present in the datasets used in AI?
A.  Human bias.
B.  Cognitive bias.
C.  Systemic bias.
D.  Confirmation bias.
         AIGP Study Guide  9
© IAPP 2023. All rights reserved.The IAPP Certification Program Structure
The IAPP currently offers four certification programs: the Artificial Intelligence Governance 
Professional (AIGP), the Certified Information Privacy Professional (CIPP), the Certified 
Information Privacy Manager (CIPM) and the Certified Information Privacy Technologist (CIPT).
AIGP certification demonstrates comprehension of AI systems and the ability to deploy AI in 
a manner that abates risk and ensures safety and trust. It confirms an understanding of AI 
ecosystems, identification and mitigation of bias, and the capability to effectively communicate 
best practices for responsible AI management.
CIPP certification demonstrates a mastery of data privacy laws and regulations and how to 
apply them: jurisdictional laws, regulations and enforcement models, plus legal requirements 
for handling and transferring data. Within the CIPP, there are four concentrations: 
 Asian privacy (CIPP/A).
 Canadian privacy (CIPP/C).
 European privacy (CIPP/E).
 U.S. private-sector privacy (CIPP/US).
CIPM certification demonstrates an understanding of implementing privacy requirements 
in day-to-day operations. It confirms the ability to create a company vision, structure a data 
protection team, develop and implement system frameworks, communicate to stakeholders 
and measure performance.
CIPT certification demonstrates an understanding of privacy’s role in technology, including 
building privacy-friendly products, services and systems; deploying emerging technologies while  
respecting consumer privacy; and establishing privacy practices for data security and control. 
There are no concentrations within the AIGP, CIPM or CIPT — they cross all jurisdictions 
and industries.
Requirements for IAPP certification
1. You must pay a certification maintenance fee of USD250 for two years.
OR
2. You can become a member of the IAPP with access to numerous benefits, like discounts, 
networking opportunities, members-only resources and more, for just USD295 annually, 
which includes your maintenance fee.
More information about IAPP membership, including levels, benefits and rates, is available 
at iapp.org/join ."
AMGC National Robotics Industry Fund Grant Guidelines V16[25]- Cori Edits.docx.pdf," AMGC National Robotics 
Industry Grant Fund . 
Opening date : July 2023   
Closing date and time:  June 2026  
Administering e ntity: Advanced Manufacturing  Growth Centre (AMGC)  
Enquiries:  If you have any questions, contact  us on 
applications@amgc.org.au  
Date guidelines released:  March 2023  
Type of grant opportunity:  Open com petitive  
  Contents  
1. AMGC National Robotics Industry Grant Fund processes  ................................ ....................  4 
2. About the AMGC National Robotics Industry Grant Fund  ................................ .....................  4 
3. Grant amount and grant period  ................................ ................................ ................................ . 6 
3.1. Project period  ................................ ................................ ................................ ...................  6 
4. Eligibility criteria  ................................ ................................ ................................ .........................  6 
4.1. Who is eligible?  ................................ ................................ ................................ ................  6 
4.2. Additional eligibility requirements  ................................ ................................ ....................  7 
4.3. Who is not eligible? ................................ ................................ ................................ ..........  7 
5. What the grant money can be used for  ................................ ................................ ....................  7 
5.1. Eligible activities  ................................ ................................ ................................ ..............  7 
5.2. Eligible expenditure  ................................ ................................ ................................ .........  9 
6. The assessment criteria  ................................ ................................ ................................ .............  9 
7. How to apply ................................ ................................ ................................ ..............................  10 
7.1. Attachments to the application  ................................ ................................ ......................  10 
7.2. Timing of grant opportunity  ................................ ................................ ............................  10 
8. The grant selection process  ................................ ................................ ................................ .... 11 
8.1. Who will approve grants?  ................................ ................................ ..............................  11 
9. Notification of application outcomes  ................................ ................................ .....................  12 
10. Successful grant applications  ................................ ................................ ................................ . 12 
10.1.  Grant agreement  ................................ ................................ ................................ ............  12 
10.2.  How we pay the grant  ................................ ................................ ................................ .... 12 
10.3.  Tax obligations  ................................ ................................ ................................ ...............  12 
11. Announcement of grants  ................................ ................................ ................................ .........  13 
12. How we monitor your grant activity ................................ ................................ ........................  13 
12.1.  Keeping us informed  ................................ ................................ ................................ ...... 13 
12.2.  Reporting  ................................ ................................ ................................ .......................  13 
12.2.1.  Progress reports  ................................ ................................ ..............................  14 
12.2.2.  End of project report  ................................ ................................ ........................  14 
12.2.3.  Ad-hoc reports  ................................ ................................ ................................ . 14 
12.3.  Compliance visits  ................................ ................................ ................................ ...........  14 
12.4.  Project agreement variations  ................................ ................................ .........................  15 
12.5.  Evaluation  ................................ ................................ ................................ ......................  15 
12.6.  Grant acknowledgement  ................................ ................................ ................................  15 
13. Probity  ................................ ................................ ................................ ................................ ........  15 
13.1  How we handle your confidential information  ................................ ..................  15 
13.2  When we may disclose confidential information  ................................ .............  15 
Appendix A.  Eligible expenditure  ................................ ................................ ..............................  17 
A.1 How we verify eligible expenditure  ................................ ................................ ................  17  A.2 Capital equipment expenditure – 25% maximum of grant funding  ...............................  17 
A.3 Labour expenditure  ................................ ................................ ................................ ........  18 
A.4 Labour on -costs and administrative overhead  ................................ ..............................  18 
A.5 Contract expenditure  ................................ ................................ ................................ ..... 18 
A.6 Other eligible expenditure  ................................ ................................ ..............................  19 
Appendix B.  Ineligible expenditure  ................................ ................................ ...........................  20  1. AMGC National Robotics Industry Grant Fund 
process es 
The grant opportunity opens  
We publish the grant guidelines on amgc.org.au/projects . 
 
You complete and submit a technology assessment  application  
You complete the application form , address ing all the eligibility and assessment  criteria in order for your 
application to be considered.  
 
We assess  all Stage 1 Technology application s 
At Stage 1, t he Advanced Robotics for Manufacturing ( ARM ) Hub will  review  technology  applications 
against eligibility criteria and notify you if you are not eligible.  
The ARM Hub will  assess eligible application s against the assessment criteria including an overall 
consideration of the technology to be deployed  and compare it to other eligible applications.  
We notify you if your application fails to meet a 50% score against the merit criteria.  
Applications with a 50% or above score are required to undertake a one -on-one consultation with the 
ARM Hub to review technology and workforce adoption  activities  related to  your application . The 
resulting report will be provided to applicants  and AMGC.  
We notify you if the review s fails to meet an acceptable technology  standard .  
Successful applicants will be asked to submit a Stage 2 Commercialisation  application  to AMGC . 
 
We assess all Stage 2 Commercialisation  applications  
AMGC will review the applications against eligibility criteria and notify you if you are not eligible.  
We assess eligible applications in a triage process against the assessment criteria including an overall 
consideration of value with relevant money and compare it to other eligible applications.  
We notify you if your application fails to meet a 50% score against the merit criteria.  
We notify you if the application  fails to meet an acceptable commercial standard . 
 
We make grant recommendations  
We provide advice to AMGC Board  on the merits of each application.  
 
Grant decisions are made  
AMGC Board  decides which applications are successful.  
 
We notify you of the outcome  
We advise you of the outcome of your application.  
 
We enter into a project  agreement  
We will enter into a project  agreement with successful applicants. The type of project  agreement is 
based on the nature of the grant and proportional to the risks involved.  
  Delivery of grant  
You undertake the grant activity as set out in your project  agreement. We  manage the grant by working 
with you, monitoring your progress against milestones and making payments.  
 
Evaluation  of AMGC National Robotics Industry Grant Fund  
We evaluate the specific grant activity and AMGC National Robotics Industry Grant Fund  as a whole. 
We base this on information you provide to us and that we collect from various sources.  
 
2. About the AMGC National Robotics Industry Grant  
Fund  
A. Purpose of the Grant  
 
The objectives of the grant are to fund projects through AMGC’s National Robotics Industry Grant 
Fund  that: 
• Grow Australia’s robotics industry  
• Invest in upskilling employees in robotics related applications  
• Increase exports of Australian robotics technology and equipment  
• Implement innovative robotic installations and processes within the Australian 
manufacturing priority sectors that achieve a TRL9 level  
 
The intended outcomes of the grant are:  
• To increase the competitiveness of Australian robotics and robotics integration companies  
and to commercialise Australian IP  in robotics related fields . 
• To increase productivity and Australian jobs. 
• To increase the capability and competitiveness of Australian manufacturers through the 
implementation of new robotics technologies  
 
B. Activity  
 
Project scope and description  
 
The National Robotics Industry Grant Fund will provide grants to Australian companies to 
commercialise new  robotics products and applications.  The Fund is intended  to fund later stage 
commercialisation, not early -stage  research -based  programs. However, projects  are still 
encouraged to include collaboration with research partners.  
 
Grantees will contribute a minimum of 50% of eligible project costs as cash contributions. Grantees  
cannot fund their contribution from other Commonwealth, State, Territory or local government grant  
source, or use in -kind (non -financial) contributions to match Commonwealth funding. Grantees  
must provide evidence of their ability to fund their contribution in their application.  
 
Consortia, partnerships, and other joint venture arrangements will be able to apply, however , 
AMGC  must verify these arrangements are made with Australia -based companies and that joint 
venture arrangements include at least one SME partner.  
 
Australian industry projects funded through the  National Robotics Industry Grant  Fund may  include 
the following activities :  • Collaboration and networking with other businesses to develop a  commercially viable  
product and establish market  potential.  
• Collaborating with research and technology hubs/centres to test idea , share knowledge  
and upskil l workforce . 
• Engaging external professionals to provide commercialisation and market advice, such as  
             identifying market opportunities and developing a market strategy.  
• Creating distribution strategies, such as market entry pathway and identifying domestic 
supply chains . 
• Developing a product for commercialisation using innovative robotics applications  
• Developing a robotics product or service for commercialisation by an Australian company  
• Commercialising Australian IP in robotics related fields  
• Acquiring, constructing, installing and commissioning of new machinery and equipment to 
facilitate  the project  (limited to 50% of grant funding ) 
• Invest in upskilling employees in robotics related applications (minimum of 2 0% of grant 
funding).  
• Research collaboration as it relates to the validation/viability of later stage 
commercialisation  and knowledge sharing , and  
• Approved production and post -production manufacturing activities related to 
commercialisation.  
 
Project outcomes  
 
The intended outcomes of the National Robotics Industry Grant Fund are to increase the capability 
and competitiveness of Australian industry through the implementation of innovative robotics 
technologies; and to increase productivity and jobs in Australian industry. In  undertaking the 
Activity, the Grantee must comply with the requirements of the grant opportunity  guidelines (as in 
force at the time of application).  
 
3. Grant amount  and grant period  
For this grant opportunity $ 150 million  is available in three $50 million rounds from 2023-24 to 
2025-26. 
The grant amount will be up to 50 per cent  of eligible project expenditure (grant percentage) . 
• The minimum grant amount is $ 100,000  
• The maximum grant amount is $ 1,000,000 . 
 
You are responsible for the remaining 50 per cent of eligible project expenditure , plus any ineligible 
expenditure.  Your  contribution must be cash. You  cannot use funding from other Commonwealth 
State, Territory or local government  grants to fund the balance of your project expenditure not 
covered by the grant.  
 
3.1. Project period  
The maximum project  period is 18 months . 
We may approve a  further extension  provided you complete your project  by 30 June 2027. 
 
4. Eligibility criteria  
We cannot consider your application if you do not satisfy all eligibility criteria.  
   4.1. Who is eligible?  
To be eligible you must:  
• Have an Australian Company Number (ACN)  
• Have an Australian Business Number (ABN ) 
• Be non -tax-exempt  
• Be registered for the Goods and Services Tax (GST)  
• and be  an entity incorporated in Australia , including start -ups and a trading corporation , 
where your trading activities  form a sufficiently significant proportion of the corporation’s 
overall activities as to merit it being described as a trading corporation or  are a substantial 
and not merely peripheral activity of the corporation.  
 
4.2. Additional eligibility requirements  
We can only accept applications : 
• From small and medium -sized Australian enterprises (SMEs) with up to 199 employees 
(headcount)  however larger organisations are eligible to apply  and may be accepted due to 
the project’s  sizable impact on Australian industry  
• With a minimum of $200,000  in eligible project expenditure  
• Where your application clearly identifies the level of job creation in Australia expected from 
your project  
• Where your project aligns with one or more of the National Manufacturing Priorities  
• Where you can provide evidence  that you can complete the project and meet the costs of 
the proje ct not covered by grant funding .  
• Where you can provide  evidence of how you will provide your share of project costs 
including using the  accountant declaration  template  which confirms you can fund your 
share of the project costs, including any ineligible expenditure. The accountant declaration 
template  must be used and  is available on  https://www.amgc.org.au/wp -
content/uploads/2021/01/Financial -viabilty -template.pdf  
We cannot waive the eligibility cr iteria under any circumstances.  
4.3. Who is not eligible?  
You are not eligible to apply if you are : 
• An individual  
• A partnership  
• A trust (however, an incorporated  trustee may apply on behalf of a trust)  
• A Commonwealth, State , Territory or local g overnment body (including g overnment 
business enterprises).  
5. What the grant money can be used for 
5.1. Eligible activities  
Definition of robots  
 
Robots (including cobots) are autonomous machines that can move within their physical 
environment and manipulate objects. Robots have four essential characteristics: sensing, 
movement, energy and intelligence. In general we use the word “robotics” to encompass ALL 
robotics -relevant fields such as computer and machine vision, sensors and sensing systems (IoT), 
artificial intelligence (AI) and machine learning (ML) as well as automation and autonomous 
systems.  
  Eligible activities may include  the development of : 
• Sensing and perception systems , including vision systems  
• Field robotics  
• Novel end effectors  
• Collaborative robotics  
• Medical robotics  
• Autonomous systems  
• Innovative robotic processes and control systems  
• Autonomous mobile robots , including AGV’s and UGV’s  
• Prototype robotic machinery and equipment  
• Robotic data collection devices  
 
Projects should be included in the Governments National Manufacturing priority list:   
• Resources Technology  
• Agriculture  
• Forestry  
• Fisheries  
• Transport  
• Medical Science  
• Renewables and low emission technologies  
• Defence  
 
Skills development in robotic applications is an essential element of the AMGC National Robotics  
Industry Grant Fund , with a minimum of 20% of grant funding to be allocated to this activity. Typical  
training is evidenced  through relevant programs  provided by robotics companies , system 
integrators , technology hubs , and research and teaching institutions . 
5.2. Eligible expenditure  
You can only spend grant funds on eligible expenditure  you have incurred  on an agreed  project  as 
defined in your project  agreement.  
• For guidance  on eligible expenditure, see  appendix A. 
• For guidance  on ineligible expenditure, see appendix B. 
 
We may update the guidance  on eligible and ineligible expenditure from time to time. If your 
application is successful, the version in place when you submitted your application applies to your 
project.  
 
If your application is successful, we may ask you to verify project costs that you provided in your 
application. You may need to provide evidence such as quotes for major costs.  
 
Not all expenditure on your project may be eligible for grant funding. The Program  Delegate (who is 
an AMGC Projects Director  within AMGC  with responsibility for the program) makes the final 
decision on what is  eligible expenditure and may give additional guidance on eligible expenditure if 
required.  
 
To be eligible, expenditure must : 
• Be a direct cost of the project  
• Be incurred by you for required project audit activities.  
  You may elect to commence your project from the date we notify you that your application is 
approved by AMGC Board .  
 
6. The assessment  criteria  
You must  address all assessment criteri a in Stages 1 and 2 of your application s. We will assess 
your application s based on the weighting given to  each criterion . 
The application form s ask questions that relate  to the assessment criteria  published on AMGC 
website . The amount of detail and supporting evidence you provide in your application  should be 
relative to  the project size, complexity and grant  amount requested . You should provide evidence 
to support your answers . The application form displays size limits  for answers . 
We will only consider funding applications that score highly (50% or more)  against all asses sment  
criterion , as these represent best technology value for money . We will then work  with you to verify 
details of your application. We will reject applications that cannot be verified to a technical or 
commercial standard.  
 
7. How to apply  
Before applying you should read and understand these guidelines,  the FAQs, the sample 
application form a nd the sample project agreement published on AMGC website.  
To apply, you must : 
• Complete  the ARM Hub Stage 1 online technology assessment application form  via 
amgc.org.au  
• If successful with your technology assessment by ARM Hub,  you will invited to submit a 
Stage 2 commercialisation application form via amgc.org.au  
• Provide all the  information requested   
• Address all eligibility and assessment  criteria  
• Include all necessary attachments  
You will receive confirmation of receipt of your application when you submit your technology and 
commercialisation application s. You should retain  a copy of your application  for your own records . 
You can view and print a copy of your submitted application on t he portal for your own records.  
You are responsible for making sure your application s are complete and accurate. Giving false or 
misleading information is a serious offence under the Criminal Code Act 1995  (Cth). If we consider 
that you have provided false or misleading information,  we may not progress  your application. If 
you find an error in your application after submitting it , you can contact us at 
applications@amgc.org.au   
You can apply for more than one project under this grant opportunity , however the first project must 
be completed before the second project can be approved .  
If you need  further guidance around the  eligibility of robotics automation manufacturing projects, 
you may contact the AMGC National Projects director  listed on amgc.org.au  (contact us) . If you are 
unable to submit an application online , please contact applications@amgc.org.au   7.1. Attachments to the application  
You must attach supporting documentation to the application in line with the instructions provided 
within the form. You should only attach requested documents. We will not consider information in 
attachments that we do not request.  
7.2. Timing of grant opportunity  
You can only submit an application between the published opening and closing dates. We cannot 
accept late applications.  
Table 1: Expected timing for this grant opportunity   
Activity  Timeframe  
Assessment of technology applications  5 weeks  
Assessment of commercialisation applications  5 weeks  
Approval of outcomes of selection process  3 weeks  
Negotiation of project  agreements  2 weeks  
Notification to unsuccessful applicants  At the time of the grant decisions  
Earliest start date of project   Date of notification that your project is 
approved by AMGC Board  
End date of grant commitment  No later than 30 June 2026 
8. The grant selection process  
Stage 1  
The ARM Hub will deliver Stage 1 of the AMGC National Robotics Industry Grant.    
ARM Hub reviews  application s against the eligibility criteria . Applications that meet a 50% score  
the selection criteria will undertake a Technology Assessment with the ARM Hub . The technology 
Assessment  is an opportunity  invol ving a one -on-one consultation to review technology and 
workforce skills development related to the application. A report will be provided to the applicant 
and AMGC.  
 
Stage 2  
If your technology application is successful  in Stage 1 , you will be invited to submit a Stage 2 
commercialisation application.  
 
We consider your  Stage 2 commercialisation  application on its merits, based on:  
• How well it meets the criteria  
• How it compares to other applications  
• Whether it provides value with relevant money  
• Whether it meets a technology and commercial standard . 
 
When assessing whether  the application represents value with relevant money, we will have regard 
to:  
• The overall objectives of the grant opportunity  
• The evidence identified to demonstrate how your project  contribute s to meeting th ose 
objectives   • The relative value of the grant sought.  
 
We will establish a triage committee comprised of independent industry experts . The committee 
may seek additional advice from independent technical experts.  The committee will assess your 
application against the assessment criteria and compare it  to other eligible applica tions  before 
recommending which projects to fund . 
 
8.1. Who will approve grants?  
 AMGC Board  decides which grants to approve , taking into account the recommendations of the 
Triage committee  and the availability of grant funds.  
 
AMGC ’s decision is final in all matters, including : 
• The grant approval  
• The grant  funding  to be awarded  
• Any conditions attached to the offer of grant funding.  
We cannot review decisions about the merits of your application . AMGC Board  will not approve 
funding if there are insufficient program funds available across relevant financial years for the 
program.  
9. Notification of application outcomes  
We will advise you of the outcome of your application in writing. If you are successful, we advise 
you of any specific conditions attached to the grant . 
You can submit a  new application for the same (or similar) project if there is future  funding 
availability . You should include  new or more information to address the weaknesses that prevented  
your previous application  from being successful . If a new application is substantially the same as a 
previous ineligible or unsuccessful application,  we may refuse  to consider it for assessment . 
10. Successful  grant applications  
10.1.  Project  agreement  
You must enter into a legally binding project  agreement with AMGC . The project  agreement has 
general terms and conditions that cannot be changed. A sample project  agreement is  available on 
AMGC website . 
We must execute a project  agreement with you before we can make any payments. Execute 
means both you and AMGC  have signed the agreement.  
The approval of your grant may have specific conditions determined by  the assessment process or 
other considerations made by AMGC Board . We will identify these in the offer of grant funding.  
If you enter an agreement under AMGC National Robotics Industry Grant Fund , you cannot receive 
other grants for the same activities  from other Commonwealth , State  or Territory  granting 
programs.  
AMGC  may reco ver grant funds if there is a breach of the project  agreement.  
You will have 30 days from the date of a written offer to execute this project  agreement with 
AMGC . During this time, we will work with you to finalise details.  
The offer may lapse if both parties do not sign the project  agreement within this time. Under certain 
circumstances, we may extend this period. We base the approval of your grant on the information  you provide in your application. We will review any required changes to these details to ensure they 
do not impact the project as approved by AMGC Board . 
10.2.  How we pay the grant  
The project  agreement  will state  the: 
▪ Maximum grant amount we will pay  
▪ Proportion  of eligible expenditure covered by the grant  (grant percentage ) 
▪ Any financial contribution provided by you or a third party  
▪ We will make payments according to an agreed schedule set out in the project  agreement. 
Payments are subject to satisfactory progress on the project.  
10.3.  Tax obligations  
Where applicable we will add GST to your grant payment and provide you with a recipient created 
tax invoice. You are required to notify us if your GST registration status changes during the project 
period.  
Grants are assessable income for taxation purposes, unless exempted by a taxation law. We 
recommend you  seek independent professional advice on your taxation obligations  or seek 
assistance from the Australian Taxation Office . We do not  provide advice on tax.  
11. Announcement of grants  
We will publish non -sensitive details of successful projects on AMGC website . We are required to 
do this by the Commonwealth Grants Rules and Guidelines  unless otherwise prohibited by law.  
This information may include : 
• Name of your organisation  
• Title of the project  
• Description of the project and its aims  
• Amount of grant funding awarded  
• Australian Business Number  
• Business location  
• Your organisation’s industry sector.  
12. How we monitor your grant activity  
12.1.  Keeping us informed  
You should let us know if  anything is likely to affect your project or organisation.  
We need to know of any key changes to your organisation or its business activities, particularly if 
they affect your ability to complete your project, carry on business and pay debts due.  
You must also inform us of any changes to your : 
• Name 
• Addresses  
• Nominated contact details  
• Bank account details.  
If you become aware of a breach of terms and conditions under the project  agreement you must 
contact us immediately. You must notify us of events relating to your project and provide  an 
opportunity for AMGC Board  or their representative to attend.   12.2.  Reporting  
You must  submit reports in line with the project agreement.  We will provide the requirements for 
these reports as appendices in the project  agreement . We will remind you of your reporting 
obligations before a report is due. We will expect you to report on : 
• Progress against agreed project milestones , including jobs created and/or retained as a 
result of the project  
• Project expenditure, including proof of payment of project expenditure  
• Contributions of participants directly related to the project  
• Material changes in the nature of the activity or key personnel involved, including 
affiliations/links with foreign governments or companies , changes in the ownership of the 
company and/or its parent, and disclosure of any pecuniary penalty imposed by a 
Commonwealth , State or Territory  court or a Commonwealth , State or Territory  entity . 
The amount of detail you provide in your reports  should be relative to  the project size, complexity 
and grant amount .  
We will monitor the progress of your project by assessing reports you submit and may conduct site 
visits  to confirm details of your reports  if necessary.  Occasionally we may need to re -examine 
claims, seek further information or request an independent audit of claims and payments.  
12.2.1.  Progress report s 
Progress  reports must : 
• Include details of your progress towards completion of agreed project activities  and 
outcomes  
• Show the total eligible expenditure incurred  to date 
• Include evidence of expenditure  
• Be submitted by the report due date  (you can submit reports ahead of time if you have 
completed relevant project activities ). 
We will only make grant p ayments when we receive satisfactory progress  reports.   
You must discuss any project or milestone reporting delays with us as soon as you become aware 
of them.  
12.2.2.  End of project  report  
When you complete the project, you must submit an end of project  report.  
End of project  reports must : 
• Include the agreed evidence  as specified in the grant agreement  
• Include the information required by AMGC for their project finalisation report  
• Identify the total eligible expenditure incurred for the project  
• Include a declaration that the grant money was spent in accordance with the grant 
agreement and to report on any underspends of the grant money  
• Be submitted by the report due date . 
12.2.3.  Ad-hoc report s 
We may ask you for ad-hoc reports  on your  project . This may be to provide an update on progress,  
or any significant delays or difficulties in completing  the project.   12.3.  Compliance visits  
We may visit you  during  the project period , or at the completion of your project  to review your 
compliance with the project  agreement. We may also inspect the records you are required to keep 
under the project  agreement. We will provide you with reasonable notice of any compliance visit.  
12.4.  Project  agreement  variations  
We recognise that unexpected events may affect project progress. In these circumstances, you can 
request  a variation  to your project  agreement , including : 
• Chang ing project milestones  
• Extending the timeframe for completing the  project but no later than 30 June 202 7 
• Changing project activities . 
The program  does not allow for  an increase of grant funds . If you want to propose changes to the 
project  agreement , you must put them in writing before  the project  agreement  end date.  
You should n ot assume that a variation request will be successful. We will consider your request 
based on  factors such as : 
• How it affects  the project outcome  
• Consistency with the program  policy objective , grant opportunity guidelines  and any 
relevant policies of the department  
• Changes to the timing of grant payments  
• Availability of program  funds.  
12.5.  Evaluation  
We will evaluat e the grant program  to measure how well the outcomes and objectives have been 
achieved . We may use information from your application and project reports  for this purpose . We 
may also interview you or  ask you for more information to help us understand how the grant 
impacted you and to evaluate how effective the program  was in achieving its outcomes.  
12.6.  Grant acknowledgement  
If you make a public statement about a project funded under the program, including in a brochure 
or publication, you must  acknowledge the grant by using the following:  
‘This project received grant funding from AMGC .’ 
If you erect signage in relation to the project, the signage must contain a n acknowledgement of the 
grant.  
13. Probity  
13.1 How we handle  your confidential information  
We will treat the information you give us as sensitive and therefore confidential if it meets all the 
following conditions : 
• You clearly identify the information as confidential and explain why we should treat it as 
confidential  
• The inform ation is commercially sensitive  
• Disclosing  the information would cause unreasonable harm to you or someone el se 
• You provide the information with an understanding that it will stay confidential.  
13.2 When we may disclose confidential information  
We may disclose confidential information :  • To the ARM Hub in Stage1 of the application process  
• To the AMGC Triage committee in Stage 2 of the application process  
• To the Auditor -General, Ombudsman or Privacy Commissioner  
• To the responsible Minister or Assistant Minister  
• To a House or a Committ ee of the Australian Parliament  
• To relevant Commonwealth agencies in the course of their normal functions.  
 
We may also disclose confidential information if  
• We are required or authorised by law to disclose  it 
• You agree to the information being disclosed , or 
• Someone other than us has made the confidential information public.  
 
Appendix A.  Eligible expenditure  
This section provides guidance  on the eligibility of expenditure. We may update this guidance  from 
time to time, so you should make sure you have  the current version from AMGC  website before 
preparing your application . 
The AMGC National Projects Director  makes the final decision on what is  eligible expenditure and 
may give additional guidance on eligible expenditure if required.  
To be eligible, expenditure must:  
• Be incurred by you within the project period  
• Be a direct cost of the project  
• Be incurred by you to undertake required project audit activities  
• Meet the eligible expenditure guidelines.  
A.1 How we verify eligible expenditure  
If your application is successful, we will ask you to verify the project budget that you provided in 
your application when we negotiate  your project  agreement . You may need to provide e vidence  
such as quotes fo r major cost s.  
The project  agreement  will include details of  the evidence you may need to provide when you 
achieve certain milestones in your project . This may include evidence related to  eligible 
expenditure . 
If requested, you will need  to provide the agreed evidence along with your  progress  report s. 
You must  keep payment records of all eligible expenditure  and be able to explain how the costs 
relate to the agreed project activities. At any time, we may ask you to provide records of the 
expenditure  you have paid . If you do not provide  these  records when requested , the expense may 
not qualify as eligible expenditure.  
A.2 Capital equipment expenditure  – 50% maximum  of grant funding  
Examples of  eligible robotic automation capital expenditure are:  
• Robotic arms  
• Prototype robotic machinery and equipment  
• Data collection devices  
• Purchase of computing equipment and software  
• Sensors  
• End effectors  
• iPads and mobile devices   • Building modifications where you own the modified asset , and the modification is required 
to undertake the project; modifications to leased buildings may be eligible. You must use 
the leased building for activities related to your manufacturing process  
We consider costs of acquiring, designing, engineering, automating, digitising or construction of, 
plant and equipment, as well as any related commissioning costs as eligible expenditure . This 
includes the cost of purchase of software directly related to the manufacturing activities, but only 
when the software is capitalised as an asset in your accounts. You must list commissioning costs 
as a separate  item within the  project budget in the application form , and on reports of expenditure  
during project milest ones . 
You may purchase  or buil d plant and equipment . In claim ing the purchase price of capital items , 
you must take out  any costs related to  financing , including interest. You can  claim related  freight 
and installation  costs on capital expenditure . 
Eligible costs  for plant and equipment will normally need to  be on your balance sheet.  
Where  you need to pay in instalments to purchase capital items  (for example deposit s, payment on 
installation , or payment on commissioning),  you can claim  the grant  amount for the items 
progressively across  multiple progress  reports up to the end of the project period. Alternatively, you 
can choose  to claim the full amount in a  single report , when you pay for the  capital item.  
If you c laim expenditure for the  construction of plant and equipment , we limit this  to: 
• The costs of materials  
• Direct construction labour salary costs  
• Contractor costs  
• Freight costs.  
Grant  payments for capital items  may affect your tax obligations. We recommend that you seek  
independent professional advice on tax related matters.  
A.3 Labour expenditure  
Examples of labour expenditure are:  
• Robotics related staff training (minimum 2 0% of grant funding)  
• Software development and support  
• Project management  
• Training and change management  
• Use case development  
• Documentation  
• Data validation testing  
• Engineering  
• Design  
• Testing  
Eligible labour expenditure for the grant covers the direct labour costs of employees you directly 
employ on the core elements of the project. We consider a person an employee when you pay 
them a regular salary or wage, out of which you make regular tax in stalment deductions.  
We do not consider labour expenditure for leadership or administrative staff (such as CEOs, CFOs, 
accountants and lawyers) as eligible expenditure, unless th ey are undertaking  project management 
tasks.  
Eligible salary expenditure includes an employee’s total remuneration package as stated on their 
Pay As You Go (PAYG) Annual Payment Summary submitted to the ATO.   The maximum salary for an employee, director or shareholder, including packaged components 
that you can claim through the grant is $1 75,000 per financial year.  
For periods of the project that do not make a full financial year,  you must reduce  the maximum 
salary amount you claim proportionally.  
You can only claim eligible salary costs when an employee is working directly on agreed project 
activities during the agreed project period.  
A.4 Labour on -costs and administrative overhead  
You may increase e ligible salary costs by an additional 30 % allowance to cover on -costs such as 
employer paid superannuation, payroll tax , and workers compensation insurance.  
You should calculate e ligible salary costs using the formula below:  
You cannot calculate l abour costs by estimating  the employee’s worth . If you have not exchanged 
money  (either by cash or bank transactions)  we will  not consider the cost eligible.  
Evidence you will need to provide  can include:  
• Details of all personnel working on the project, including name, title, function, time spent on 
the project and salary  
• ATO payment summaries, pay slips and employment contracts.  
A.5 Contract and general expenditure  
Examples of contract and general expenditure relating to robotic automation are: 
• Export market development  
• New software platforms developed by Integrators  
• Product design services for product optimisation  
• Engineering consultation to develop process engineering requirements and manufacturing 
processes  
• Industrial Internet of Things (IIoT) software development  
• Part identification technology  
• Cloud based applications for sensor data  
• Streaming analytics  
• Student assisting projects  
• Technical Specialist consultants  
• Commercialisation expert to establish relationships with manufacturers; establish reference 
sites; validate market for products with OEM and other manufacturers  
• Testing and validation of prototypes and of final commercialised products  
• Materials, consumables, and laboratory disposables  
• Travel and accommodation for field activities in Australia  
• Costs related to recruiting or contracting specialist staff  
• Staff training and skills development that directly supports the achievement of project 
outcomes  
• Overseas activities expenditure for the project activities is generally limited to 10 per cent 
of total project expenditure . 
 
 Eligible contract expenditure is the cost of any agreed project activities  that you contract others to 
do. These can include contracting:  
• Another organisation  
• An individual who is not an employee but  engaged under a separate contract.  
 
Invoices from contractors must contain:  
• A detailed description of the nature of the work  
• The hours and hourly rates involved  
• Any specific plant expenses paid.  
Invoices must directly relate to the agreed project, and the work must qualify as an eligible 
expense. The costs must also be reasonable and appropriate  for the activities performed.  
We will require e vidence of contractor expenditure that  include  invoices and payment documents.  
You must  ensure all project contractors keep a record of the costs of their work on the project. We 
may require you  to provide a contractor’s records of their costs of doing project work. If you cannot 
provide these  records, the relevant contract expense may not qualify as  eligible expenditure.   Appendix B.  Ineligible expenditure  
This section provides guidance  on what we consider ineligible expenditure. We may update this 
guidance  from time to time, so you should make sure you have the current version from AMGC  
website before preparing your application . 
The AMGC National Projects Director  may impose limitations or exclude expenditure, or further 
include some ineligible expenditure listed in these guidelines in a grant agreement or otherwise by 
notice to you.  
Examples of i neligible expenditure include:  
• Research not directly supporting eligible activities  
• Activities, equipment or supplies that are already being supported through other sources  
• Costs incurred prior to us notifying you that the application is approved by the AMGC 
Board   
• Any in -kind contributions  
• Financing  costs , including interest  
• Capital expenditure for the purchase of assets such as office furniture and equipment, 
motor vehicles, computers, printers or photocopiers  
• Costs such as rental, renovations and utilities  
• Non-project -related staff training and development costs  
• Insurance costs (the participants must effect and maintain adequate insurance or similar 
coverage for any liability arising as a result of its participation in funded activities)  
• Debt financing  
• Costs related to obtaining resources used on the project, including interest on loans  
• Depreciation of plant and equipment  
• Maintenance costs  
• Costs of p urchas ing, leas ing, depreciation  of, or development of land  
• Infrastructure development costs , including development of road, rail, port or fuel delivery 
networks beyond the manufacturing site  
• Site preparation activities which are not required to support and/or accommodate the 
capital investment under the project  
• Opportunity costs relating to any production losses due to  allocati ng resources to the 
agreed grant project  
• Routine operational  expenses , including communications, accommodation, office 
computing facilities, printing and stationery, postage, legal and accounting fees and bank  
charges  
• Costs related to preparing the grant application, preparing any project reports and 
preparing any project variation requests . 
This list is not exhaustive and applies only to the expenditure of the grant funds. Other costs may 
be ineligible where we decide that they do not directly support the achievement of the planned 
outcomes for the project or that they are contrary to the obj ective of the program . 
You must ensure you have  adequate funds to meet the costs of any ineligible expenditure 
associated with the project . "
ARM Hub - Rockpress Site Visit.pdf,"ARM HUB |Rockpress Site Visit 26/05/2021  
1 
 Rockpress  Site Visit –  26 May  2021 
ARM Hub Representatives:  
- Lewis Humphries , Business Development  Officer  
- David Hedger, Head of Project Services  
 
General notes : 
• Rockpress h ave been in operation since 1972 and is one of Brisbane’s most highly regarded  
steel fabrication suppliers . 
• Approximately 1200m2 of factory floor space located in Acacia Ridge,  South Brisbane .  
• Rockpress employ over 90 workshop trade staff.  
• Manufacture across a variety of industries, including heavy transport, truck & trailer 
accessories, mining, general engineering, hospitality  (F&B), marine, medical & 
pharmaceutical, construction, electrical engineering, architectural, streetscape fu rniture, 
agricultural and office & modular furniture . 
• Expertise in design  and manufacturing.  
• Rockpress have an aspiration to integrate  robotics within their Acacia Ridge  facilit y to 
increase their producti vity, expand the use  of their  existing robotic arms (2x UR10s) and 
integrate new r obotic solutions  to increase throughput .  
• Additional to the above, Rockpress are looking to reduce the dependence on external 
contractors/engineers for the maintenance and operation of their robots, prov iding 
upskilling opportunities to their  existing  staff to manage this workload. The workload also 
includes the programming of operations for each robot  for future applications .  
During the site tour, o pportunities for Industry 4.0 advancements were identif ied in each of the  four  
manufacturing areas, as outlined below.  
• Fibre Laser Cutting  
• Press Brakes  
• Robotic Welding 
• CNC Machines . 
We have provided our understanding of each of the above manufacturing areas in the following 
pages.   
 
 
 
 
 
 
 
 
 
ARM HUB |Rockpress Site Visit 26/05/2021  
2 
 Fibre Laser Cutting  – Loading/Unloading of Material   
- Rockpress have 4x Trumpf fibre laser cutting machines . 
- Material is currently loaded and unloaded by hand with the assistance of an overhea d gantry 
crane , purchased from PFI.  
- Majority of material for laser cutting is aluminum or steel, comprising of over -sized sheets up to 
25mm thick . 
- PFI installed the existing lifting machinery . PFI are competitors to Rockpress as they are also 
manufacturers  operating within the same sectors .  
- Rockpress have a wealth of data and already nest cut  files for each operation of the machine.   
- Rockpress require a person to load and un -load material onto the laser cutting machine. This is a 
time costly process as there are a lot of unique parts that  need to be removed  for stacking onto 
a pallet.  This challenge can be solved through integration of an overhead robotic arm  with 
magnetic end -effector  or grabbing arms , procured from  a robotic supplier .  
Press Brakes –  Loading/Unloading of Material  
- Rockpress have 4x Trumpf press brake  machines . 
- Material is currently loaded and unloaded by hand.  
- Majority of material for bending is aluminum or steel . 
- Rockpress require a person to load and un -load material onto the press brakes . This is a time 
costly process as there are a lot of unique parts that need to be handled .  
- Rockpress could re -purpose the existing UR10 machines, currently utilised for welding, to 
perform this operation. These robotic arms could be installed on 2x machine s as an immediate 
project, with the remaining machines to be addressed with new co -bots in the future. The ARM 
Hub could provide the technical expertise to undertake this process, working through the initial 
design and implementation of the co -bots. This c an be priced as a commercial project should 
Rockpress wish to pursue this approach.  
Robotic Welding –  New Robotic Welding Cell   
- Rockpress have 2x UR10 robotic arms configured to weld steel. The steel is laid into  jigs by hand.  
- The UR10s MIG  weld in tandem. This operation currently has software issues , requiring both 
arms to be programmed separately.  
- There are approximately 10no. jigs that are utilized frequently .  
- Material is currently loaded and unloaded by hand.  This process re quires a lot of time to ensure 
all parts are properly aligned and positioned in the jigs for proper welding. If parts are 
misaligned, the welds will be incorrect  and will need to be re -done by hand .  
- Rockpress  could  re-purpose the existing 2x UR10s for use with the press brakes (see prev ious – 
Press Brakes) and procure  a new robotic welding cell  that is better  suited for this application. 
This ro botic cell, which is an  existing product  on the market,  would include the required 
feedback /vision systems to account  for variance in the parts .  
CNC Machines –  Machine Tending  
- Rockpress have several CNC machines  running within a separate facility on their site.  
- Each machine has several operations for each part, with a machine operator  required to load 
parts onto the machine, re -position  the part s for new operation s, and then unload the parts for  
further finishing or stacking onto a pallet .  
- Rockpress have an aspiration to increase the ir uptime, integrating robotics to load/unload parts 
to enable round the clock operation of the facility.  
- This challenge could be solved through the integration of a robotic arm. There is existing 
technology on the market which is applicable and could be procured from robotic suppliers.  ARM HUB |Rockpress Site Visit 26/05/2021  
3 
 Proposal : 
The ARM Hub is an independent, not -for-profit company with a mission to accelerate the adoption 
of advanced manufacturing in Australia. We are supported through public and private investment.  
 
The ARM Hub builds expert teams across technical, design and b usiness fields to solve industry’s 
industrial transformation challenges.  
 We are uniquely position ed to deliver robotic solutions for Rockpress, acting as an independent 
advisor to ensur e each robotic solution is fit for purpose and adopted successfully wi thin the 
organisation .  
 
To address each of the above four  identified  manufacturing areas , we propose the following  project  
scope:  
 
Scoping of the hardware  
The ARM Hub will undertake the following to progress the project:  
• Attend a site visit to Rockpress to scope the hardware required . This includes understanding 
the available data, meeting with machinery operators , recording spatial information and 
understa nding typical production requirements (i.e. size of material, weight etc).  
• Develop the technical brief to specify  the required hard ware. This includes undertaking a 
pre-qualification of robotic suppliers in the industry to ensure Rockpress can obtain quot es 
from suitable contractors.  
• Review quotations from suppliers and provide commentary back to Rockpress for their 
procurement of the hardware . 
 
Implementation 
The ARM Hub  will act as independent consultants to Rockpress during the procurement, installatio n, 
and commissioning of the new hardware. We  will provide consultancy services to assist with the 
installation and commissioning phase.  
The ARM Hub will undertake the following to progress the project:  
• Attend site to meet with robotic suppliers and Rockpress.  
• Assist Rockpress with technical input and responses to robotic suppliers  throughout the 
installation and commissioning phase . 
• Revie w installation plans & final commissioned system and provide comments if required.  
Rockpress will be responsible for procuring the hardware and coordination of the installation 
& commissioning phase.  
 
Staff Training  
The ARM Hub will  provide comprehensive  software training to Rockpress’ internal staff which will be 
crucial for the successful adoption of the technology. This scope of work will also include the 
integration of the new technology with Rockpress’ existing CAM software .  
This scope of work would n ot include training on the operation and maintenance of the hardware , as 
this would be  undertaken by the robotic supplier.  ARM HUB |Rockpress Site Visit 26/05/2021  
4 
 The ARM Hub will undertake the following to progress the project:  
• Attend Rockpress site to provide one -on-one training to specific  Rockpress staff. This will 
enable Rockpress to upskill their staff in the programming of the robots, ensuring long term 
use of the technology and decreased reliance on external consultants for future projects.   
• Our experts will be available via phone and email to address any questions Rockpress may 
have during the training.  
Fees : 
 
Manufacturing Area  Description  Total  
 
Fibre Laser Cutting  
Loading/Unloading of 
Material  Scoping of the hardware  $7,700  
Implementation  $4,000  
Staff training  $4,200  
Press Brakes  
Loading/Unloading of 
Material  Scoping of the hardware  $4,850  
Implementation  $25,300  
Staff training  $4,200  
 
Robotic Welding  
New Robotic Welding Cell  Scoping of the hardware  $7,700  
Implementation  $4,000  
Staff training  $4,200  
 
CNC Machine  
Machine Tending  Scoping of the hardware  $4,850  
Implementation  $4,000  
Staff training  $4,200  
Grand Total (exclusive of GST)  $79,200  
 
Notes:  
- The ARM Hub h ave not allowed for any software or equipment costs in the above offer . This is to 
be supplied by the robotic supplier. This suppli er will be identified and provided to Rockpress in 
the Scoping phase , along with the technical brief to allow Rockpress to obtain quotes.  
- The above  offer  is based  on Rockpress implementing one robotic solution per project. The on ly 
exception  being for the  Press Brakes, as this project is to be addressed by re -purposing the 
existing UR10s.  
- The Press Brakes Implementation phase includes the design and programming of the existing UR10s currently being utilised for welding. The initial scoping phase will be used to understand 
the challenges with re -locating the co -bots and to  develop the project plan.  
- We have allowed for the following travel:  
o 1no. trips  to Rockpress in the scoping phase –  per project.  
o 2no. trips  to Rockpress during the implementation phase. The exception being for the 
Press Brakes, where we have allowed for 6x trips . 
o 4no. trips during the  staff training phase –  per project.   
- We have not allowed for any engineering certifications or on -site labou r. This is to be by 
Rockpress and the robotic supplier.  
  ARM HUB |Rockpress Site Visit 26/05/2021  
5 
  
 
 
 
  
 
www.armhub.com.au  
 
 
ARM Hub  
Advanced Robotics for Manufacturing  
53 Holland St, Northgate QLD 4013  
+61 491 200 260 
info@armhub.com.au  
 
 
Samuel Jesuadian  
Chief Operating Officer  
+61 457 020 298  
samuel.jesuadian@armhub.com.au  
 
 Lewis Humphries  
Business Development Officer  
+61 491 668 854 lewis.humphries@armhub.com.au  
 
 
"
ARM Hub_MTI Site Visit.docx.pdf,"ARM HUB | Metal Tech Industries  Site Visit 12/07/2021  
1 
 Metal -tech Industries Site Visit – 12 July 2021  
ARM Hub Representatives:  
- Melissa Nugent, Business Development Manager  
- Lewis Humphries , Business Development  Officer  
- David Hedger, Head of Project Services  
General notes:  
• Metal -tech Industries have been in operation for over 30 years. The provide sheetmetal 
components to  the automative  industry. In recent years they have expanded their client 
base and are now manufacturing pa rts for electric vehicle charging stations and electrical 
components for the domestic market.  
• Their Wacol facility has capabilities with laser cutting, cnc punching, cnc folding, guilloting, 
welding MIG and TIG, powdercoating, engraving and metal fabrication  
• MTI have recently installed a state of the art Trumpf combination laser and turret punch 
machine . Wacol facility also includes laser cutting machines, turret  
• Owners of the business live in NSW, regularly travelling between Sydney and Brisbane to run 
the operation.  
• Future aspirations are to extend their curre nt facility to increase their floor space. This 
would allow MTI to bring in a new powdercoating line, decommissioning the existing line 
once the new is in full operation.  
•  
• Export plastic products to New Zealand, US, and RSA. Concrete products manufactured in 
Geebung are sold in SEQ and northern NSW due to logistics costs.  
• Sell directly to developers and councils for infrastructure (tanks, drainage), and to plumbing 
and hardware retail outlets for consumer distribution. No direct -to-consumer sales.  
• Everhard is consolidating lines of production across the site.  
• Have introduced some robotics to establish semi -automated lines of production in the 
plastic manufacturing area.  
• Working towards innovation in warehouse management – potential for ERP/MRP, remote 
machine control and operator feedback systems.  
• In-house product development team of three mechanical and civil engineers. Looking to add 
smart/IoT monitoring capabilities to existing and future products.  
• Manufacturing is divided into three distinct, physical areas – plastics, concrete and 
cabinetry, with significant, dedicated, indoor and outdoor warehouse space.  
During the site tour, opportunities for Industry 4.0 advancements were identified in each of the 
three manufacturing areas, as outlined below.  
 
 
 
Intuitive Robot Welding : 
While there are many suppliers of competent robotic welding systems in Australia and globally, very 
few installed systems  actually meet  the expectations of their owners. Based on what ARM Hub has 
encountered, the user interface is almost always the weak link in the system. Operators coming from 
manual processes can be slow or unable to adopt new technology, wasting their experience, and 
leaving robotic systems underutilised.   
ARM HUB | Metal Tech Industries  Site Visit 12/07/2021  
2 
 MTI seems interested in acquiring a robotic welding system that is easily used by any member of the 
team, allows for both batch runs and one -offs, and readily integrates into their software workflow. 
ARM Hub would propose a collaborative effort to develop a fully integrated robotic welding solution, 
in partnership with a local robotic integration company and a team of user interface designers and 
robotics engineers.    
This project would aim to produce an intuitive robotic welding system that can be readily scaled as 
the workload grows.  The team  would  take into account  user experience with  existing robotic 
welding deployments,  state -of-the-art machine interfaces, and the  requirements  of welders 
and production managers  in order to  determine the best design path.     
ARM Hub would  seek out like -minded companies  willing to invest  and assist in applying for 
government funding to see the project through.  ARM Hub  would also  contribute access to  our in-
house design and robotics experts  for the duration.   
• Investigate funding from government programs like CRC -P and seek out potential 
collaborators   
• Work with MTI and potential collaborators on a program to research and design an intuitive 
robotic welding system   
• If necessary, seek quotes and commission welding system as designed   
  ARM HUB | Metal Tech Industries  Site Visit 12/07/2021  
3 
  
Continuous Quality Assurance (QA)   
MTI are interested in automating the quality assurance process,  ensuring only  defect -free parts are 
shipped.  ARM Hub can help  design and commission a set of automated  computer  vision based  QA 
processes,  performing tasks like checking welds,  coating coverage, and burr removal  faster, 
and without worker intervention. These systems  can be used not only  to maximise  worker efficiency, 
but also as a key step  toward  full facility automation.  The software on the  QA systems would likely 
be unique to the process in question, but would use similar  hardware;  several high -resolution 
cameras and a controlled lighting environment.  The systems could be installed at the end of existing 
lines,  i.e. adding a new booth to the  powdercoating  line, or  be set up in a dedicated central 
facility.  Collected QA data would be fed into the client’s data systems for  monitoring  and review by 
the production team.   
ARM Hub would first spend some time collecting data  on the various processes  that MTI  offer, along 
with the current and desired QA steps, then discuss which  checks  could be readily automated with 
the client, prioritising  systems  as they see fit.  ARM Hub would then  draw up designs for  the QA 
systems  and facilitate their commissioning,  either  procuring  quotes  from local integrators  or 
delivering  the systems  ourselves  as necessary.   
• Collect data on current and desired QA steps  (1wk)   
• Design QA systems for processes discussed with MTI (1mo)   
• Seek quotes for QA systems as designed (1wk)   
  ARM HUB | Metal Tech Industries  Site Visit 12/07/2021  
4 
 Distributed Data Collection  
MTI are interested in collecting data  from  their existing  systems,  monitoring  trigger actions on tools, 
machine utilisation time, and  worker efficiency. This data would be collected to inform better 
management and training decisions.    
There are a  wide  variety of methods for collecting this data  depending on the system in question. 
Large machines for instance can have their utilisation rates monitored simply by  processing  video 
feeds  from already installed security cameras, but to determine exactly how much power they are 
using or how  the tools are wearing down would require additional hardware.   
ARM Hub would consult with MTI about which systems are a priority to instrument, scope out the 
best methods to collect that data, and deploy a  small  demonstration system that  collects  the 
data  and communicates  it to MTI’s systems. Based on this demonstration, ARM Hub would scope up 
a full  data collection system  for MTI’s  facility, and  seek quotes to  perform the commissioning.   
• Consult with MTI about most valuable data to collect  (1d)  
• Design and deploy demonstration data collection system  (2wk)   
• Seek quotes for full system based on demo feedback  (1wk)   
  ARM HUB | Metal Tech Industries  Site Visit 12/07/2021  
5 
 Proposal : 
The ARM Hub is an independent, not -for-profit company with a mission to accelerate the adoption 
of advanced manufacturing in Australia. We are supported through public and private investment.  
 
The ARM Hub builds expert teams across technical, design and business fields to solve industry’s 
industrial transformation challenges.  
 
We are uniquely position ed to deliver  robotic solutions for Rockpress, acting as an independent 
advisor to ensur e each robotic solution is fit for purpose and adopted successfully within the 
organisation .  
 
To address each of the above four  identified  manufacturing areas , we propose the following  project  
scope:  
 
Scoping of the hardware  
The ARM Hub will undertake the following to progress the project:  
• Attend a site visit to Rockpress to scope the hardware required . This includes understanding 
the available data, meeting with machinery operators , recording spatial information and 
understanding typical production requirements (i.e. size of material, weight etc).  
• Develop the technical brief to specify  the required hard ware. This includes undertaking a 
pre-qualification of robotic suppliers in the industry to ensure Rockpress can obtain quotes 
from suitable contractors.  
• Review quotations from suppliers and provide commentary back to Rockpress for their 
procurement of the hardware . 
 
Implementation  
The ARM Hub  will act as independent consultants to Rockpress during the procurement, installation, 
and commissioning of the new hardware. We will provide consultancy services to assist with the 
installation and commissioning phase.  
The ARM Hub will undertake the following to progress the project:  
• Attend site to meet with robotic suppliers and Rockpress.  
• Assist Rockpress with technical input and responses to robotic suppliers  throughout the 
installation and commissioning phase . 
• Review installation plans & final commissioned system and provide comments if required.  
Rockpress will be responsible for procuring the hardware and coordination of the installation 
& commissioning phase.  
 
Staff Training  
The ARM Hub will  provide comprehensive  software training to Rockpress’ internal staff which will be 
crucial for the successful adoption of the technology. This scope of work will also include the 
integration of the new technology with Rockpress’ existing CAM software .  
This scope of work would not include training on the operation and maintenance of the hardware , as 
this would be  undertaken by the robotic supplier.  ARM HUB | Metal Tech Industries  Site Visit 12/07/2021  
6 
 The ARM Hub will undertake the following to progress the project:  
• Attend Rockpress site to provide one -on-one training to specific  Rockpress staff. This will 
enable Rockpress to upskill their staff in the programming of the robots, ensuring long term 
use of the technology and decreased reliance on external consultants for future projects.   
• Our experts will be available via phone and email to address any questions Rockpress may 
have during the training.  
Fees : 
 
Manufacturing Area  Description  Total  
 
Fibre Laser Cutting  
Loading/Unloading of 
Material  Scoping of the hardware  $7,700  
Implementation  $4,000  
Staff training  $4,200  
Press Brakes  
Loading/Unloading of 
Material  Scoping of the hardware  $4,850  
Implementation  $25,300  
Staff training  $4,200  
 
Robotic Welding  
New Robotic Welding Cell  Scoping of the hardware  $7,700  
Implementation  $4,000  
Staff training  $4,200  
 
CNC Machine  
Machine Tending  Scoping of the hardware  $4,850  
Implementation  $4,000  
Staff training  $4,200  
Grand Total (exclusive of GST)  $79,200  
 
Notes:  
- The ARM Hub h ave not allowed for any software or equipment costs in the above offer . This is to 
be supplied by the robotic supplier. This suppli er will be identified and provided to Rockpress in 
the Scoping phase , along with the technical brief to allow Rockpress to obtain quotes.  
- The above  offer  is based  on Rockpress implementing one robotic solution per project. The on ly 
exception  being for the  Press Brakes, as this project is to be addressed by re-purposing the 
existing UR10s.  
- The Press Brakes Implementation phase includes the design and programming of the existing 
UR10s currently being utilised for welding. The initial scoping phase will be used to understand 
the challenges with re -locating the co -bots and to develop the project plan.  
- We have allowed for the following travel:  
o 1no. trips  to Rockpress in the scoping phase – per project.  
o 2no. trips  to Rockpress during the implementation phase. The exception being for the 
Press Brakes, where we have allowed for 6x trips . 
o 4no. trips during the  staff  training phase – per project.   
- We have not allowed for any engineering certifications or on -site labour. This is to be by 
Rockpress and the robotic supplier.  
  ARM HUB | Metal Tech Industries  Site Visit 12/07/2021  
7 
  
 
 
 
 
 
 
www.armhub.com.au  
 
 
ARM Hub  
Advanced Robotics for Manufacturing  
53 Holland St, Northgate QLD 4013  
+61 491 200 260  
info@armhub.com.au  
 
 
Melissa Nugent  
Business Development Manager  
+61 466 024 733 
melissa.nugent @armhub.com.au  
 
 
Lewis Humphries  
Business Development Officer  
+61 491 668 854  
lewis.humphries@armhub.com.au  
 
 
"
ARMHub Brief.pdf," 
 
 
COMPLETE CONT AINER SOLUTION (CC S) ONE PAGE BRIEF  
 
MISSION INTENT:  
To design,  develop and implement an engineered solution  to mitigate the Hierarchy  of W astes (Top 3) and key risks within the 
loose unpacks/packs internationally.  
The Complete Container Solution is aimed to improve productivity by 33% or a 25% reduction to man hours within the process 
while  reducing manual handling exposures by 5 0% and forklift and pedestrian interaction by >90 % 
 
WASTE AND RISK H IERARCH Y 
 
  
 
The above hierar chy’s have been created based of f the current Young Guns operation across a variety of different 
environments.  
• Forklift and pedestrian inter action  is highlighted within the Young Guns business as the greatest safety risk to our 
team  along w ith manual handling  which accounts for a larg e % of our overall incidents . 
• Waiting , motion  and transport  waste  have been identif ied as our Top 3 process wastes  and prevent  us from reaching 
maximum productivity. The current unloading devices in the business aim  to reduce these as much as possible but 
currently don ’t effectively mitigate the Top 3 Was tes from the process.  
o Waiting  – Wasted time created by a break in the flow of productivity . Often occurs when our unloaders are 
waiting for another task in the process to be completed : 
▪ Forklift to retrieve a complete pallet  
▪ Forklift to replenish empty p allets inside the container  
o Motion  – Wasted movements in a process by either team member or machine  that c ould be minimiz ed.  
▪ YG team members hav ing to bend down or stretch overhead to reach stock as opposed to 
working in the Power  Zone  
▪ Team members having to enter and exit containers  
o Transport  – The moving of pallets and products from one position to another. Waste in the transport can 
also create  additional  waiting waste.  
▪ Distance a pallet needs to travel to be staged  
▪ Current YG pallet rollers and platform require the pallets to be transported up and down the 
container by the team memb ers 
 
ENVIRONMENTAL VARIABLES FOR CO NSIDERATION : 
• Container unload areas  
o Dock 
o Flat stand  
o Chiller/Freezer/Ambient  
• Distance from container doors to staging lanes  
• Pallet sizes (international )  
"
ATTACHMENT 1 ARM Hub Flyer.pdf,"Together, we will:
» Increase the uptake of advanced manufacturing technologies in
    Australia» Upskill the existing manufacturing workforce» Train the next generation of industrial workers» Stimulate design-led innovation incorporating robotics, AR/VR,    data science and digital integration» Be a lighthouse for Industry 4.0The ARM Hub has to date secured $18M of investment funding from the Queensland Department of State Development, Manufacturing, Infrastructure and Planning, and our partners. The Hub incorporates a four-year program of services dedicated to small-to mediumenterprises (SMEs), including research and developmentcollaborations with major supply-chain partners. Large businesses will engage with the Hub through its Corporate Membership program. The Hub is partnering with global design innovators UAP andAustralia’s Innovative Manufacturing CRC to create a LearningFactory. Here, businesses can assess their digital transformation needs, and gain hands-on experience with new manufacturingtechnologies and processes. The QUT Design Lab will assistbusinesses by co-designing high value products and services.The ARM Hub’s mission is to boost industry’s uptake ofadvanced manufacturing technologies. We are backed by world-leading research partners, including QUT’sAustralian Centre for Robotic Vision; CSIRO; and Germany’sFraunhofer Institute for Industrial Engineering. 
ARM Hub: Advanced Robotics
for Manufacturing CONTACT US
To start a conversation about your advanced manufacturing future, email Cori Stewart, 
Lead, ARM Hub at  cori.stewart@qut.edu.au  or call on 0400404803 .The ARM Hub will be accessible to all sub-sectors of manufacturing, 
from metal fabrication and food processing, to medical devices and mining equipment. It will work in collaboration with Australia’s research and innovation communities to provide:
» Innovation services to SME and microenterprise manufacturers,
    helping them to become successful advanced manufacturing    businesses » Commercial solutions in the form of technology adoption sprints,     demonstrations, and prototyping services» Industry engagement, collaboration, and learning for business    leaders and their staff» R&D brokerage with research experts, engineers and automatio    services
Colocated beside with our industry partner UAP at Northgate Brisbane, the ARM Hub is scheduled to launch in the ﬁrst quarter of 2020 .
Infrabuild
SSS Manufacturing
Cook Medical
Weld Australia
Verton
Klinger
L&A Services
Australian Ginger Industry Association
UAPR&D Collaborators include: ARM Hub Partners 
"
BRII Draft Application OLD.docx.pdf,"BRII AIMS Draft Application   
E.1 Project Title and Description  
Ensure your project description focuses on your project’s key activities  
Streamlined  technology for marine autonomous systems assurance.  
E.2 Your response is limited to 750 characters including spaces and does not support formatting.  
Ensure your project description focuses on your project’s key activities and outcomes. Outline what  
it is you are going to do and how it will benefit your organisation.  
 
Create coherent marine autonomous system assurance by bringing  together experts and 
stakeholders from across the artificial intelligence ( AI), robotics  and marine research fields, including 
researchers, landowners, operators, and regulators.  The ARM Hub  will combine our in -house 
expertise in AI autonomous systems with relevant stakeholders, such as the Great Barrier Reef 
Marine Park Authority , researchers with practical experience , and governance bodie s. This will  
determine the root issues associated with the assurance in marine environments, and the most 
viable solution (s) to address them.  The study will explore and determine if the best approach is a 
standalone system, or a system of systems that combines existing and novel technologies.  
 
E.2. Detailed project description and key activities  
Provide a detailed description of your project including the project scope and key activities.  
Your response is limited to 5000 characters including spaces and does not support formatting.  
You must also provide a project plan which you should attach later in your application. Refer to the  
grant opportunity guidelines for the requirements of the project plan.  
 
The core of the feasibility study will revolve around three key  technologies and the way they interact 
with one another. The first is a method for converting human -written  marine  regulations and 
etiquette into a machine -readable format. The second is a suitably flexible RAS -AI testing interface  
that is capable of interacting  with a wide variety of AI architectures . The third is a n intuitive interface 
that can be used to provide scenarios that test the AI system’s resilience  in challenging  simulated  
and real -world environments.  The final regulatory product would be a compos ition  of these three 
technologies . 
All of  these technologies are under active development where there are  systems built  on them 
already being depl oyed in commercial and research space s. The ARM Hub team’s work will involve 
determining wh ich of these systems are best suited to be integrated into a regulatory product .  
The team plans to incorporate factors such as cost and licensing, ease -of-commercialisation , 
interoperability, and feedback from industry experts  and stakeholders , along with simple  field 
evaluations  to make these assessments . If no  proprietary  off-the-shelf systems are found to be fully 
suitable  for the project, the team will then assess how much work would be required to modify 
them , or whether it would be a better idea to create one from the ground up.  
Parallel to this work, the team will work with marine researchers , RAS -AI dev elopers,  and regulators  
to determine what properties the regulatory product would ideally  encapsulate , developing user 
stories /narratives  based on their experience  in the field . These user stories will drive the ultimate  
architecture  of the product, and how the individual systems will interact  both  with each o ther and the outside world . Where possible, the design will incorporate industry and marine standard s to 
ensure that development and commercialisation a re as straightforward as possible.  
Once the key technology systems have been chosen and a system architecture proposed, the task 
will shift to defining th e resources required to deliver a complete proof of concept , including 
staffing, budge ting, facilities, and sample RAS -AI systems.  The initial scope of work will conclude with 
a report assessing the overall viability of the project and the market potential for the final regulatory  
product , both domestically and in international jurisdictions .  
After the core regulatory product has been defined, extensions to the architecture can be explored. 
There may be market opportunities to offer a reference implementation of the AI interface, a variety 
of user interfaces,  or a dongle that can fulfil all the communication requirements of a robotic 
system.  
The ARM Hub project staff  consists  of Professors in robotics, mechatronic s engineers, business 
specialists, and designers.  In addition, t he ARM Hub plans to draw on its connections with 
researchers such as  Matt Dunbabin  (QUT, Rangerbot)  and Matt Grace ( CSIRO, RegTech ), and consult 
with  the developers of RAS -AI systems in its member network . The ARM Hub Learning Factory in 
Brisbane provides ample space for a project team and is a perfect venue for hosting  consultations 
with  industry  groups  and relevant stakeholders . 
Autonomous systems are synonymous with Advanced Robotics,  i.e. Robotics and Autonomous 
Systems (RAS),  which are being  employed in increasing volume and with greater diversity. 
Applications in Advanced Robotics for Manufacturing (ARM) now go beyond factories to precision 
agriculture, aquaculture and aerial sensing/monitoring platforms (e.g. drones). As artificial 
intellig ence becomes more powerful and robust, it needs to be regulated when used to actuate the 
real-world, whatever the vessel. There is a genuin e threat of poor / discombobulated regulation, 
which will stymie the efforts of ARM Hub to increase Australian competitiveness. Furthermore, there 
is the opportunity for ARM Hub to lead cross -disciplinary approaches to determine the best practical 
regulati on to assure optimum use of autonomous systems.  This project team is associated with a 
Hub, whose purpose is to bring people together on a common theme, networking, sharing of best 
practices, offer mutual support and provide governance where needed. This g rant represents an 
opportunity to fulfil our purpose.  
 
E.3. Project Outcomes  
Provide a summary of the expected project outcomes.  
Your response is limited to 5000 characters including spaces and does not support formatting.  
 
The Feasibility Study will have  the following expected project outcomes. We un derstand the study is 
to be completed within three months. As such, we have provided a project timeline with the project 
plan , submitted in response to  section  G. Assessment Criteria, criterion 3.   
Report  
This feasibility study will produce a report on how to develop a readily deployable system that can 
be used by regulators and developers to determine whether  a given RAS -AI system complies with 
given set of regulations. This is a deliverable of this current grant program. It will serve as the basis 
for future discussions, implementations of the recommended systems  and as a guide to 
government/regulators.  
 Market Analysis  
This feasibility study will help define the problems that need to be addressed with appropriate 
timescales for given resources.  As routinely operating RAS in human occupied environments  are still 
uncommon, there is work needed to identify, qualify  and quantify what the actual difficulties are in 
assuring such systems. All such problems with their severity, plus likely impact, will be identified for 
future risk management.  
 
Criteria to M easure Assurance   
criteria that will satisfy stakeholders regarding the operation of marine autonomous systems will be 
developed. Types of task, scales of autonomy and criteria to  measure whether  a vessel should 
undertake a given task will be specified.  
 
Assurance systems  
Existing, potential and future systems that can assure whether a RAS meet s the criteria will be 
identified. A comprehensive survey of such systems will be produced where each one will be 
assessed against the criteria identified above.  
 
Prototype Streamlined Assurance System Identified  
this study will  specify  a standardised, readily deployable solution for testing such systems against the 
criteria that enables the confident deployment of autonomous marine systems.  Although individual 
components of the system may have been tested, the integration and thorough testing  of all 
components, with all types of vessels in all types of tests is beyond the scope of this feasibility study.  
 
Demonstrators  
Where individual components of the system have been tested, these will form demonstrators that 
can be assessed by stakeholders . Factors such as, initialisation of use, ease of use, speed of use, 
availability of use, reporting, data management and so forth will be  assessed alongside the 
demonstrators.  
 
The expected project outcome for industry, being regulators, developers & researchers, is assurance 
that the system will behave as intended.  
 
Regulator s will have  a clear description of the problems faced by the industry.  A pathway, i.e. 
methods, tools and plan , to enable RAS systems to be assured in identified tasks will have been 
created. Both quantifiable and quantifiable aspects of this process will be  made transparent. This 
includes clear criteria by which assurance can be measured to the satisfaction of stakeholders.  
 
Developers /operators  of RAS will have a clear and measurable understanding of what is required to 
operate RAS in specified tasks/environments. Interfaces into the regulatory framework will be 
specified. These will need to be low -cost in terms of time, finance, training,  and interoperability  to 
be readily adopted.  
 
Researchers  will have a clear path to test innovative ideas within the assurance framework.  That is,  
there will be specified levels of autonomy and task s that will cover both existing and future  marine 
system deployments.  
 
 
  E.4. Challenges and Feasibility Study Details  
You may apply for grant funding to solve multiple challenges in this round,  however you can only 
receive grant funding for one challenge project.  
Select challenge  
Further information on each challenge can be found on business.gov.au  
 Using technology to identify and assess potential poor disclosure by listed companies Challenge 
agency: Australian Securities and Investment Commision (ASIC)  
 Using technology for remote and automated monitoring of export livestock health and welfare  
Challenge agency: Department of Agriculture, Water and the Environment (DAWE)  
 Using technology for a streamlined path to marine autonomous systems assurance  
Challenge agency: Australian Institute of Marine Science (AIMS)  
 Using technology for real -time and accurate asbestos testing  
Challenge agency: Asbestos Safety and Eradication Agency (ASEA)  
 
Selected challenge:  
 Using technology for a streamlined path to marine autonomous systems assurance  
Challenge agency: Australian Institute of Marine Science (AIMS)   E.4. Challenges and Feasibility Study details  
Provide a description of your proposed solution. Also describe the current state of development of 
your solution. This description is for official use only.* You may attach up to 2 A4 pages for diagrams 
supporting your proposal later in this application.  
 
You may attach up to 2 A4 pages for diagrams supporting your proposal later in this application.  
Your response is limited to 5000 characters including spaces and does not support formatting.  
 
Address problem statement.  “Why?”  
The AI interface system would be able to accept a compliance goal provided by an AI system 
developer , which would be  a digital contract  used as the benchmark by which to assess the device 
under test . This would enable companies  to certify their AI products up to different thresholds  
depending on the intended use case and  provide an avenue for developers to incrementally test 
their systems throughout feature development.  (Mention NHTSA  levels ) 
“The continuing evolution of automotive technology aims to deliver even greater safety benefits and 
automated driving systems (ADS) that — one day — can handle the whole task of driving when we 
don’t want to or can’t do it ourselves. Fully automated cars and trucks that drive us, instead of us 
driving them, will become a reality. These self -driving vehicles ultimately will integrate onto U.S. 
roadways by progressing through six levels of driver assistance technology advancements in the 
coming years.  
Test Tracking Tool   
As automated driving systems developers continue to improve their systems, they validate their 
laboratory and track -testing with controlled testing on public roads. Now, states and companies can 
voluntarily submit information about automated vehicles and testing to NHT SA, as part of the AV 
TEST Initiative. Below is the interactive tool the agency developed so the public can view the 
information. Please note that this is intended to be a tool that will be updated frequently as 
participants add or modify their information , as new participants are added, and as data fields are 
added or modified.  
About the AV TEST Initiative  
NHTSA launched the AV TEST Initiative in June 2020 with states, local governments, and private -
sector stakeholders throughout the driving automation community. The goal of the initiative is to 
provide the public with direct and easy access to information a bout testing of ADS -equipped 
vehicles, information from states regarding activity, legislation, regulations, local involvement in 
automation on our roadways, and information provided by companies developing and testing ADS. 
This in turn, increases the publ ic awareness of on -road testing, safety precautions, and principles 
guiding the testing. One of the ways NHTSA is improving public awareness is the AV TEST Initiative, 
shown above. This initiative is another way that NHTSA is working with governmental and private 
stakeholders to facilitate the safe development, testing, integration, and education of driving 
automation technology in the United States. ” 
  
https://www.nhtsa.gov/automated -vehicle -test-tracking -tool 
 
The product could be used as a basis for  feedback to regulators  from developers and researchers 
and serve as a target platform for new legislation  tailored for the RAS -AI ecosystem.  The ability to 
standardise  on a regulation translation technology  would allow for confident and transferrable 
regulation efforts that could be adopted by other government agencies facing similar  tasks.  
This will involve determining the most effective level to integrate regulatory systems, whether it be 
at the individual robot level, swarm deployment, or initial software commissioning stage. We will 
exercise existing marine AI systems in their intended environment as a base case, applying exis ting 
regulatory technologies to determine where such systems fail to address stakeholder requirements.  
The ARM Hub is an agile technology centre in robotics and design -led manufacturing. We accelerate 
industry’s digital transformatio n. Through the regional hubs, manufacturers can connect with the 
ARM Hub to access cutting -edge robotics and associated technologies, robotics expertise, skills 
development, and industry knowledge.  Connecting businesses to experts  
The ARM Hub is a not -for-profit with a mission to accelerate industry’s uptake of advanced 
manufacturing technologies. We provide the skills and resources needed to scale -up and prove -out 
high value manufacturing technologies.  
The Hub offers space with the facilities and expertise to enable businesses and experts to 
collaboratively solve key problems and develop new products and services on a commercial scale.  
Whether your business needs high -value collaborative robotics for mass -customisation or design 
solutions to meet your workforce needs,  the ARM Hub is here to help.  
ARM Hub’s Mission  
• Take Australian made to the world, using Australia’s reputation for high -value manufacturing 
and robotics  
• Drive economic growth through new ways of doing business, especially for small and 
medium enterprises  
• Lower technical, operational  and economic barriers to the adoption of Industry 4.0  
• Help industry prepare for the future and employ more Australians  
 
Describe the key technical challenges to determine the feasibility of your idea or 
technology. *  
The main technical challenge is to translate text -based regulations into a form that can be the basis 
for control of autonomous systems. Rather than human in the translation of regulations into fixed 
code, this needs to be accomplished in a flexible manner  so when the regulations are updated, they 
can be autonomously included in the system designs. Existing work from CSIRO will be leveraged to 
accomplish this task. However, assessing its success will not be trivial due to the breadth and depth 
of the regula tions.  
The next technical challenge is to speak/translate to a common language to ensure mutual 
understanding. Operators, regulators and other stakeholders must be able to communicate in a 
correct and timely fashion with each other and the autonomous system. For example, autonomous 
systems operating in the marine environment may be termed “Cyber -Enabled Ships’ [Lloyd’s 
registry], Unmanned Systems (UxS) [US Coast Guard], and remotely operated vehicle ( ROV ) 
[underwater remotely operated vehicle in academia], and so forth.  
An important challenge is how the key requirements of stakeholders can be assimilated into the 
regulatory framework. For example, how cultural, ethical and customary practices can be encoded in 
a manner by which an autonomous system can accommodate their p rinciples.  
It is critical to identify the criteria that will be used to judge how a system conforms to the 
regulations. How these criteria vary across the Lloyd's Register autonomy level needs to be made 
coherent, i.e. Cyber accessibility levels (AL) for autonomous/r emote access  
AL0 No cyber access – no assessment – no descriptive note – included for information only.  
AL1 Manual cyber access – no assessment – no descriptive note – included for information only.  
AL2 Cyber access for autonomous/remote monitoring.  
AL3 Cyber access for autonomous/remote monitoring and control (onboard permission is required, 
onboard override is possible).  
AL4 Cyber access for autonomous/remote monitoring and control (onboard permission is not 
required, onboard override is possible).  
AL5 Cyber access for autonomous/remote monitoring and control (onboard permission is not 
required, onboard override is not possible).  
It is technically challenging to ensure that as the autonomy on -board a platform increases it is still 
capable of being able to be assured. It needs to be determined how as the autonomy increases (or 
decreases) it is possible to simply amend the regulatory  assessment of the craft rather than start the 
assessment again from scratch.  Creating a simulation that is sufficiently comprehensive to assure the operation of an autonomous 
marine vessel is challenging on the number of simulation platforms that could be utilised. It would 
not be feasible to fully develop a system on each platform  such that a subset of tasks need to be 
tested on the most plausible all prior to making a decision on the best/most suitable platform to 
adopt for the simulation.  
Assessing the range of regulations that the vessel must obey at different ALs is challenging. Decisions 
need to be taken on whether a 'driving test' style that samples possible scenarios to measure/ assess 
behaviour or whether exhaustive compliance testing  is required needs to be made.  
Technically assuring the operation of the vessel is difficult but getting vessel operators/owners to 
use the system happily is another part of the project. Implementing good user -focused design is not 
trivial in order to ensure ease and initialisation of u se. Measuring how well both the regulatory and 
operating users of the system interact with it requires social science skills, such as ethics and 
personal data handling. Similarly, new criteria will need to be defined on how well the various types 
of autono my on the vessel interact with the simulation. The simulation to real (Sim2Real) problem is 
still technically challenging. It may be safe, fast, repeatable, transparent and efficient to assure the 
operation of a vessel in simulation but how well this trans lates to real operations needs to be 
considered. Further, how the simulation can be combined with/lead on to real -world testing needs 
exploration..  
Ensuring the system outputs are fair, transparent and constructive is technically important. If a 
vessel does not meet the regulations: how this is described, why it occurred and what can be 
charged to meet the requirement needs to be conveyed in an action able manner?  
A simulation testing autonomous vessels is capable of producing big data, which introduces a 
technical challenge. How records are kept in a legal, searchable and useful manner needs work. AI 
can learn from experiences so how past scenarios can inform futur e AI needs investigating.  
It is recognised that many of the challenges identified above are project challenges to the 
implementation of the assurance system as well as challenges to the feasibility study itself. A 
challenge in itself will be the need to get agreement from stakehold ers on the composition of the 
assurance system. Furthermore, the criteria on whether it is feasible to be implemented will need to 
be defined.  
 
 
 
Key tasks  
Technology survey – desktop  review.  
Interviews  – interviewees time will be in -kind, drawing on own networks  
Shaping what’s needed  
Coordinating and conducting  
Pulling together  
Analysis of systems, scope technology regulation systems.  3 key systems – identify – indepth analysis of most promising candidates.  
Acquiring representative samples of code/technology – review ; test against legislation, indepth 
evaluation.  
Identify changes in technology  
Consult  – regulators, researchers, industry, stakeholders – user stories and architecture.  
Feasibility of engagement.  
Letters of support – value of platforms development where regulation tech important; opportunity to 
do research more easily and develop spin out companies.  
Feasibility  questions:  
- Baseline level of compliance  
- Can a set of  key compliance factors  be identified  
 
 
G.1. Assessment criterion 1 (30 points)  
Your response is limited to 5000 characters including spaces and does not support formatting.  
Extent that your proposed solution meets the challenge (30 points).  
You should demonstrate this by identifying:  
a. how your proposed solution will meet the challenge  
The aim of the feasibility study is  to bring together stake holder s to specify a platform that 
streamlines regulatory processes . This will report on the problems and difficulties faced by both 
regulators and users of R AS–AI. Criteria to measure the success of  any implemented system will be 
specified. Existing and potential future digital technology will be identified that satisfies these 
identified criteria.  Where possible , i.e. within the cost and time limits of the project, these 
technologies will be tested to determine their potential for implementation . A core  system will be 
designed prior to the case studies  speci fied for the next project . 
Digital technology will be used to reduce  the regulatory  burden.  Methods by which  regulations can 
be adapted to be understood by  artificial  systems  will be identified , e.g.  Natural Language Processing  
AI. This will greatly reduce the time required by humans to  encode regulations . Supervisory Control 
systems, from conventional linear time invariant models to Expert Systems will be considered. The 
effect of Explainable AI ( XAI) on the ability of regulatory systems to manage RAS -AI will be included. 
These  methods  will also enable  rapid uptake of future changes  to regulations  without the need of 
reprogramming  multiple systems  manually . 
Digital technology will enable cross -mode collaboration, i.e. autonomous vehicles on the land, air, 
water and underwater, will be able to communicate. This will assure safety at the interfaces 
between the domains, which includes amphibious craft.  It is acknowledged that  other  modes  of 
autonomous vehicles  will have had greater previous use such that  their regulatory  frameworks are 
likely to  be advanced  beyond Marine regulatory  practices . The opportunity to reuse best practice, 
e.g. autonomy levels , will be taken  but adapted to suit marine needs . Further, how these systems 
overlap and can be complementary  will be considered.  
To make it easier  for businesses and individuals to comply with the  regulations  there will not be a 
one size fits all model. The proposal, which will be refined through the stakeholder meetings, is an 
autonomy level  and task category  approach.  
The use of digital twins  offers the  ability to greatly reduce the time  and logistics of testing  RAS-AI.  
 
Marine Safety Certificate”. This is not a licence to drive a boat/PWC.  
Under federal regulations, you need an operating certificate to use a VHF and HF radio:  
 
•    The Marine Radio Short Range Operator’s VHF Certificate of Proficiency (SROCP) is for VHF radio 
and is the normal certificate for recreational boaters.  
•    The Marine Radio Operator’s Long Range Certificate of Proficiency (LROCP) is for VHF and MF/HF 
radio.  
 
A number of Coast Guard Flotillas across the country run either a LROCP or SROCP course frequently 
throughout the year (dependent on numbers).  
 
These courses are a great way to obtain your LROCP License while supporting your local Coast Guard 
Flotilla.  
Vessels less than 20 metres, sailing vessels and vessels engaged in fishing  
A person navigating these vessels should observe the practices of good seamanship and in particular:  
 
avoid erratic and unpredictable manoeuvres when in the vicinity of larger vessels,  
avoid anchoring in and around busy sea lanes, particularly at night,  
avoid the use of lights that can interfere with and restrict the identification of navigation lights, and  
ensure the vessel’s AIS is transmitting accurate information.  
The master and crew of such vessels must be familiar with Rule 9 (Narrow Channels) and Rule 10 
(Traffic Separation Schemes) of the COLREGs, including obligations to not impede the passage of 
other vessels when navigating in or near narrow channels, fairways, and traffic separation schemes.  
International Regulations for Preventing Collisions at Sea, 1972, (COLREG) attached to the 
Prevention of Collisions Convention  Search for regulation on the Australian Treaties database or Australian Treaties library.  
See also amendments to COLREGs in IMO Resolutions A.464(XII), A.626(15), A.678(16), A.736(18), 
A.910(22), A.1004(25), and A.1085(28).  
The 2003 consolidated edition (COLREG 1972) can be purchased from the IMO or through specialist 
maritime book outlets in Australia.  
Ships’ Routeing  
Published by the IMO.  
 
To borrow a consolidated copy of Ships’ Routeing from a library in Australia, search for the title on 
the Australian Libraries Gateway.  
The book can also be purchased from the IMO or through specialist maritime book outlets in 
Australia.  
The routeing measures to control the navigation of ships are listed in this publication. Routeing 
measures are marked on nautical charts used for navigation of vessels.  
 
 
 
 
• decreasing regulatory burden: reducing unnecessary regulatory compliance for businesses and/or 
individuals by making it easier for them to comply with regulation  
• streamlining or enhancing regulatory processes: decreasing administration costs and/or increasing 
efficiencies for agencies and regulators.  
These challenges align with the Government’s deregulation agenda and the Prime Ministers’ objective for 
Australia to be a leading digital economy by 2030  
 
assure new marine robotics and autonomous systems with artificial intelligence (RAS -AI) 
•   manage impacts to trusted autonomy through future engineering changes to RAS -AI systems.  
The test and evaluation framework solution needs to apply novel data, analysis and intelligent 
decision‑support technologies. It must be designed to dynamically adapt for evolving RAS ‑AI 
technologies, Australian standards and Australia’s future regulatory state  
 A revised safety case supported with both simulated and real -world test and evaluation evidence is a 
prerequisite to obtain the required approvals to deploy these systems in the field.  
 
Assuring autonomous systems requires a significant, collaborative and multi -faceted approach that 
is beyond the capacity of a single small ‑to‑medium‑sized enterprise. However, an innovative 
technological approach to create a standardised test and evaluation framework for RAS ‑AI systems, 
which meets Australia’s cross ‑domain and regulatory needs, would be a game ‑changer for the 
RAS‑AI industry.  
 
The test and evaluation framework solution needs to apply novel system data, analysis and 
intelligent decision ‑support technologies. It must be able to dynamically evolve to adapt to changes 
in Australian standards and Australia’s future regulatory state for RAS -AI systems. Regulatory 
guidance, environmental and societal issues, and autonomous systems technology ar e evolving at a 
rapid pace. As such, technology developers, users and regulators are spending inordinate  amounts 
of time understanding how to saf ely operationalise marine autonomous systems.  
This BRII challenge is seeking a technology solution to help Australia leapfrog the marine 
autonomous systems development curve and deliver a dynamic, evidence -based test and evaluation 
framework to support Australia’s marine autonomous systems industry an d marine regulators. 
AIMS’ ReefWorks, the Queensland Flight Test Range and the NQ SPARK are examples of initiatives 
developing safe places to trial technologies such as unmanned and autonomous systems across air, 
sea and land domains.  
Autonomous systems developers and end users would use the test and evaluation framework to 
guide the operationalisation of their products. Typically, these developers and end -users do not have 
a strong understanding of legislative requirements or changes i n policy and standards. Regulators 
would use the framework to ensure their core concerns are flagged to developers,  
and to enable consistency in assurance assessments. The framework could also be used to help 
regulators provide updated guidance to RAS -AI developers as regulations evolve or as new 
autonomous systems technologies come online.  
b. the uniqueness of your proposed solution relative to what is already in the marke t. 
 
The following is text extracted from WB’s intro. It could be relevant to any of the three criterion 
questions.   
Create coherent marine autonomous system assurance by bringing  together experts and 
stakeholders from across the artificial intelligence ( AI), robotics  and marine research fields, including 
researchers, landowners, operators, and regulators.  This will complete an ongoing survey of existing 
regulations, and how they are being used in practice. Importantly, it will identify best assurance 
technologies, areas of concern and gaps to address.  
and outcomes.  
This feasibility study will help define the problems that need to be addressed with appropriate 
timescales for given resources.  Criteria that will satisfy stakeholders regarding the operation of 
marine autonomous systems will be developed. Existing, potential and future systems that will meet the criteria will be identified. The study will  specify  a standardised, readily deployable solution for 
testing such systems against the criteria that enables the confident deployment of autonomous 
marine systems.  
Outline what it is you are going to do  
We will combine our in -house expertise in AI autonomous systems with stakeholders, such as First 
Nations people, Great Barrier Reef Marine Park Authority, Australian Institute of Marine Science, 
Companies & researchers with practical experience  (e.g.  from CSIRO’s Data61 and QUT’s Centre for 
Robotics ), governance bodies (e.g.  Australian Maritime Safety Authority, Australian Volunteer Coast 
Guard) and so forth. This will  determine the root issues associated with the assurance in marine 
environments, and the m ost viable solution (s) to address them. Knowledge elicitation tools from 
facilitated meetings to formal interviews will be employed. Whether the best approach is a 
standalone system, or a system of systems that combines existing and novel technologies  will be 
determined . 
How  existing systems and any required novel solutions can be packaged  into a single, readily 
deployable toolkit  that can be used by regulators and developers to quickly get new autonomous 
solutions into the field  will be identified . Technological solutions from interface dongles to virtual 
‘operating license tests’ will be scrutinised.  
 
 
 
 
 
 
 
G.2. Assessment criterion 2 (30 points)  
Your response is limited to 5000 characters including spaces and does not support formatting.  
Market opportunity of your proposed solution (30 points).  
You should demonstrate this by identifying:  
a. the clear commercial potential to create a marketable product, process  or service for customers 
beyond the government agency leading the BRII challenge, including a plan to deliver the solution 
and the route to local and/or global markets. A market analysis should be included.  
Note: a more detailed commercialisation plan will be requested if you progress to the second 
funding stage (proof of concept grant).  
Benefits from grant call:  
“A standardised test and evaluation framework, supported by regulators, would result in 
significant efficiency gains. It would also ensure a high level of trust and safety by operators, 
regulators and the community for RAS ‑AI systems.  A standardised approach to gathering the test and evaluation evidence required to assure new 
marine RASAI systems, and engineering changes to RAS -AI systems, would potentially save years 
in the development cycle. More importantly, a standardised approach w ould help support the 
sustainability of Australia’s marine RAS -AI development and manufacturing market sector.  
The market potential for an innovative, streamlined test and evaluation framework for marine 
autonomous systems could also be applicable to aerial and land autonomous systems. Countries 
across the globe are struggling to meld often archaic, local legislati on with a globalised 
autonomous systems industry.  
If a solution to this BRII challenge can break through the overheads to show a streamlined test and 
evaluation path to operationalisation (by fusing local legislation, regulation and standards with 
autonomous systems development), it could be a global game changer. The legislation is different 
between countries, but in many cases the problem is the same: autonomous systems are 
developing faster than government/regulators can keep up with. An innovative solution could 
incorporate data fusion and decision ‑support technologies, making it readily applicable to multiple 
jurisdictions and potentially realising a globally commercial opportunity. ” 
 
G.3. Assessment criterion 3 (40 points)  
Your response is limited to 5000 characters including spaces and does not support formatting.  
You should demonstrate this by identifying:  
a. your track record managing similar projects and access to personnel with the right skills and 
experience, including commercialisation  
b. your access, or future access, to any infrastructure, capital equipment, technology and intellectual 
property  
c. a sound project plan to manage and monitor the project, including a risk analysis  
d. your project budget.  
 
 
 
 
 
 
 
 
 
 
  
• Figure 1: Initial system architecture  concept  
 
 
 
"
Biographies_Digital Capability Experts_v4_cl.docx.pdf,"  
 
DIGITAL CAPABILITY EXPERTS  
Biographies   
 
JAMES COOK UNIVERSITY  
 
 Mr Dan Christie, Head of Engineering  
Mr Christie is currently the Head of Engineering at James Cook University.   At 
the time of receiving this award he was the Glencore Copper Refinery and Port 
Operations Manager in Townsville.   After graduating from James Cook 
University, with a Bachelor of Engineering with Honours in 1998,  Mr Christie 
obtained a Master’s of Science degree in Systems Engineering from 
Loughborough University, UK.   Since 2010, he has been serving as a Manager 
and Superintendent at Glencore, a leading global natural resource company.  Mr 
Christie has more than 15 years’ experience in various large -scale engineering 
projects, ranging from defence projects with the Royal Australian Air Force to 
internationa l resource projects with leading global mining and resource 
companies.   
 
 
 Prof Ian Atkinson, Professor & Director eResearch Centre  
Professor  Atkinson  is a Tropical Leader and Director of the eResearch Centre at 
James Cook University. His PhD studies were in chemical physics but nearly 20 
years ago moved from experimental science into computational chemistry and 
high -performance computing.  Over the past decade the rapid expansion of the 
Internet, mass data storage and computing has impacted ev ery area of research 
and academic activity. As Director of the JCU eResearch Centre he has the 
privilege of working with researchers to apply new and ever -changing ICT tools 
and methods to their research and amplifying their impacts.  He has a long -
standin g interest in eResearch methods, tools, scientific data management and 
user interfaces for HPC tools. He is also actively involved in researching how new 
systems and software that connect the physical and virtual worlds, particularly 
focusing on environmen tal monitoring with sensor networks.   
 
 
 Ms Stephanie Baker, Lecturer, Electronic Systems and Internet of Things 
Engineering  
Stephanie Baker graduated from her Bachelor of Engineering (Computer 
Systems) degree with first class honours in 2016, before undertaking a PhD 
focused on artificial intelligence for healthcare. Having submitted her 
dissertation in early 2021, Stephanie is  now continuing to research in the field of 
healthcare, while also expanding into areas including conservation and 
accessibility. She has a broad range of research interests, with primary focus 
placed on machine learning and software.  
 
  
 
 
  
 
DIGITAL CAPABILITY EXPERTS  
Biographies   
 
 Assoc Professor Nico Adams,   
Formerly Director of the Factory of the Future at Swinburne University, Assoc 
Professor Adams has just commence d a new role with James Cook University. 
Prior to his appointment with Swinburne University, Nico was a Senior Research 
Scientist and Product Manager at CSIRO’s Data61 .  Following on from his work 
with CSIRO and Data61, Dr Adams assumed the role of Program Lead for Digital 
Transformation and Industry 4.0 at the Innovative Manufacturing Cooperative 
Research Centre (IMCRC).   At IMCRC, Nico co -develop ed an innovation 
diagnostic and an Industry 4.0 business, product and strategy framework 
tailored for small -to-medium sized businesses.  
 
 
 
    
 
 
QUEENSLAND UNIVERSITY OF TECHNOLOGY  (QUT)  
 
 
 
 
 Professor Jonathan Roberts , ARM Hub Technical Director, Professor in 
Robotics, Faculty of Engineering, Centre Director – Australian Cobotics 
Centre  
Jonathan is Professor in Robotics at Queensland University of Technology 
(QUT). His main research interests are in the areas of Field Robotics, Design 
Robotics and Medical Robotics. Jonathan was a co -inventor of the UAV 
Challenge, an international flying r obot competition. Before joining QUT, 
Jonathan was the Research Director of CSIRO’s Autonomous Systems 
Laboratory where he developed projects in the area of museum robotics and 
telepresence. Jonathan is a Past President of the Australian Robotics & 
Automat ion Association, was a member of the Founding Editorial Board of the 
IEEE Journal of Robotics and Automation Letters and currently serves as a 
Senior Editor.  
 
 
 
 
 Professor Will Browne, Professor and Chair in Manufacturing Robotics - 
QUT Faculty of Engineering, ARM Hub  
Will is Professor and Chair in Manufacturing Robotics at Queensland University 
of Technology (QUT) with ARM Hub and CSIRO. Possessing expertise in artificial 
cognitive systems, with interest in how systems, such as robots, can interact 
with the real -world to solve problems of interest. Will’s topics of interest 
include computer vision and perception, explainable Artificial Intelligence (AI), 
transfer learning and collaborative robotics. Will is also co -lead on the Science 
for Technological Innovation team o n ‘Adaptive learning robots to complement 
the human workforce’, Robotics Spearhead in New Zealand. Academic service 
includes editorial board membership of the ACM Transactions on Evolutionary 
Learning and Optimization and the Applied Soft Computing journal s. Will’s 
interdisciplinary background in Mechanical Engineering, Energy Studies, 
Control, Cybernetics, Computer Science, Computational Neuroscience as well as 
AI and Robotics, is further expanding the disciplines of the ARM Hub expert 
team.  
  
 
DIGITAL CAPABILITY EXPERTS  
Biographies   
 
 Associate Professor Richi Nayak, Faculty of Science  
Richi is the Applied Data Science Program Leader of the University Centre for 
Data Science (CDS) and is an internationally recognised expert in data mining, 
text mining and web intelligence.  She has combined knowledge in these areas 
very successfully with  diverse disciplines such as Social Science, Science, and 
Engineering for technology transfer to real -world problems to change their 
practices and methodologies.  Her particular research interests are machine 
learning and in recent years she has concentrat ed her work on text mining, 
personalisation, automation, and social network analysis.  She has published 
high -quality conference and journal articles and highly cited in her research 
field.  Richi has received a number of awards and nominations for teachin g, 
research and service activities.  
  
 Professor David Lovell, Faculty of Science  
David Lovell is a Professor in the  QUT’s School of Computer Science , Deputy 
Director of  QUT’s Centre for Data Science , and leader of the Centre’s Data -
Focused Decision -Making Program.   David joined QUT in 2014 as Head of the 
School of Electrical Engineering and Computer Science (EECS).  Before joining 
QUT, David held numerous research management positions in CSIRO.  He was 
involved in a wide range of research and consulting in the anal ysis of large and 
complex datasets and was appointed Director of the Australian Bioinformatics 
Network and has been instrumental in the formation of ABACBS (Australian 
Bioinformatics and Computational Biology Society).  David’s research interests 
lie at th e intersection of humanity, science and technology, particularly data 
science.  
 
 Associate Professor Glenda Amayo Caldwell – Academic Lead Research , 
Faculty of Engineering  
Associate Professor  Glenda Amayo Caldwell is a Senior Lecturer in Architecture, 
School of Design, Creative Industries Faculty at the Queensland University of 
Technology (QUT).  She is a chief investigator in the IMCRC Design Robotics for 
Mass Customisation Manufacturing proj ect in collaboration with UAP and RMIT. 
Embracing trans -disciplinary approaches from architecture and human 
computer interaction, Glenda’s research places design at the forefront of 
robotic research for design -led and mass customization manufacturing. She is 
an active researcher in the QUT Design Lab and is the author of numerous 
publications in the areas of media architecture, urban informatics, and design 
robotics.  
 
  
 
DIGITAL CAPABILITY EXPERTS  
Biographies   
 
 
 
 Associate Professor Jared Donovan – Academic Lead Research , Faculty 
of Creative Industries, Education & Social Justice  
Associate Professor  Jared Donovan is a Senior Lecturer in Interaction Design at 
the Queensland University of Technology. He currently leads the ‘Design 
Robotics for Mass Customised Manufacturing’ research project with industry 
partner UAP (funded by IMCRC), which is developi ng new ways to use robots 
and vision systems for design led manufacturing. His main research interest is in 
how technologies can be made more useful and easier to use for people and 
how end -users can be involved in the design process to make technologies 
better.  
 
 Dr Muge Belek Fialho Teixeria – Senior Lecturer, Faculty of Engineering  
Dr Muge Belek Fialho Teixeira is a n award winning  creative maker and 
transdisciplinary designer, specialised in advanced manufacturing, digital 
fabrication, and parametric design. She is one of the chief investigators of QUT's 
Design Robotics project. In her career, she has worked with prominent 
architec tural firms such as Zaha Hadid Architects, taught in several institutions 
including AA Visiting Schools, published articles, gave interviews, and presented 
in many international conferences and exhibitions.  
 
 
 Associate Professor Markus Rittenbruch – Associate Professor in 
Interaction Design, Faculty of Creative Industries, Education & Social 
Justice  
Dr Markus Rittenbruch is an Associate Professor in Interaction Design at 
Queensland University of Technology (QUT). He is the Associate Director of the 
QUT Design Lab which hosts innovative research at the interplay of Design and 
Technology, such as the Design Robotics project. Markus is an experienced 
researcher with over 20 years of experience in the design of human -centred 
technology. His work focusses on the design and st udy of emerging 
technologies, including collaborative systems, human -robot collaboration, social 
robotics, and extended reality.  
 
 Distinguished Professor Peter Corke – Professor in Robotic Vision, 
Faculty of Engineering  
Peter Corke is a robotics researcher and educator with over 30 years’ 
experience in robotics theory and practice. He is the distinguished professor of 
robotic vision at Queensland University of Technology, director of the QUT 
Centre for Robotics, and direc tor of the ARC Centre of Excellence for Robotic 
Vision. His research is concerned with enabling robots to see, and the 
application of robots to mining, agriculture and environmental monitoring. He 
wrote the bestselling textbook “Robotics, Vision, and Contr ol” and the Robot 
Academy online teaching resource.  
 
 
  
 
DIGITAL CAPABILITY EXPERTS  
Biographies   
 
 Prof. Greg Hearn – Chair, ARM Hub Strategic Research Committee  
Professor Greg Hearn is Director of Commercial R&D in the Creative Industries 
Faculty at QUT and a research leader in the ARM Hub and QUT Design Lab. His 
research focuses on strategic industry futures, knowledge policy, and the future 
of work. He is author of over 20 major books and reports, most recently as 
editor of The  Future of Creative Work: Creativity and Digital Disruption (Edward 
Elgar, 2020). This book examines the impact of digital disruption, robotics, and 
AI, on jobs in design, art and media, and the creation of high value products and 
services across all secto rs of the economy. He has worked in large R&D projects 
with private industry and public sector organizations over 3 decades, across 
many sectors including, aviation, defence, agriculture, and manufacturing.   
 
 Professor Matthew Dunbabin – Faculty of Engineering  
Professor Matthew Dunbabin joined QUT as a Principal Research Fellow 
(Autonomous Systems) in 2013 from CSIRO, where he held various roles 
including Principal Research Scientist and the Robotics Systems and Marine 
Robotics team leader. He is known internati onally for his research into field 
robotics, particularly environmental robots, and their application to large -scale 
marine and aquatic ecosystem process monitoring. His research interests 
include vision -based navigation, image -based habitat classification , adaptive 
sampling, and path planning, as well as robot and sensor network interactions. 
His current research within the Australian Centre for Robotic Vision involves the 
development and use of advanced computer vision techniques to detect and 
quantify ch ange within the environment, and to improve the perception and 
monitoring performance of robots operating in challenging and dynamic 
environments.  
 
 Dr Chris Lehnert, Faculty of Engineering  
Dr Chris Lehnert is a Lecturer within the Robotics and Autonomous Systems 
(RAS) group at QUT. His research interests lie in the development of novel 
methods for robotic manipulation in real world and challenging environments. A 
particular focus of his rese arch has been on enabling robots to perform 
autonomous harvesting operations in horticulture. He was part of the Australian 
Centre for Robotics Vision team competing in the 2017 Amazon Robotics 
Challenge, where he l ed the development of the grasping and planning 
algorithms which could successfully grasp a large variety of objects in a cluttered 
environment. He is part of the Future Food Systems Co -operative Research 
Centre, and will receive $35 million in funding ove r 10 years from the Federal 
Government, along with almost $150 million in support from the research 
centre’s educational and commercial participants. He will be working on 
developing robotics and smart technology for vertical and indoor protected 
cropping.  
  
 
DIGITAL CAPABILITY EXPERTS  
Biographies   
 
 Dr. Rui Torres de Oliveira – Business Growth, Strategy and Innovation  
Rui is an academic at QUT Business School where he is an expert on innovation, 
strategy and International Business on the Australian Centre for 
Entrepreneurship - a world -leading hub in the field. Before joining QUT, Rui 
worked at the University of Queensl and and prior to that, he was a senior 
executive and worked in the US, China, and Europe. Rui holds a Doctorate of 
Business Administration from Manchester Business School, an MBA and a 
Masters in Civil Engineering. Rui is passionate about helping start -ups and SMEs 
to drive innovation and bring their products or services to the market in the best 
possible conditions.  
 
 Professor Felipe Gonzalez – Faculty of Engineering  
Professor Felipe Gonzalez is within the School of Electrical Engineering and 
Robotics (EER) and a CI in QUT Centre for Robotics (QCR) Engineering Faculty. 
Felipe has a passion for innovation in the fields of aerial robotics and 
automation, and a particular  interest in creating aerial robots, drones or UAVs 
that possess a high level of cognition using efficient on -board computer 
algorithms using advanced optimization and game theory approaches to assist 
us in understanding and improving our physical and natu ral world. A/Prof 
Gonzalez lead the Airborne Sensing Lab at QUT.  He is the co -author of several 
books in UAV based remote sensing and design based on evolutionary 
optimization and game strategies. To date he has been awarded $40.1M in chief 
investigator /  partner investigator grants ($6.5M total cash + in -kind 
contributions). This grant income represents a mixture of sole investigator 
funding, ARC DP, ARC LIEF, ARC Linkages, international, multidisciplinary 
collaborative grants, and funding from industry.  
He is also a Chartered Professional Engineer, Engineers Australia – National 
Professional Engineers Register (NPER), a Member Royal Aeronautical Society 
(RAeS), The IEEE, American Institute of Aeronautics and Astronautics (AIAA) and 
Holder of a current Aus tralian Private Pilot Licence (CASA PPL) and a Remote 
Pilot Licence (RePL from CASA).  
 
 Dr Tim Williams – Industrial Design Lead  
Tim’s career has been divided between design practice and academia giving him 
ideal perspective on the benefits of industry -university collaboration. 
Consequently, he has a strong track record of leading collaborative projects with 
industry partners both l ocally and internationally. His background is Industrial 
Design with expertise in Computer Aided Design, Design for Manufacture, and 
Design for Electronics. Tim is an authority on Product Ecosystem theory and has 
diverse research interests including Design -Led innovation, 3D printing, 
transportation design and boat building.  
  
 
DIGITAL CAPABILITY EXPERTS  
Biographies   
 
 Associate Professor Rafael Gomez – Design Lead  
Associate Professor Rafael Gomez is Study Area Coordinator for Industrial 
Design. He is a design researcher for QUT Design Lab and a prominent 
researcher in the field of emotional experience, wearable tech for 
medical/health applications and emerging technologies. He works closely with 
global industry partners and lea ds the BMW Group + QUT Design Academy 
which focuses on fostering design excellence, exploring new knowledge horizons 
and advancing cutting -edge technologies through internships, research and 
special R+D projects with BMW Group in Germany.  Rafael has been a Council 
Member of the Design Institute of Australia Queensland Chapter, Founder and 
Chair of the Design and Emotion Society Australia Chapter and Committee 
Member for the 2015 IASDR International Design Conference.  
 
 
 Associate Professor Ajay Pandey  – Faculty of Engineering  
Dr Ajay Pandey was awarded a PhD in Physics from the University of Angers 
(France) with thesis titled "" Physics and Models of Plastic Photovoltaic Devices"". 
Currently, he is an Associate Professor at the School of Electrical Engineering 
and Robotics. He he ld prestigious fellowships including QUT -Vice Chancellor’s 
Senior Research Fellowship in Medical Robotics, and Australian Renewable 
Energy Agency (ARENA) Research Fellowship in Next generation Photovoltaic 
Technology.   His research interests have the inter disciplinary mix of Photonics, 
Chemical Physics, Molecular Electronics, Computer Science and Robotics that 
are aimed at  creating new technological solutions to interdisciplinary research 
problems. He leads a number of major research projects, including dev elopment 
and implementation of advanced sensing technology for applications in 
Neuroscience, Intelligent Bionics, Medical Robotics,  Energy up -conversion and 
Robotic Vision.  He is a Program Leader within QUT's Centre for A Waste Free 
World and also serves  as an Editorial Board Member of Scientific Reports - a 
Springer Nature Group journal.  
 
 
 Professor Marek Kowalkiewicz  – Faculty of Business and Law  
Professor Marek Kowalkiewicz is an academic and industry leader with extensive 
experience in conducting research, co -innovating with industry and university 
partners, and delivering innovative products to the market. Currently, as 
founding director of Cent re for the Digital Economy, he leads QUT’s research 
agenda to inform and influence a robust digital economy in Australia. Marek 
manages a contemporary research portfolio and converts industry driven 
opportunities into research outcomes of global relevance.  He is an invited 
government expert, university lecturer and project lead, as well as an inventor 
and author. Marek is recognised as a top-quality  manager and excellent public 
speaker and has an interest in working with stakeholders in developing 
innovative ideas, ground -breaking business applications and high -impact new 
technologies.  
 
 
 
  
 
DIGITAL CAPABILITY EXPERTS  
Biographies   
 
UNIVERSITY OF QUEENSLAND  
 
 Professor Vicki Chen, Executive Dean, Faculty of Engineering, Architecture & 
Information Technology  and ARM Hub Research Advisory Committee Member  
Professor Chen holds a Bachelor of Science in chemical engineering from 
Massachusetts Institute of Technology (MIT) and a PhD from the University of 
Minnesota. She was formerly Head of the School of Chemical Engineering at the 
University of New South Wales  (UNSW), Sydney, where she has strategically and 
successfully led the School's performance in research, teaching, infrastructure 
development, and academic recruitment. With a multitude of national research 
grants, Professor Chen is a highly successful rese archer with over 11,000 
citations and 190 publications to her name. Professor Chen has also held senior 
positions as the Director of UNESCO Centre for Membrane Science and 
Technology and has held other significant roles, leading major multi -
institutional, collaborative projects with Australian and international industrial 
partners such as Australian Low Emission Coal R&D, Bluescope Steel and BASF. 
Professor Chen's collaborations have seen a number of high -profile  outcomes 
including new antifouling coatings, novel processes for water purification and 
brine treatment, CO2  capture technologies, and high -performance  nano -
composite materials. In 2020, she was elected as the Fellow of Australian 
Academy of Technology and Engineering.    
Professor Chen is a Fellow of the Australian Academy of Technology and 
Engineering (ATSE)  
 Professor Ryan Ko , Chair/Director, Cyber security  
Ryan’s  research in cyber security focuses on returning control of data to cloud 
computing users. Recently, he is researching information integrity and cyber 
autonomy in critical infrastructure sectors such as energy, manufacturing, 
regulatory and agriculture sec tors.  He serves on the  Technical Reference Group 
of Meat and Livestock Australia Integrity Systems Company, Technology 
Advisory Board Livestock Improvement Cooperation, Research Lead and co -
founder of First Watch, advisor to Nyriad, and expert advisor to I NTERPOL, 
NZDF, NZ Minister for Communications' Cyber Security Skills Taskforce . 
  
 Professor Matthew Dargusch , Mechanical and Mining Engineering  
Matt hew is a Professor in the School of Mechanical and Mining Engineering. He 
is the Director of the ARC Industry Transformation Research Hub for Advanced 
Manufacturing of Medical Devices,  and he is also the Chief Technology Officer 
for the Defence Materials Technology Centre.  Matthew ’s primary research 
interests are associated with addressing the major technical challenges facing 
Australian metal manufacturers in order to assist them to participate more 
effectively in global supply chains and the development of im proved medical 
devices.  
 
  
 
DIGITAL CAPABILITY EXPERTS  
Biographies   
 
 Dr Michael Heitzmann, Senior Lecturer, Faculty of Engineering, Architecture 
and Information Technology  
Dr. Michael Heitzmann the Co -Director Centre for Advanced Materials 
Processing and Manufacturing with an expertise in advanced composite 
materials & processes and new product development. The centre brings 
together over 50 researchers and 120 PhD students working on the Materials, 
design and manufacturing solutions for our future economies. He was also one 
of the main driving forces behind the formation of the UQ Composites group 
now spanning across all schools within the EAIT faculty. Despite the relativel y 
short time in an academic career, he has been awarded over 5.2M AUD in 
research funding as chief investigator (CI) of which over 1.2M AUD have been 
obtained as the lead CI. Michael is the supervisor of 9 research higher degree 
students (8 PhD, 1MPhil).  
 
 Professor Andrew White, Faculty of Science  
Professor Andrew White's research interests are in the field of quantum 
information, quantum optics, and all aspects of quantum weirdness. More 
details are included on the  Quantum Laboratory  website.   He has conducted 
research on various topics including shrimp eyes, nuclear physics, optical 
vortices, and quantum computers. He likes quantum weirdness for its own sake, 
but his current research aims to explore and exploit the full range of quantum 
behaviou rs—notably entanglement —with an eye to engineering new 
technologies and scientific applications. He is currently Director of the Centre of 
Engineered Quantum Systems, an Australia -wide, 14 -year long, research effort 
by 180 scientists to build quantum machi nes that harness the quantum world 
for practical applications.  
 
UNIVERSITY OF SOUTHERN QUEENSLAND  
 
 Professor Craig Baillie, Director, Centre for Agricultural Engineering & Deputy 
Director  (IAESS)  
Professor Baillie, Director of  USQ’s Centre for Agricultural Engineering , has 
been focusing his research efforts on automation in agriculture, including an 
emerging array of agricultural technologies such as sensors, machine learning 
analytics and robotics that will inform future opportunities to improve on -farm 
productivity a nd profitability.  
 
 
 
 
 
 
 
 
 
 
 
 
 
  
 
DIGITAL CAPABILITY EXPERTS  
Biographies   
 
CENTRAL QUEENSLAND UNIVERSITY  
 
 Professor Pierre Viljoen, Associate Vice -President  (Nth Qld/Chair AFWS)  
Professor Pierre Viljoen has been appointed as the inaugural BHP Mitsubishi Alliance 
(BMA) Chair of Automation and Future Work Skills at CQUniversity.   The high -level role 
will identify research and development opportunities that will be critical in driving the 
development of new innovative training qualifications and courses, in response to 
automation in the workplace and related skills.   While the role will have a specific focus 
on the Mining and Mining Equipment, Technology and Services (METS) sectors, i t will 
also extend to agriculture, health, small to medium enterprise development and 
construction.   As Chair, Prof. Viljoen will work together with industry, community 
leaders and Governments to identify the best way for the region to take advantage of 
the evolving opportunities technology will bring. A key component of which will be 
developing new model s for innovation, skills, and training that will enable regional 
communities to grow their economies.   Prof. Viljoen will leverage his research expertise 
in industrial psychology, as well as his long -standing connections with industry,  
government and community in the Mackay, Bowen Basin and Isaac regions, to drive 
innovation in research and course development in the increasingly critical areas of 
automation and future workplace skills.  
 
 Dr Lasi Piyathilaka, Lecturer, School of Engineering and Technology  
Dr Lasitha Piyathilaka is a Lecturer in Mechatronic Engineering at Central Queensland 
University. He graduated from University of Moratuwa Sri Lanka specialising Electrical 
engineering in 2005 and received his M.Phil degree specialising robotics in 2011 fr om 
the same university. In 2016, he completed his PhD degree specializing in Robotics from 
the University of Technology Sydney, Australia.   Lasitha has a rich blend of industry, 
teaching and research experience. From 2017 to 2020 he worked as a Research Fellow 
at the University of Technology Sydney (UTS), and lead a research team to develop 
inspection robots for condition assessment of water a nd sewer pipelines. This project 
won both the National and NSW Research Innovation Awards presented by the 
Australian Water Association in 2020. From 2015 to 2017, Lasitha worked as a 
mechatronics engineer at Swarm Farm Robotics, a robotics company based i n QLD that 
develops a swarm of lightweight agricultural robots for farm operations. He has over 
10+ years of teaching experience and previously taught in Mechatronics and Robotics 
related courses at the University of Technology Sydney and the Uva Wellassa University 
of Sri Lanka.  
 
  
 
DIGITAL CAPABILITY EXPERTS  
Biographies   
 
 Assoc Professor Preethi Preethichandra, School of Engineering and 
Technology  
Dr Preethi Preethichandra is an Associate Professor at CQ University of 
Australia. His research interests are in Nanotechnology based sensors and 
actuators, Sensor development, sensor networking, Embedded systems 
development, Robotics .  His research interests are in Nanotechnology based 
sensors and actuators, Sensor development, sensor networking, Embedded 
systems development, Robotics.  
 
 
GRIFFITH UNIVERSITY  
 
 Dr Camila Shirota, Advance Qld Research Fellow  
Camila Shirota’s goal is to better understand human motor control to 
support the development and value of clinically relevant technologies for 
rehabilitation such as assistive and therapeutic devices. She is an expert in 
biomechanics and motor control of gait, specifically of balance contro l in 
response to perturbations. She is also interested in methods to quantify 
sensorimotor function. She has worked in research and clinical 
environments, with people with amputations and stroke survivors. She is 
driven to increase the translation of techn ologies into the clinic and home.  
 
 Dr Grace Bitner, Research Fellow, Hopkins Medical Centre  
Grace has over a decade of experience researching in the area of design for 
disability, health, aging and social inclusion. She is passionate about translating 
research into the creation of communities that are healthier, more sustainable, 
and socially inc lusive for people of all ages and abilities. Her work in the area of 
design for disability has given her both a depth and breadth of knowledge of the 
policies, practices, and systems central to the sector. It has also given her a 
comprehensive understandin g of the complex problems faced by diverse 
stakeholder groups including individuals with disability and their support 
networks, service providers, design and development professionals, investors, 
and government agencies. Grace is currently serving as a mem ber of the NDIA 
Specialist Disability Accommodation Reference Group. Her academic experience 
is complemented by many years spent working in private architectural practice 
and for government. In particular, her roles as associate director for a large 
nation al architectural firm, and senior designer for a firm dedicated solely to 
designing within the disability and aged care sectors have given her a keen 
awareness of the importance of bringing together theory and practice to ensure 
that research has positive real-world impacts.  
 
 
 
 
  
 
DIGITAL CAPABILITY EXPERTS  
Biographies   
 
CSIRO  
 
 
 
 
 
 
 Dr David Howard – Research Scientist , ARM Hub  Robotics Lead  
David is a Senior Research Scientist at CSIRO, Australia's national science body.  
He works and leads multiple projects at the intersection of robotics, evolutionary 
machine learning, and the computational design of novel physical objects.  His 
interests i nclude nature -inspired algorithms, learned autonomy, soft robotics, 
the reality gap, and evolution of form.  His work has been featured in local and 
national media, TechXplore, and Wired.  
He received his BSc in Computing from the University of Leeds in 2005 and 
completed a MSc in Cognitive Systems at the same institution in 2006.  In 2011 
he received his PhD from the University of the West of England.  He is a member 
of the IEEE and ACM, and an avid proponent of education, STEM, and outreach 
activities.  
 
 Dr Navinda Kottege, Group Leader, Robotics and Autonomous Systems , Data61  
Navinda is the Group Leader (Acting) and a Principal Research Scientist at CSIRO 
Data61's Robotics and Autonomous Systems Group. He received his PhD in 
Engineering from The Australian National University in 2009. He has led legged 
robot research within CSI RO, an activity he initiated in 2011 which by now has 
built up into a world -leading R&D capability within the group. Navinda is also the 
PI for the CSIRO Data61 team competing in the DARPA SubT Challenge.  
Navinda joined CSIRO in 2009 as a Postdoctoral Fellow with the Sensor Networks 
(later Distributed Sensing Systems) group at the Autonomous Systems Lab and 
conducted research in using acoustics for localisation and ecological monitoring. 
Previously he condu cted robotics research at The Australian National University 
and was a team member of the Serafina project which developed swarming 
technology for autonomous underwater vehicles (AUVs). During this time, he 
designed, developed and experimentally evaluated a novel high precision 
distributed localization sensor to be deployed on small agile underwater vehicles 
to facilitate swarming.    
 
 Dr Simon Dunstall, Principal Research Scientist, Data61  
Simon Dunstall is a member of the Analytics and Decision Sciences (A&DS) 
program in Data61, and presently is deputy research director for A&DS. 
Previously he was research director of the Decision Sciences program in Data61 
(2015 -2019). Simon is a researcher in risk analytics and optimisation, especially in 
topics associated with hazards and extreme events. This h as included 
engagements with the Victorian Powerline Bushfire Safety Program, Cladding 
Safety Victoria, Dept of Home Affairs and Dept. Health, and the majority of the 
electricity distribution companies in Australia. In addition to his role at CSIRO, 
Simon is the current national president of the Australian Society for Operations 
Research (ASOR).  
 
 
 
 
  
 
DIGITAL CAPABILITY EXPERTS  
Biographies   
 
INDUSTRY  
 
 Shay Chalmers, Director, Strategic Engineering Australia  
Shay owns and directs Strategic Engineering Australia, offering consulting 
expertise across a wide range of manufacturing applications, and holds various 
board and committee positions including Chair of the Queensland Reference 
Group for Manufacturing, Non -Executive Director for the Queensland 
Manufacturing Institute (QMI), Commi ttee member for Queensland 
Manufacturing Ministerial Advisory Council, Engineering Course Advisory Board 
for QUT, Sector Expert Advisory Group (Advanced Manufacturing) for RMIT and 
is also a member of the World Economic Forum Expert Network.  
 Chris Brugeaud, CEO SSS Manufacturing & IR4 Pty Ltd  
Chris is the CEO and co -owner of SSS Manufacturing and IR4 Pty Ltd, which was 
acknowledged by the Hon Michaela  Cash at the November 2017 Asia Pacific 
Conference as the leading company in Australia for the application of Artific ially 
Intelligent Industry 4.0 technologies in steel  fabrication.  Chris is trade qualified 
with an honours degree in engineering (manufacturing) from RMIT. Chris has 
spent the last 15 years delivering globally significant automation technology and 
infrastructure to various markets and industries.   Chris has a passion for 
Australian derived collaborations that both challenge and change the global 
market norms.  
 Dr Evan Shellshear, Head of Analytics, Biarri  
Dr Evan Shellshear is the Head of Analytics at Biarri, a world -leading 
mathematical and predictive modelling company, and an expert in artificial 
intelligence with a Ph.D. in Game Theory from the Nobel Prize winning 
University of Bielefeld in Germany. He has many years of international 
experience in the development and design of AI tools for a variety of industries 
having worked with Australia's top companies on all aspects of advanced 
analytical solutions and internationally on advanced robotics applications in 
manufacturing. He is also the author of a number of books including the best -
selling book on Amazon, Innovation Tools.  
 
Rakalene Condon, Head of Product, Everledger  
Rakalene  has a wealth of experience in management, analysis, design, 
development, delivery and post -launch operational assessment and 
modification of new products and solutions. Rakalene is leading efforts across 
our product team to unite customer requirements with technical solutions to 
deliver thoughtful and practical sol utions, creating transformative, intuitive 
solutions that increase transparency and trust through supply chains.  
 
  
 
DIGITAL CAPABILITY EXPERTS  
Biographies   
 
 
 
  
 
Roozbeh Derakhshan, Director, DKE Company  
Roozbeh Derakhshan has worked at the forefront of industry in data science & 
analytics, software development and data management for more than a decade 
as a consultant, developer, and researcher for global IT companies and top -tier 
universities. He is an e xpert in real -time analytics. Over the years he has 
combined technical and scientific knowledge with management and leadership 
skills. Roozbeh has previously worked for Accenture, SAP and IBM and led large 
scale international projects managing technical an d non -technical staff 
delivering software solutions . 
  
ARM Hub  
 
 Amelia Luu – Mechatronics Engineer , ARM Hub  
Amelia Luu is a Mechatronics Engineer driven to assist industry explore and 
adopt new technologies. She has experience working in multi -disciplinary teams 
for both research and industry -led projects across broad industry sectors and 
continues to do so in h er role with ARM Hub. Amelia  enjoys applying robotics 
and other advanced technologies to collaboratively solve real industry 
challenges. Before ARM Hub, she was the technical lead on the ‘robotic linisher’, 
a part of the Design Robotics project, an IMCRC f unded project between QUT, 
RMIT and UAP. The project focussed on developing advanced solutions for 
industry using collaborative robotic arms that reducing the dull, dirty, and 
dangerous tasks in manufacturing processes. Amelia is passionate about 
promoting  STEM, demonstrating how it can create lasting societal change, and is 
interested in outreach opportunities.  
  
 David Hedger – ARM Hub Head of Project Services  
As the Head of Project Services, David’s role is centred around field robotics and 
safety in industrial automation. Before joining the ARM Hub, David worked as a 
Robotics Engineer at Carnegie Mellon University’s National Robotics Engineering 
Center in Pitt sburgh. There, he worked on full -scale robotics prototypes for 
various aerospace, logistics, and government organisations, with a focus on river 
erosion management for the US Army Corps of Engineers. David also assisted in 
the delivery of prototypes of sel f-driving vehicles, safety and interface systems 
for autonomous civil engineering projects, and industrial automation systems.  
Prior to his relocation to the USA, David obtained his Bachelor of Engineering 
(Mechatronics) at Queensland University of Technology and held multiple 
research assistant and STEM ambassador roles, as well as being a significant 
contributor in QUT’s Robotro nica events.  
 
  
 
DIGITAL CAPABILITY EXPERTS  
Biographies   
 
 Dr Elliot Duff – Independent Robotics Research Consultant  
For more than 20 years Elliott has been involved in the area of field robotics and 
in particular the development of sensing systems that allow machines to 
operate autonomously outdoors in hostile and unstructured environments. This 
work has included the automation of large mining excavator s, underground ore 
haulage vehicles and explosive loading machines. For a number of years,  he led 
the robotic perception team with interests in localization and mobile mapping in 
GPS denied areas. More recently, Elliott ha s managed the Autonomous Systems 
Program with interests in field robotics, sensor networks and cognitive systems. 
Today he o versee s a number of emerging markets: including Spatial Intelligence 
and the Industrial Internet.  
 
 
"
CLS01 Preliminary Work Report.docx.pdf,"CLS01 PRELIMINARY  WORK 
REPORT  
Summary  
This document details the preliminary work undertaken by the ARM Hub staff to research and plan 
the towel unfolding project for Consolidated Linen Services under the Essential Goods and Supply 
Chain program.  
 
Contents  
Summary  ................................ ................................ ................................ ................................ ..................  1 
Overview  ................................ ................................ ................................ ................................ ..................  4 
Literature Review  ................................ ................................ ................................ ................................ ..... 5 
Existing Commercial Solutions  ................................ ................................ ................................ .............  5 
Papers  ................................ ................................ ................................ ................................ ..................  5 
Patents  ................................ ................................ ................................ ................................ .................  5 
Experimentation  ................................ ................................ ................................ ................................ ...... 6 
Validation of Computer Vision Approach  ................................ ................................ ............................  6 
Validation of Dual Robot Control Framework  ................................ ................................ .....................  6 
Client Consultation  ................................ ................................ ................................ ................................ .. 7 
Goals  ................................ ................................ ................................ ................................ ....................  7 
Focus on Developing Most Promising Method  ................................ ................................ ...................  7 
Advantages  ................................ ................................ ................................ ................................ ...... 7 
Disadvantages  ................................ ................................ ................................ ................................ .. 7 
Focus on Throughput  ................................ ................................ ................................ ...........................  7 
Advantages  ................................ ................................ ................................ ................................ ...... 8 
Disadvantages  ................................ ................................ ................................ ................................ .. 8 
Focus on Cost  ................................ ................................ ................................ ................................ .......  8 
Advantages  ................................ ................................ ................................ ................................ ...... 8 
Disadvantages  ................................ ................................ ................................ ................................ .. 8 
Planning  ................................ ................................ ................................ ................................ ...................  9 
Site Visit  ................................ ................................ ................................ ................................ ................. 10 
 
  First report  
 
 
Experimentation  
• Goal was to de -risk elements  
• Towel + pendant demo, mandrel making, speed testing  
• Computer vision, corner detection  
• Coordinated robot + gripper control  
 
Client Consultat ion  
• The document previously sent to client  
• Fastest throughput was now the priority  
 
Site Visit  
• Assess the site  and space  
• Assess the towel folder machines  
 
Planning  
• Combined client consultation + site visit knowledge to plan how to do implemented version 
of the experimentation elements  
• Being able to show the “dumb” version of towel manipulation  
• Then increasing in “intelligence” with (in theory) faster manipulation  
• Showcase our implementation  of the “most similar” version of what could be implemented 
at the Hervey Bay site  
 
Summary  
• Outcomes of the robotic prototype  
 
 
Second report (this doesn’t technically require any robot things)  
 
 
• The impacts and potential of what the developed robotic prototype could mean  
• Make this report more in -depth details of the first report  
 
  
Overview  
 
  Literature Review  
Existing Commercial Solutions  
Commercial solutions for automating the towel unfolding task are available from several large 
laundry equipment suppliers. Notably, Jensen  Group have developed two separate systems using 
different principles.  
The Jensen Evolution Cube  () uses linear manipulators to drag towels over a set of mandrels to 
progressively expose the ir corners . The Jensen Evolution Spider ( https://youtu.be/AmK48ep2lUg ) 
initially stretches the towel out with a linear manipulator and uses a computer vision system to 
identify the ends. A pair of cartesian robotic arms then grabs the ends of the towel and holds it over 
a moving conveyor which exposes the hanging corners by d ragging them out. Both systems then use 
a set of conveyor belts to fully stretch out the towel before delivering it to the next machine.  
Feedback from the client indicated that both of these systems have a reputation for unreliability and 
low throughput.  
 
Papers  
• Towel dragging  
• Dual edge classification  
Patents  
 
  Experimentation  
Validation of the thing working at all (mandrel)  
Validation of Computer Vision Approach  
Validation of Dual Robot Control  Framework  
  Client Consultation  
Given the above research, the ARM Hub staff determined that there were several viable paths 
forward and decided to consult with the client about which would be of most utility to their 
business.  The approaches discussed  and the goals they were designed to meet  are listed below . The 
client ultimately decided it would be best for the ARM Hub team to focus on throughput, maximizing 
the technology  level  in the approach, with further  commercialization to occur at a later time.  
Goals  
• As thoroughly developed a product as possible by the end of the project  
• Minimise unit cost  
• Maxmise throughput  
• Minimise error rate  
• Minimise footprint/maximise portability  
• Maximise ease -of-use  
• Maximise range of acceptable towels  
 
Focus on Developing Most Promising Method  
This approach would involve using a single robotic arm that implements the already demonstrated 
unfolding algorithm. This involves finding and grabbing a towel by its corner straight out of the bin, 
then dragging it across a table to unfold the towel. Requ ires the assistance of one or two 
supplementary grippers to aid in stretching out the towel.  
The focus of the project would be on maximising the reliability and improving the packaging of the 
setup, aiming to produce a self -contained, readily -deployable product.  
Advantages  
• Method is relatively proven and likely to result in a deployable product for the client  
• Uses only equipment that we already have  
• Easily replicable  
• Ease -of-use work (e.g. user interface) could be re -used for future process improvements   
Disadvantages  
• Opportunity cost. A better solution might be out there  
• Mediocre speed. May require multiple systems to achieve desired throughput  
• High unit cost floor due to collaborative robot  
• Large footprint. Needs a table  
  
Focus on Throughput  
This approach would use as many arms as necessary to minimise the cycle time of a single 
installation. It would likely involve an arm lifting a towel from any location based on a simple depth 
image algorithm, with a second arm grabbing the lowest corner, t hen the first arm grabbing an 
adjacent corner based on a machine learning algorithm. This leaves the pair of arms with an 
unfolded towel ready for placement.  
The focus of this project would be about finding the highest performing possible combination of 
existing technologies in order to help prove the system to the market, with optimisations and 
reliability increases coming later.  Advantages  
• Would serve as a great demo for clients and investors  
• Relatively known technologies  
• Highest technology option. Produces more research that could be commercialised  
• High throughput for the footprint  
Disadvantages  
• Very high unit cost floor due to multiple collaborative robots  
• Risky due to high technology ambition  
• Less focus on a deployable end product  
  
Focus on Cost  
This approach would immediately start work on a novel design not based on an expensive high -
degree -of-freedom robotic arm. This would involve designing a robotic system with minimal 
degrees -of-freedom, cost -effective actuators, and advanced computer vision  algorithms to replace 
mechanical methods.  
The focus on this project would be to determine the minimum cost for a system that can perform 
the job, de -risking the ROI calculations for the client and potential investors. The project would 
involve much more risk due to the chance of novel systems not performing as expected.  
Advantages  
• Would demonstrate a unit cost floor for mass deployment, assisting with ROI 
calculations  
• May be necessary work in the future regardless of chosen option  
• Custom robot would make for a unique, industrial demo  
• Low unit cost  
Disadvantages  
• Risky due to custom robotics and advanced computer vision  
• Less focus on a deployable end product  
• Probable large footprint  
• Likely slower than other solutions  
  Planning  
Based on the research conducted so far and the feedback from the client, a technical plan  for 
implementing the unfolding system has been developed . The list below shows the broad operations 
that the system must perform, along with systems required  to carry out that operation.  
 
1. Pick up a single towel from the receptacle  
a. Vision system for finding a towel and sending coordinates to robot arm  
b. Robotic arm and controlling software that can grip  and lift  a towel at the 
coordinates given by the vision system  
c. Vision system capable of detecting the pickup of multiple towels and rejecting them  
2. Grab the bottom corner of the hanging towel and lift it higher  
3. Grab an adjacent corner to the one currently grabbed  
4. Spread the towel out and lay it flat on a conveyor  
5. Check the towel is actually flat  
6. Communicate success to the conveyor  
  Site Visit  
ARM Hub intends to visit the CLS site at Hervey Bay in order to gather information about the space 
and environment the unfolding system will be deployed in. Key questions will include:  
• What is the layout of the workspace, and is it reconfigurable if the robotic system  
cannot efficiently operate in  it? 
• How do towels behave physically in their recently dried state? Is it significantly different 
from normal, and do we need to compensate for it in our development work?  
• Is there room or desire for the robotic system to be able to move out of the work area 
to allow for humans to process unsupported items like  bath robes?  
• How many varieties  of items would need to be processed to make the system a valuable 
addition to the workflow ? 
• Is there enough room to allow for many towel flattening systems to operate alongside 
each other to improve throughput?  
• How much space is available for a QA step, where the towels are checked for flatness ? 
 
Site Details  
CLS are planning to install three new automatic folding machines at the Hervey Bay site. These are 
CLM Texfinity Towel models , and provide  an upgrade in folding quality and reliability over their old 
machines.  
 
 
"
CRC-P Kmart Benefits_v2.docx.pdf,"Opportunity to collaborate (Kmart, QUT, ARM Hub, supply chain SMEs) to establish a 
stewardship program with proof -of-concept sort ing facility  
 and remanufacture for defined Kmart product line.  
The project would seek to:  
- Engage Kmart customers and profile Kmart as driving positive change  – through returns program and profiling circular products  
- Aligned to national policy priorities , practically demonstrat e investment in industry -led reform  
- Help sure up and develop Australian SME supply chain for circular manufacture of identified Kmart products  
- Develop technology to reduce manual and increase automated sorting to improve textile recycling possibilities in Australia  
- Inform and demonstrate product standardisation/labelling to underpin further reform efforts  
 
Benefits for Kmart for $300k + p.a. plus in -kind for 3 years  
 
The benefits of partnership with the Plastic Waste CRC are extensive and include:  
• Leverage of Commonwealth matched and partner cash and in -kind funding   
• Invest less cash for more research done : (Better investment return : ca. 1:3 ratio, investing $1 to get $3 worth research done ) 
• Access to around $ 7M of resources over 3 years  
• Use of licence  and shared ownership of IP  • Demonstration of economically viable technologies through pilot projects/plants  
• Support for the adoption of innovative technological and policy approaches  
• Innovative products and materials for sorting, reuse, remanufacture and recycling  
• Credible positioning of Kmart  at the leading edge of a circular economy for fashion and design  – with national and global recognition  
• National and Global Recognition  through  demonstration of environmental and social responsibility  and contributing to net zero emissions  
• Better understanding of community expectations  
• Unrivalled collaboration, networking and partnering across the council, government, fashion and textile industry  
• Opportunities for growth in an emerging and expanding global market.  
 "
Consolidated Linen Project Report.docx.pdf," 
 Consolidated Lin en Project Report  
By ARM Hub Technical Team  
Last updated: 2021 -11-24  
 
Table of Contents  
Consolidated Linin Project Report  ................................ ................................ ................................ ...........  1 
Project Overview  ................................ ................................ ................................ ................................ . 2 
Literature Review  ................................ ................................ ................................ ................................ . 2 
Existing Commercial Solutions  ................................ ................................ ................................ .........  2 
Papers  ................................ ................................ ................................ ................................ ..............  2 
Patents  ................................ ................................ ................................ ................................ .............  2 
Experimentation  ................................ ................................ ................................ ................................ .. 3 
Validation of the thing working at all (mandrel)  ................................ ................................ .............  3 
Validation of Computer Vision Approach  ................................ ................................ ........................  3 
Validation of Dual Robot Control Framework  ................................ ................................ .................  3 
Client Consultation  ................................ ................................ ................................ ..............................  4 
Goals  ................................ ................................ ................................ ................................ ................  4 
Focus on Developing Most Promising Method  ................................ ................................ ...............  4 
Focus on Throughput  ................................ ................................ ................................ .......................  4 
Focus on Cost  ................................ ................................ ................................ ................................ ... 5 
Hervey Bay Site Visit, 2021 -10-6 to 2021 -10-07 ................................ ................................ ..................  6 
Day 1 Record: 2021 -10-06 ................................ ................................ ................................ ...............  7 
Day 2 Record: 2021 -10-07 ................................ ................................ ................................ ...............  8 
Planning  ................................ ................................ ................................ ................................ ...............  9 
 
 
 
   
 Project Overview  
This project aims to he lp alleviate the effects of COVID -19 on the commercial laundry sector, a 
critical element of the tourism supply chain in regional Australia.  Consolidated Linen Service (CLS) is 
a commercial laundry company operating three laundries in Hervey Bay, Gladstone, and Airlie Beach. 
At the onset of the pandemic, their business was heavily impacted by the decline of the tourism 
sector.   
Together with the ARM Hub, they applied for and received a grant under the Essential Goods and 
Supply Chain program  run by the Queensland Government.  This grant allowed the ARM Hub to begin 
work on a system that would help automate some of the processes within a commercial laundry , 
with a view to wide deployment of the system across all of CLS’ locations. This would in turn allow 
CLS to be more flexible in uncertain times , upskill their  staff  from manual labour ers to automation  
operators , and boost total pr oductivity once tourism returned to its peak.  
 
 
Literature Review  
Existing Commercial Solutions  
Commercial solutions for automating the towel unfolding task are available from several large 
laundry equipment suppliers. Notably, Jensen Group have developed two separate systems using 
different principles.  
The Jensen Evolution Cube ( https://youtu.be/MZAiIk2_vuI ) uses linear manipulators to drag towels 
over a set of mandrels to progressively expose their corners. The Jensen Evolution Spider 
(https://youtu.be/AmK48ep2lUg ) initially stretches the towel out with a linear manipulator and uses 
a computer vision system to identify the ends. A pair of cartesian robotic arms then grabs the ends 
of the towel and holds it over a moving conveyor which exposes the hanging corners by  dragging 
them out. Both systems then use a set of conveyor belts to fully stretch out the towel before 
delivering it to the next machine.  
Feedback from the client indicated that both of these systems have a reputation for unreliability and 
low throughput.  
 
Papers  
• Towel dragging  
 
Dual Edge Classification  
A paper titled Dual edge classifier for robust cloth unfolding  (Gabas, Kita, & Yoshida, 2021)  shows a 
method for grabbing  the adjacent corners of a held towel corner using computer vision and deep  
learning techniques.  
The most promising aspect of this papers is that i t outlines the use of a RGB and depth camera to 
collect training data of a towel with green painted edges held by a single robot gripper. The edges  of 
the towel are segmented using the RGB data and this is then used as the ground truth to train a 
classifier that uses only depth information. This means that a large amount of training data can be 
automatically generated with the painted towel, without requiring that any towels are painted in the 
final system  since the depth camera does not consider colours.   
 This method of data collection minimises what is traditionally the most labour -intensive element of 
deep learning methods, which means we can take advantage o f the flexibility and power of deep 
learning models without having to invest as much time in development as other options.  
 
Patents  
 
   
 Experimentation  
Validation of Concepts  
The first experiment was designed to test whether the  towel unfolding task could be completed at 
all using the equipment available at the ARM Hub. This involved first determining a simple method 
of achieving the unfolding itself.  
This method relies on the geometry of a towel held by its corner. The point of the towel furthest 
away from the held corner will always be the diagonally opposite corner unless the towel has not 
been completely stretched out.  If this opposite corner is also grabbed, and both held corners are 
lifted off the ground, then gravity will cause the new lowest points of the towel to be the remaining 
two corners.  One of these corners can be grabbed in exchange for one of the held diagonal corners, 
and the two corners will be adjacent. At this point, the two held corners can be lifted and spread 
apart to flatten the towel.  
To determine whether this was possible with a single robotic arm, an experiment was set up  where  
the force of gravity was replaced with tension generated by a fixed tool with  a specific geometry.  
The towel is first grabbed by its corner by the robot and dragged through the tool horizontally , onto 
a flat table . The tool ensures that the towel stays straight throughout  the dragging process and that 
the opposite corner ends up as the furthest point away from the held corner.   
The robot when then let go of the corner it was holding  and a simulated gripper then grabbed that 
same corner to hold it still . The robot then moved  to grab the opposite corner near the tool.  This 
corner was then lifted into the air  and shaken so the towel stretched between it and the simulated 
gripper, emulating stage 2 in the above process. The robot then lay the towel down on the table in 
this triangular shape  and let go . Finally, the robot would grab one of the remaining ungrabbed 
corners and unfold the  towel from triangular to rectangular.  
 
 
  
Validation of Computer Vision Approach  
To ensure that computer vision was a useful method of detecting towel corners , a prototype  
machine learning system was created, following the example found in a paper published by X. This 
prototype  implemented the same architecture as the paper, but less time was spent tuning and 
collecting data. The end result was a usable corner detecting computer vision system, that had 
somewhat lower accuracy than the paper , but has plenty of room for tuning in the future . 
The machine learning architecture combines  the outputs of  two deep learned neural network 
classifiers operating in two different modes . Both  classifiers  take a depth image of a towel and 
produce a pixel -wise prediction of where the “real” edges of the towel a re in the frame. The “real” 
edges are defined in contrast to the “non -real” edges of the towel in the image , which are the lines 
on the towel caused by folds or creases  rather than the physical edge .  
The type of edge is important when it comes to classifying the type of corners  visible in the image. 
When a towel is hanging from a single corner, the lowest point on the towel in the image will likely 
be the opposite corner, with the two adjacent corners somewhere higher up. The left and rightmost 
extremes of the towel in the image are promising places to look for corners , so these two points are 
then considered by a corner classification algorithm outlined in the paper.  
The types of the edges leading to a particular corner can be  used to determine if the corner is “real”, 
as in, an adjacent corner to the one being held,  a corner folded forward or backwards , or 
unclassifiable.  If the corner is a real one, a command can be sent to a robot arm to grab it , but if the 
corner is folded forward or backward, then the arm holding the towel can be commanded to rotate 
the towel so that the corner is more visible and easier to grab.  
Validation of Dual Robot Control Framework  
   
 Client Consultation  
Given the above research, the ARM Hub staff determined that there were several viable paths 
forward and decided to consult with the client about which would be of most utility to their 
business. The approaches discussed and the goals they were designed to meet are listed below. The 
client ultimately decided it would be best for the ARM Hub team to focus on throughput, maximizing 
the technology level in the approach, with further commercialization to occur at a later time.  
Goals  
• As thoroughly developed a product as possible by the end of the project  
• Minimise unit cost  
• Maxmise throughput  
• Minimise error rate  
• Minimise footprint/maximise portability  
• Maximise ease -of-use  
• Maximise range of acceptable towels  
 
Focus on Developing Most Promising Method  
This approach would involve using a single robotic arm that implements the already demonstrated 
unfolding algorithm. This involves finding and grabbing a towel by its corner straight out of the bin, 
then dragging it across a table to unfold the towel. Requ ires the assistance of one or two 
supplementary grippers to aid in stretching out the towel.  
The focus of the project would be on maximising the reliability and improving the packaging of the 
setup, aiming to produce a self -contained, readily -deployable product.  
Advantages  
• Method is relatively proven and likely to result in a deployable product for the client  
• Uses only equipment that we already have  
• Easily replicable  
• Ease -of-use work (e.g.  user interface) could be re -used for future process improvements   
Disadvantages  
• Opportunity cost. A better solution might be out there  
• Mediocre speed. May require multiple systems to achieve desired throughput  
• High unit cost floor due to collaborative robot  
• Large footprint. Needs a table  
  
Focus on Throughput  
This approach would use as many arms as necessary to minimise the cycle time of a single 
installation. It would likely involve an arm lifting a towel from any location based on a simple depth 
image algorithm, with a second arm grabbing the lowest corner, t hen the first arm grabbing an 
adjacent corner based on a machine learning algorithm. This leaves the pair of arms with an 
unfolded towel ready for placement.  
The focus of this project would be about finding the highest performing possible combination of 
existing technologies in order to help prove the system to the market, with optimisations and 
reliability increases coming later.   
 Advantages  
• Would serve as a great demo for clients and investors  
• Relatively known technologies  
• Highest technology option. Produces more research that could be commercialised  
• High throughput for the footprint  
Disadvantages  
• Very high unit cost floor due to multiple collaborative robots  
• Risky due to high technology ambition  
• Less focus on a deployable end product  
  
Focus on Cost  
This approach would immediately start work on a novel design not based on an expensive high -
degree -of-freedom robotic arm. This would involve designing a robotic system with minimal 
degrees -of-freedom, cost -effective actuators, and advanced computer vision  algorithms to replace 
mechanical methods.  
The focus on this project would be to determine the minimum cost for a system that can perform 
the job, de -risking the ROI calculations for the client and potential investors. The project would 
involve much more risk due to the chance of novel systems not performing as expected.  
Advantages  
• Would demonstrate a unit cost floor for mass deployment, assisting with ROI 
calculations  
• May be necessary work in the future regardless of chosen option  
• Custom robot would make for a unique, industrial demo  
• Low unit cost  
Disadvantages  
• Risky due to custom robotics and advanced computer vision  
• Less focus on a deployable end product  
• Probable large footprint  
• Likely slower than other solutions  
 
   
 Hervey Bay Site Visit, 2021 -10-6 to 2021 -10-07 
Attended Amelia Luu and David Hedger from ARM Hub  
Visited Adam, Tom, and Neville Roberts from CLS  
 
CLS are planning to install three new automatic folding machines at the Hervey Bay site. These are 
CLM Texfinity Towel models and provide an upgrade in folding quality and reliability over their old 
machines.  
 
FIGURE 1: DIMENSIONS OF NEW TOWEL FOLDING MACHINE   
  
FIGURE 2: TOP VIEW OF HOLOLENS SPATIAL SCAN OF TOWEL FOLDING AREA  
 
 
Day 1  Record : 2021 -10-06 
• Departed Brisbane  
• Arrived at CLS location in Hervey Bay and met with Tom Roberts, primary contact for the 
project  
• Took a tour of the laundry facility and discussed CLS’s plans for the operation  
o They are still investigating a computer vision system for intake sorting  
o Looking to install three new folding machines, one of which was set up and available 
to examine  
Towel Folder
Hopper 
 • Explained to Tom the goals of the visit  
o Taking detailed measurements of the work areas and machinery  
o Determining what the process requirements are for fetching towels from the dry 
hopper and feeding them into the folding machines  
o Trying out possible workspace arrangements for collaborative robots that would do 
the unfolding operation  
o Investigating any other variables that might confound testing in Brisbane rather than 
in the laundry environment like humidity, light, and towel “freshness”  
• Performed the experiments  
o Data capture completed:  
▪ Realsense L51 5 Lidar  
▪ Realsense D455 Stereo  
▪ Hololens2 spatial map  
▪ Temperature and humidity measurements  
o Questions analysed  
▪ Towel comparison, dry vs stale vs painted  
▪ New towel folding machine input test  
▪ Rejection routine, method and placements  
▪ Robot placement to work in conjunction with the current machinery  
• Talked to Tom about the laundry industry as a whole  
o Workforce is about 85% casual  
o Demand is highly seasonal and unpredictable, but also very difficult to offshore, so 
there is a hard floor  
o Public health tends to have its own laundries  
o Their workforce was wound down for a couple of months for COVID but otherwise 
no operational changes were made, and the demand has recovered  
▪ Emma would like details from Tom about the numbers pre, post, and during 
that COVID period  
o CLS are aiming to work together with other laundry groups in Tasmania and around 
Sydney  
 Day 2  Record : 2021 -10-07 
• Returned for Hololens2 spatial map capture  
• Took another scan using L515 lidar sensor  
o Stereo cameras were thrown off by repeated hole patterns on the equipment  
• Talked to Neville Roberts, Tom’s father and owner of CLS  
o Demonstrated the Hololens2 to him and he seemed very impressed  
• Departed for Brisbane  
 
   
 Planning  
Based on the research conducted so far and the feedback from the client, a technical plan for 
implementing the unfolding system has been developed. The list below shows the broad operations 
that the system must perform, along with systems required to carry out that ope ration.  
 
Possible routine  
1. Pick up a single towel from the receptacle  
a. Vision system for finding a towel and sending coordinates to robot arm  
b. Robotic arm and controlling software that can grip and lift a towel at the 
coordinates given by the vision system  
c. Vision system capable of detecting the pickup of multiple towels and rejecting them  
2. Grab the bottom corner of the hanging towel and lift it higher  
3. Grab an adjacent corner to the one currently grabbed  
4. Spread the towel out and lay it flat on a conveyor  
5. Check the towel is actually flat  
6. Communicate success to the conveyor  
 
 
FIGURE 3: PROJECT PATHWAYS  
 
"
Current Technology.docx.pdf,"Literature Review of Current Technology  
Suscom and Kawasaki  
Suscom industries is the UKs leading manufacturers of components for office equipment and 
furniture. As apart of their onshoring program Suscom has expanded their fleet of Kawasaki robots 
to improve their manufacturing capability and productivity.  
Notes:  
- 3 Kawasaki Robots  work in both the moulding and post moulding process .  
o One of the robot ’s processes is to remove completed seat bases from the moulding 
machine and position them to adjacent workstations with the aid of vacuum 
grippers.  
o 5 arm shaped chair bases are also removed from the moulding machine, where a 
laser cutter profiles the section of the bas e. The RS -20N robot ensures the perfect 
cut is made through its laser cutting attachment.  
o The robots also upholster fabric  to chairs and install the castor wheels to the 5 arm 
shaped bases.  
o RS-50 attaching the wheels has 2 attachments, one for the wheel attachment and 
one for collecting the 5-star from the injection mould  moving  it around.   
- Video of the process: https://www.youtube.com/watch?v=jJsoOh9QGgI  
Process : 
- Placing the chair base onto a cooling conveyor the same Kawasaki robot then picks up a slip 
ring, delivered by bowl feeder, which it assembles into the centre of the moulding.  
- Each Romi press has its own robot and conveyor delivering mouldings to a single Kawasaki 
RS-50N robot.  
- This third robot unloads chair bases from the cooling conveyors and places them firstly into 
a turnover jig and then into a castor assembly cell.  
- Castors can be one of two sizes,  so the program  ensures the robot is instructed to pick from 
the correct bowl feeder. After moving to a check point that confirms the correct size has 
been picked the robot then presses the castor into one of the five location points.  
- On completion of castor assembly,  the robot picks up the assembled base and places it onto 
another conveyor where it is finally unloaded manually. Joel Rockwood, Suscom Industries 
Production Manager believes that developing a new chair base, designed for automation, 
has given Suscom a far  better product than the currently available generic designs.  
“Unlike generic imports, mouldings that come straight from our new tooling require no further 
coatings or fillers, there are no surface imperfections, and they are overall a much stronger product. 
“The cell is consistent  and reliable in its output of 1,000 chair bases per 12-hour  shift, which we 
manage with just two operators. The robot system has surpassed what is expected of it both in 
speed and in maintaining a very clean and orderly environment.”  "
DRAFT Microwave Tree Zapper Options Review.pdf,"  P a g e  | 1 
 
 [Commercial -In-Confidence ]  
Document Controlled - Written ARM Hub  approval required for sharing  
 
 
ARM Hub  
 
 
 
Urban Utilities  
 
   
Review  
 
 
 
19/03/2024 
 
 
 
Prepared by:  Dr Troy Cordie / Alex Young  
Prepared for:  Urban Utilities  
 
 
 
 
  Advanced Robotics For Manufacturing Hub Ltd  
53 Holland St, Northgate QLD 4013  
ABN 75 637 952 517    P a g e  | 2 
 
 [Commercial -In-Confidence ]  
Document Controlled - Written ARM Hub  approval required for sharing  
Amendment History  
Version  Date  Remarks  
1.0 19/03 /202 4 DRAFT  
   
   
   
 
Acronyms and Abbreviations  
Acronym  Description  
ARM  Advanced Robotics for Manufacturing Hub  
SoW  Statement of Work  
 
Author, Reviewers and A pprovers  
Role  Title  Name  
Author      
Reviewer    
Reviewer    
Reviewer    
Reviewer    
Approver    
 
    P a g e  | 3 
 
 [Commercial -In-Confidence ]  
Document Controlled - Written ARM Hub  approval required for sharing  
 
Table of Contents  
 
1 Executive Summary  ................................ ................................ ................................ .........................  4 
2 Urban Utilities  ................................ ................................ ................................ ................................ . 5 
2.1 Root Suppression Context  ................................ ................................ ................................ ..... 5 
2.2 Design Considerations  ................................ ................................ ................................ ...........  5 
3 ARM Hub Company  ................................ ................................ ................................ .........................  6 
3.1 About ARM Hub  ................................ ................................ ................................ .....................  6 
3.2 Capabilities  ................................ ................................ ................................ ............................  6 
4 Hardware  ................................ ................................ ................................ ................................ ........  7 
4.1 Microwave Magnetron  ................................ ................................ ................................ ..........  7 
4.2 Stepper Motors and Drivers  ................................ ................................ ................................ .. 7 
4.3 Fly Sky 6 Channel Remote Control ................................ ................................ .........................  8 
4.4 Jetson Nano Module  ................................ ................................ ................................ ..............  9 
5 Recommendations  ................................ ................................ ................................ ........................  10 
5.1 Sewer tractor analog recommendations  ................................ ................................ .............  10 
5.2 Sewer tractor analog recommendations discussion  ................................ ...........................  12 
 
 
 
 
 
 
 
 
    P a g e  | 4 
 
 [Commercial -In-Confidence ]  
Document Controlled - Written ARM Hub  approval required for sharing  
1 Executive Summary  
This report presents the recommendations  for the microwave tree root zapper designs  to develop a 
novel solution for the issue of tree root growth suppression in sewer lines. This issue is a primary 
contributor to sewer pipe blockages and asset damage  and is currently costing  Urban Utilities 
$364k/year on preventative tree root cleaning, and an estimated $1.3m/year on responsive blockages 
due to tree roots. The goal of this review is to  outline possible options for prototype development of 
the microwave tree root zapper  each with different price points and advantages.  
 
This report  outlines the following:  
1. Urban Utilities  context of operation  
a. Tree root suppression  
b. Required design considerations  
2. ARM Hub Capabilities  
3. Overview of the the proposed hardware for microwave tree zapper  
4. Reco mmendations and costings for the sewer tractor analog  
 
The following are the five sewer tractor analog r ecommendations  which are costed below. 
Recommendations 1 and 2 will fit within both the proposed 300mm and 1m pipe. Whereas, 
recommmednations 3, and 4  will fit within only the 1m pipe.  
 
• Recommendation 1 – Waveshare 6x4 UGV Chassis  
• Recommendation 2 – TurtleBot3 Burger  
• Recommendation 3 – Lynxmotion A4WD3  Wheeled Rover RC  
• Recommendation 4 – Lynxmotion A4WD 1  Wheeled Rover RC  
 
 
Recommendation  Fit within 300mm pipe  Fit within 1m pipe  Cost  (AUD$)  
1. Waveshare  Yes Yes 1650.81  
2. TurtleBot3  Yes Yes 3064.81  
3. Lynxmotion A4WD3  No Yes 3129.51  
4. Lynxmotion A4WD1  No Yes 2407.28  
 
 
 
 
 
    P a g e  | 5 
 
 [Commercial -In-Confidence ]  
Document Controlled - Written ARM Hub  approval required for sharing  
2 Urban Utilities  
Urban Utilities is one of the largest distributor -retailers in Australia  and have been operating 
since 2010 . They deliever  water services (including drinking water, recycled water and 
sewerage services) to more than 1.6 million customers across  Southeast Queensland. Urban 
Utilities manages a network of over 19,000 kilometres of water and sewer pipe s across local 
government areas of five councils including Brisbane, Ipswich, Lockyer Valley, Scenic Rim and 
Somerset . 
Urban utilities also operates the Scientific Analytical Services Laboratory . Therefore p rovid ing 
water sampling services and chemical and microbiological analysis to a range of industries.  
2.1 Root Suppression  Context   
Tree root invasion is a primary contributor to sewer pipe blockages and asset damage, which costs   
Urban Utilities $364k/year on preventative tree root cleaning, and an estimated $1.3m/year on 
responsive blockages due to tree roots .  
Urban Utilities currently use a range of technologies to remove tree roots obstructing sewer pipes. 
However, the existing technologies, do not suppress the regrowth of tree roots. The process of jet 
rodding impacts customers each visit and causes the tree root to grow back quicker after each clean.  
Urban Utilities has existing patents for the use of microwaves for the suppression of tree root 
regrowth.  The testing shows 100% effectiveness on all tree roots  and can be treated in one to six 
minutes per root. The timber plugs are estimated to have  a life of one to five years .  
2.2 Design Considerations  
The test pipe  of either 30 0mm or 1m  will be used to demonstrate the feasibility and potential for the 
system to be developed futher to be intrinsically safe  with a company  specialised in sewer 
technolog ies.  However in practice the pipe would most often be between 150mm to 225mm.  The 
system would need to be scaled down in further iterations to be compatible with required sewer pipes.  
The functionality requirements  of the test system  are as follows ; 
• Fit within the test pipe provided (300mm or 1m ) 
• Support and mount  microwave and other components  
• Move  the microwave unit with 2 degrees of freedom (pan and tilt)  
• Be capable of driving  in the pipe  with all components attached  
• Equipped with a vision system   
• Driveable externally to be controlled during the demonstration  
In order to meet these requirements, t he microwave  and sewer tractor unit  will includes ; 
• Magentron unit  
• Stepper motors  
• 3D printed g imbal for pan and tilt of microwave  
• Remote controlled vehicle  
• Webcam  
• Remote for  microwave  gimbal    P a g e  | 6 
 
 [Commercial -In-Confidence ]  
Document Controlled - Written ARM Hub  approval required for sharing  
3 ARM Hub Company   
3.1 About ARM Hub   
Advanced Robotics for Manufacturing (ARM) is an independent not -for-profit with a mission to 
accelerate the industry ’s uptake of advanced manufacturing technologies. We provide the skills and 
resources needed to scale  up and integrate the latest advancements in manufacturing technologies.  
The ARM Hub draws together the best scientists, technical specialists, designers and engineers 
working side by side to investigate, identify and develop commercial AI and robotics solutions – 
transforming high -potential ideas into new products and services and accelerating adoption to 
generate economic growth.  
Headquartered in Brisbane, the ARM Hub provides access to the most tightly woven network of 
research institutions and best -in-their -field ex perts, a highly skilled workforce, facilities and smart 
commercial enterprises in the region. Through our unique business model, the ARM Hub is perfectly 
positioned to apply the latest cost-cutting technology to manufacturing across diverse supply chains.  
3.2 Capabilities  
The ARM Hub delivers across industry sectors such as health and medical technologies, defence, 
resources, METS, agriculture, space, renewables and recycling and Australia ’s growing robotics 
industry. Our efforts help busines ses to access and develop technology applications through 
advancing technology readiness levels (TRLs). We balance our efforts between one -off projects, 
program partnerships and investigative studies, taking into consideration the challenges of the 
industry, the latest in research and ro ad-mapping pathways to execution.   
    P a g e  | 7 
 
 [Commercial -In-Confidence ]  
Document Controlled - Written ARM Hub  approval required for sharing  
4 Hardware  
4.1 Microwave Magnetron  
The microwave magnetron to be used  is shown in Figure 1 will be used to generate the microwares 
for radiating the cut tree roots. It is rated at 900W  and weighs 0.9kg  with mounting  points either 
side of the microwave antenna which will be used to attach the magnetron to the microwave 
gimbal. The microwave is to be directed at the tree roots in the pipe through the positioning of the 
gimbal.  Due to the size of the sewer pipes (150mm to 225mm) and the dimensions of the magnetron 
(80 x 110 x 133mm), large movements of the microwave unit will not be possible or necessary as 
two degrees of freedom, pan and tilit, will be sufficient to be in approp riate vicinity of an tree roots 
in the pipes.   
 
Figure 1. Magnetron (microwave unit)  
 
4.2 Stepper Motors  and Drivers  
The gimbal system will use stepper motors for the movement in both the pan and tilt directions  due 
to the  weight of the microwave unit . Stepper motors were chosen as for their reliability , stability,  
and high torque  at lower speeds  which will be necessary to effectively position the large weight of 
the microwave unit.   
The stepper motor s driving the gimbals movements are the  103H5210 -5240  Sanyo Denki series 
bipolar (two phase) single shaft stepper motors . They require four  electrical c onnections  to the 
motor driver  at 24V  with up to 1A of current  for each phase . Each motor is rated to provide 0.51Nm  
of torque  and weighs approximately 0.37k g.  
  P a g e  | 8 
 
 [Commercial -In-Confidence ]  
Document Controlled - Written ARM Hub  approval required for sharing  
 
Figure 2. Sanyo Denki 103H5210 -5240 Stepper motor  
 
The each stepper motor connects to a TB6600 Stepper Motor Driver module. The motor driver board 
has an output current of 0.5V – 4.0A  and is capable of driving a bipolar stepper motor at the 
required 24V . The TB660 motor driver weighs approximately 0.2k g and is equipped with a heatsink 
and mounting brackets to secure easily in place.  
 
Figure 3. TB6600 Stepper Motor Driver  
 
4.3 Fly Sky 6 Chan nel Remote Control  
In order to  demonstrate and  man euver the tree root zapper and the sewer tractor analog , a remote 
control will be required.  The 6 channel remote control allow s for control of 6 motors. The tree root 
zapper  will require two motors to maneuver  microwave unit and two for the sewer tractor analog  
depending on which recommendation is chosen. The Fly Sky remo te control will be sufficient  for the 
project.   
The remote control runs on a frequency of 2.4GHz and is battery operated with two AA batteries . 
The unit includes both a transmitter and receiver which have a range of approximately 500 to 
1000m . The receiver  will be connected to the jetson nano module and will receive the signals from 
the transmitter remote and return them as PWM for the jetson nano to process and control the 
movement of the motors in the tree root zapper.   
  P a g e  | 9 
 
 [Commercial -In-Confidence ]  
Document Controlled - Written ARM Hub  approval required for sharing  
 
Figure 4. 6 Channel Remote Control  
 
4.4 Jetson Nano Module  
The jetson nano module is central to the system, running the vision system, movement of the 
microwave unit . The jetson nano module is a small computer which is powerful , reasonably  low cost  
and capable of connecting to the internet . It is powered by a 5V connection and will provide power 
to the webcam.   
 
Figure 5. Jetson Nano Module  
 
 
 
  
  P a g e  | 10 
 
 [Commercial -In-Confidence ]  
Document Controlled - Written ARM Hub  approval required for sharing  
5 Recommendations  
Four  options for sewer tractor analog  have been presented below.  The cost and key design 
considerations are presented alongside. The images are of the options as purchased prior to any 
modifications.   
5.1 Sewer tractor analog  recommendations  
Recommendation 1  – Waveshare  6x4 Robot Chassis  
 
Considerations  Drive functionality is inbuilt  (controlled over WiFi ) 
Dimensions (252×230×94mm ) will fit within 30mm pipe  
Unspecified load capacity  
Cost  $ 1650.81  
Recommendation 2 – TurtleBot3 Burger  
 
 
Considerations  As this does not come preprogrammed with control functionality, additional 
time will be required to program drive functions.  
15kg payload capacity  
Dimensions (281x178 x141mm ) will fit within 30mm pipe  when reconfigured  
Easily accessed /numerous mounting holes  
Cost  $ 3064.81  
  P a g e  | 11 
 
 [Commercial -In-Confidence ]  
Document Controlled - Written ARM Hub  approval required for sharing  
Recommendation 3 – Lynxmotion A4WD3  RC Rover  
 
 
 
Considerations  Drive functionality is inbuilt  (remote controlled)  
18kg payload capacity  
Dimensions (377x437x158mm) will not fit within 30mm pipe, will fit within 1m 
pipe  
Cost  $3129.51  
Recommendation 4 – Lynxmotion A4WD 1 RC Rover  
 
 
 
Considerations  Drive functionality is inbuilt  (remote controlled)  
Dimensions (305x 343x121mm ) will not fit within 30mm pipe, will fit within 1m 
pipe  
2.27kg payload capacity  
Cost  $2407.28  
 
  P a g e  | 12 
 
 [Commercial -In-Confidence ]  
Document Controlled - Written ARM Hub  approval required for sharing  
5.2 Sewer tractor analog recommendations discussion  
Recommendation 1 and Recommendation  2 are compatible with the 30mm pipe which would allow 
for a closer demonstration of feasibility than Recommendation 3Recommendation 4 which would 
be too large to fit in the 30mm pipe but would be suitable in the 1m pipe.  
The TurtleBot 3 burger and the Lynxmotion A4WD3 RC rover  have the highest payload capacity with 
15kg and 18kg respectively , which is reflected in their higher cost of the system . Whereas , the 
Lynxmotion A4WD1 RC rover  have a payload capacity of 2.27kg which may constrain the design 
choices of the  microwave movement system.  Furthermore, the Waveshare 6x4 robot chassis  does 
not i nclude a payload capacity in the product specifications but will be ca pable of a similar payload 
capacity as the Lynxmotion A4WD1 RC rover based on preliminary calculations.  
Three of the five systems ; Waveshare 6x4 robot chassis, Lynxmotion A4WD1 and A4WD3,  come  
with a preinstalled drive system . The TurtleBot3 burger will require a drive system to be 
programmed by ARMHub before  it is driveable  which is reflected in the cost of the systems  and may 
require more time to be completed.   
Robot platform 
options  Fit within 300mm pipe  Fit within 1m pipe  Project Costs  (exc. GST)  
1. Waveshare  Yes Yes $ 27,900.00  
2. TurtleBot3  Yes Yes $ 32,900.00  
3. Lynxmotion A4WD3  No Yes $ 30,000 .00 
4. Lynxmotion A4WD1  No Yes $ 29,000.00  
 "
Delphi Potential Projects.pdf,"1 
 
  
  
Delphi Measurement Potential Projects  
This document summarises potential project  ideas  for Delphi Measurement, 
categorised into two funding types:  
1. Commercial (non -research) projects  
2. Research projects  
 
Submitted To Mike Leonard  Client  Delphi Measurement  
Phone  0421 287 887  Email  mike@delphimeasurement.com  
    
Submitted By  Samuel Jesuadian  Company  ARM Hub Ltd  
Phone  0457 020 298  Email  samuel.jesuadian@armhub.com.au  
 
 
About & Purpose  
 
Delphi Measurement design and manufacture load measuring sensors such as load pins, tension 
cells, and compression cells. They regularly customise and adapt their products for new 
equipment builds or as replacements all to fit within their customer’s diverse equipment. As a result, Delphi products can vary significantly in size and weight, especially for load pins. Being a 
customer -specific item, adopting off- the-shelf automation solutions in their load pin 
manufacturing processes is challenging. Due to the  principle of strain measurement, the material 
properties of their product must be well understood and is why all Delphi load pins are made from 
certified, homogenous, high grade 17 -4 stainless steel.  
 
This document is a brief overview of potential projec ts ideas that came from earlier discussions 
and the Delphi site visit. Pending review, detailed quotes will be obtained, and potential 
integrators contacted.  
  
Capability  
 
The ARM Hub is an independent not -for-profit company with a mission to accelerate the adoption 
of advanced manufacturing in Australia. We are supported through public and private investment.  
 The Hub builds expert teams across technical, design and business fields to solve industry’s 
industrial transformation challenges. Our experts are selected for their expertise and experience 
in key fields and are drawn from a range of leading scientific and research organisations as well as 
smart technology companies. The experts provide independent advice and services within a 
transparen t contracting process.  
   
2 
 
  
 
Participating Research Institutions  
 
 
 Queensland University of Technology  (QUT) is one of 
Australia’s leading technology universities recognised for 
meeting the challenges faced by the real world, both globally 
and closer to home. It is ranked as Australia’s top robotics 
university.  
 
 
 Commonwealth Scientific Innovation Research Organisation 
(CSIRO ) is Australia’s national science agency  and has been 
solving the nation’s greatest challenges with solutions from science for over 100 years. With  strengths in  data science and 
robotics they are trusted advisors to  government and 
business.   
  
 
Commercial (non -research) Projects  
 
Grant names:  
• Manufacturing Modernisation Fund  (MMF)  - https://business.gov.au/Grants- and-
Programs/Manufacturing -Modernisation -Fund   
• Advanced Manufacturing Growth Centre  (AMGC)  - https://www.amgc.org.au/projects/   
Note: The MMF guidelines place a strong emphasis on Australian job creation. Applications 
close on 21 January 2021.  
 
We have identified three potential non -research projects that could be combined into a single 
grant proposal for the MMF, which requires a total project value of at least $400,000. If the 
proposal does not meet the MMF requirements, it could be submitted to the AMGC grant 
program, which uses a more bespoke grant process.  
 
1. Load Pin Strain Gauge Installation  
Installing strain gauges in load pins requires two sub -processes: load pin registration and holding, 
and strain gauge insertion. The load pin needs to be fixtured in a manner that allows for both the 
consistent and concentric insertion of gauges, and the d etection and correction of the load pin’s 
orientation for correct gauge placement.  
 
The proposed solution would utilise a stationary chuck to hold the load pin from the bottom end, 
ensuring the engraved head cap was still exposed. On the other end, there would a vision system 
for registering the pin’s orientation. This system would look for the arrow engraved on the cap to 
determine its orientation. After this, either the chuck holding the pin, or the strain gauge insertion 
mechanism would rotate accordingly to ensure the gauges are placed at the correct positions.  
3 
 
  
Figure 1: View of the engraved side of the load pin.  
Further detail about the strain gauge mechanism process has been previously discussed.  
This project could be extended to include a machine tending robot that does the loading and 
unloading of the pin before and after strain gauge insertion to fully automate this process.  
 
2. Bar or Gantry Loading and Unloading for CNC Lathes  
This proposal involves the integration and adaption of off the shelf automation equipment to 
increase automation capacity in the machining areas. These would help free up current staff and 
resources to focus on other priorities.  
 
Each system has trade -offs; a bar loader or gantry machine tender would feed stock into the 
lathes, allowing large, automated batch runs but would have limited part handling options. A gantry system has more ha ndling options but requires the stock to be cut to length ahead of time.  
We would involve a local robotic integrator who would do the adaption and servicing of either of 
these machines. Pending further discussions, we would engage with them for further quo ting.  
 
3. Robotic Sandblasting, or Magnetic Deburring  
Currently, all Delphi load pins are sandblasted manually by a machinist after heat treating. This is 
completed to improve the aesthetics of their product. This is the step that is usually skipped under 
time-pressure in larger production runs.   
 The operator currently sandblasts the entirety of the load pin for ease. However, only the pin 
waists and end flanges are required to be finished since the remainder of the pin is later post -
machined.  
 
This finishing operation is a bottleneck for Delphi as it requires time from the expert machinist. 
The priority, implied by previous discussions, in automating this process is to reduce labour time.  
One possible solution would be a robotic arm that utilis ed a similar workpiece holder to the one 
described in the strain gauge installation section. A method to load and unload the pin into the 
holder would need further investigation, but it is likely the throughput would not change. We 
would also involve an in tegrator for this process.  
 
4 
 
 Alternatively, a magnetic deburring machine could be utilised to achieve similar aesthetic results. 
This process can deburr, polish, clean and remove oxidised layers from various materials. This 
would require the loading of the  parts to be finished into a bucket which then gets placed into the 
machine. For reference, an example 12kg capacity machine is below.  Depending on the machine’s 
capacity, it has a cycle time of 5 -20 minutes which would mean an improved throughput. There 
would be work involved to optimise the loading and unloading process, but the deburring is a stand -alone operation and would not require an integrator.  
 
 
Figure 2: Example 12kg capacity magnetic deburring machine.  
 
 
 
  
5 
 
 Research Projects  
 
Grant names:  
• Innovation Connections -  https://www.business.gov.au/grants -and-programs/innovation -
connections   
• Innovative Manufacturing CRC Activate  (IMCRC)  - https://www.imcrc.org/activate/   
The two key grants focussed on  here are Innovation Connections and IMCRC Activate grants.  
 
1. Innovation Connections  
This is a two -step process that “assists businesses to understand their research needs, connect 
with the research sector and fund collaborative research projects.” This ent ire grant comes at no 
cost to a business. Assuming eligibility (criteria here ), the first step of the grant provides a 
facilitation service and a highly skilled person who will work with the business to uncover strategic 
research needs and opportunities, resulting in a Service Report. The second phase allows the business to undertake a research project that addresses recommendations made in  the Service 
Report. Through a collaboration with a Publicly Funded Research Organisation (PFRO), the 
business can decide on either a researcher placement (which brings a PFRO researcher into the 
business), business researcher placement (which places a res earcher from the business into a 
PFRO), or a graduate placement (which brings a non -PFRO affiliated graduate or post -graduate 
into the business).  
 
ARM Hub can assist with the application process and have had success with previous applications. 
An Innovation Connections grant is a stepping- stone for a company to learn and engage in 
research and typically leads to much larger research grants in the fut ure.  
 
2. Metal 3D Printing of Load Pins  
Traditional manufacturing processes typically do not allow for customisation of products to 
happen easily. Utilising digital fabrication methods such as 3D printing gives users access to tools 
and processes that make it much easier to prototype and manufacture bespoke products. 3D 
printing would be able to take advantage of the strong 3D modelling skillset Delphi already 
exhibits and promotes flexibility in design at no extra cost.  
 There is potential for expanding De lphi’s product range with this manufacturing capability and 
presents a strong research case to see whether 3D printing in metal would be viable for load pins.  
Markforged and Aurora Labs are two examples of suppliers of metal 3D printers with local 
operati ons. Each provides a specification for their printable materials but a key factor to consider 
is the actual printing process. Markforged uses a multi -step process: print, solvent bath, then 
sinter, and this is likely to induce some inconsistency between pr ints. Whereas Aurora Labs’ 
process may produce stronger and more homogenous parts by using direct metal laser melting 
that deposits and melts a thin layer of powder simultaneously.  
 
There are lots of possibilities here and the concept could be a project that is further investigated 
through an Innovation Connections gra nt. 
 "
Dileep Shiva - Lead Engineer.docx.pdf,"versent.com.au  
stax.io  
VERSENT  VERSENT  Consultant  Bio  
 
 
 
 
 
 
 
 
 
 
 
 
 
 
 
 
 
 
 
 
 
 
 
 
 
 
  
 
Dileep  Shiva  
Lead  Engineer  
 
Dileep  is a highly  skilled  technologist  who can 
rapidly  grasp  complex  business  problems,  
provide  practical  architectures,  and then 
engineer  the solutions  at pace  and with 
quality.   
 
He is a product -minded,  pragmatic  engineer  
with about  18 years’  experience  providing  
businesses  solutions  in financial  services,  
energy,  property,  media,  retail,  insurance,  and 
telecommunications  industries.   
 
He combines  his broad  global  experience  
(Australia,  USA & India)  with focused  delivery  
of B2B/B2C  products  and platforms  that are 
globally  distributed,  regionally  contained,  
scalable,  robust,  and responsive  on either  
private  or cloud  infrastructure.   
 
 
PREVIOUS  EXPERIENCE  
Lead  Engineer  
Enosi  
 
Tech  Lead  
TheOneSpot  
 
Senior  Engineer  
Society  One (Westpac)  
 
 
 PROJECTS  
 
PowerTracer  – Enosi  – Clean  Energy  
 
Dileep  developed  a scalable  architecture,  design,  and services  for 
PowerTracer , a platform  that collects  smart  metering  data from  generators  
and energy  consumer  sites to facilitate  clean  energy  auditing.  UI in 
Typescript  & React;  Backend,  containerised/serverless  in Golang;  UI 
interacted  with backend  via GraphQL;  multiple  AWS  services  including  
Fargate/Lambda,  API Gateway,  Cognito,  DynamoDB,  Kinesis,  SQS, SNS, Step 
Functions,  S3; Terraform  for infrastructure;  External  systems  integrated  
through  Kinesis,  SQS, S3. All the services  on the platform  followed  
hexagonal  architecture,  SOLID  and other  best practices .  
 
The One Spot – BCGDV/ANZ  Innovation  Labs – Property  Tech  
 
Dileep  developed  microservices  based  backend  architecture  using  Golang,  
gRPC,  Protobuf,  Docker,  Kubernetes,  API Gateway . He develope d consumer  
facing  applications  in React  and React  Native.  He architected  and built an 
event  driven  customer  engagement  system  using  AWS  Kinesis,  Lambda,  S3, 
SNS, SQS, Golang,  segment.io,  customer.io . He also architected,  designed  
and developed  the mobile  backend  for a React  Native  app using  AWS  
Appsync  (GraphQL),  Lambda,  DynamoDB,  Serverless,  NodeJS,  Domain  APIs,  
etc.  
 
Neobank  App – Society  One (with  Westpac)  – Banking  
 
Dileep  developed  features  of a Neobank  mobile  application  built using  
React  Native,  TypeScript,  Firebase  and 10X platform.  He developed  essential  
backend  features  using  Golang  & AWS  Services  including  Lambda,  API 
Gateway,  Cognito,  DynamoDB,  SQS, SNS, S3. 
 
SKILLS  / AREAS  OF EXPERTISE  
• Software  Engineering : Clean  Architecture,  DDD,  Architecture  & 
Design  Patterns,  Principles  (SOLID,  YAGNI,  DRY, Separation  Of 
Concerns ). 
• Languages : Golang,  Typescript,  GrapghQL,  JavaScript,  Dart,  
Java. 
• UI (Web  & Apps) : React,  React  Native,  Flutter.  
• Containers : Docker,  Kubernetes,  GKE, ECS, Fargate  
• Cloud : AWS,  GCP,  Azure  
• DevOps : IaaC (Terraform,  CloudFormation,  Serverless) , CI/CD  
(Gitlab  CI, Github  Actions,  BuildKite).    
 "
EM Solutions Engagement Proposal (1) (1).pdf,"Augmented reality (AR) for quality
control.  Including training,  assembly
configuration, and identification of
missing/incorrectly aligned parts. 
Implementation of Digital twins for
optimisation of production and
forecasting. Coupled with data science
and AI to identify production
bottlenecks and faulty components. 
Exploration of a robotic/automated
cable assembly. Leveraging PhD or
honours student research projects.OPPORTUNITIES
ARM Hub is pleased to engage
EM solutions through our
Membership program to offer
our technology accelerator and
advanced manufacturing scale-
up program.MEMBERSHIP
Co-design workshop to prioritise technology
challenges
Accelerate prioritised technologies with their
TRLs / SRLs
Expert support to progress Minimum Viable
Capability (MVC)
Offsite or Onsite project delivery
Project management / CTO capability
The rapid acceleration of manufacturing
12 to 18 months time program with gap
analysis, customised scale-up plan and
supply chain connections. 
New facility layout suggestion for advanced
manufacturing; equipment commissioning
pre-RFQ support and activities to leverage
investment towards the capital acquisition
or innovation projectsSUPPORT
Technology Accelerator 
Scale-up Manufacturing
Strengthening Industry Through Collaboration
Our goal is to facilitate collaboration between Industry, Government and
Research Institutions to strengthen collaboration and secure strategic global
competitive advantages. Membership
TierOption 1  
$25K / PAOption 2  
$50K / PAOption 3  
$100K / PA
Project supportTechnology
Assessment (eg.
cable making
robots)
Technology
Roadmap - Co-
design workshop
and comprehensive
report$25K benefits
Plus 
Develop and
demonstrate
cable making
robot capability -
Phd or Honors
Student project 3
to 12 Months $25K benefits Plus
Commercial
project of any
choice from the
technology
roadmap with a
value upto $75K
(or) Scale-up
manufacturing
process mapping
analysis and report
Grant SupportGrant funding
awareness
including CRC-p,
ARC Linkage, ARC
ITTC, Made in
QLD,
Manufacturing
relevant grants
and other local,
state and federal
grantsProject lead
and support up
to one grant
application of
any relevant
publicly
competitive
grant programProject
identification,
coordination,
lead and support
up to one major
grant initiative of
any relevant
publicly
competitive
grant program or
unsolicited
proposal to key
stakeholders.
Additional
SupportGlobal, national & local co-branding opportunities  
 Opportunity to collaborate with key academics and commercial
companies on research projects
 Invitations to ARM Hub events
 1 x case study, showcased as a featured case study on the ARM
Hub website
 Opportunities to promote the business to government
representatives (where possible)
 Quarterly meetings with ARM Hub CEO and senior staff
ROI1:2 to 1:3 Project direct ROI where Industry invests cash
contribution towards grant funding programs
Option to R&D tax incentive claim of membership activities
(subject to expert advise)BENEFITS
 The ARM Hub proposes to engage EM Solutions through the above-
described membership model. 
The next step is to confirm one of the options below and agree to
this proposal, and subsequently to sign the contract agreement
which references the document above. 
 
Additional charges will occur if changes are made to the project scope once this document has been
signed and/or differences between the allowance outlined above and the actual cost of these items vary.ACCEPT
Option 1 Option 2 Option 3
Name
Position
Signature
Contact:
Samuel Jesuadian 
COO, ARM Hub
samuel.jesuadian@armhub.com.au"
Email.pdf,"1Lewis Humphries
From: Gillen, Andrew <Andrew.Gillen@netzsch.com>
Sent: Thursday, 15 July 2021 3:56 PM
To: Michael Heitzmann
Cc: Lee, Dr. Jiunn Jieh
Subject: QUOTATION: DSC214 Polyma, DEA288 Ioni c and STA449 F3 HT Sensor Upgrade
Attachments: QUO-88694-G0H1  2.pdf; DEA_288_Ionic_en_web.pdf; DSC Polyma_E.pdf
Hi Michael, 
 
Thanks for your call yesterday.  
Please see attached quotation for DSC214 (as quoted last year), DEA288 I onic and TGA/DSC sensor 
(RT…1500degC) for the STA449 F3  Jupiter in the AEB Fire Lab. 
 
Compared to last year’s quote, I’ve made a few changes: 
1) Added 1 x channel DEA with disposable sensors (50pcs fo r use with carbon fibres with integrated T/C) and 1 
x tool mounted monotrode sensor for flush mounting in a tool of your choice. 
2) For the DSC I’ve offered the more  cost effective LN2 dewar, which w ill suffice in my opinion. The more 
expensive LN2 dewar has a built in heater and level indi cator. However, given you have the intracooler to 
handle most measurements with the autosampler to -70de gC you don’t lose any flexibility with the cheaper 
solution. We would struggle to offer the DEA in this b undle (within the budget) if the more expensive dewar is 
included.  
 
NB. The thin alumina discs included with the HT TGA/DSC (STA449 F3 Jupiter) sample carrier are included to 
prevent sticking (diffusion bonding) of Pt/Rh pans with Pt/Rh sample carrier above 1200degC.  
As mentioned, we may be able to offer a demo unit (2019) DEA unit, depending on time of purchase. If the demo unit 
is available, then we can provide additional consumable s (or reduce the price) compared to the brand new DEA 
quoted herein. 
 Feel free to contact me if you have any questions. 
 
Best regards  
 
Andrew Gillen 
Materials Engineer 
ANZ Product Manager  
NETZSCH Australia Pty Ltd     
Unit 3 / 591 Withers Rd 
Rouse Hill NSW 2155 
Australia Tel:          +61 2 9641 2846 
Mobile:     +61 408 075 956 
andrew.gillen@netzsch.com  
 
 
 
 "
F2023L00716.pdf," 
 
   
  
 
National Reconstruction Fund Corporation 
(Priority Areas ) Declaration 2023  
We, Ed Husic, Minister for Industry and Science, and Katy Gallagher, Minister for Finance , 
make the following direction . 
Dated : 16 May 2023   
Ed Husic  
Minister for Industry and Science  
 
Dated : 25 May 2023      
Katy Gallagher  
Minister for Finance  
 
 
 
 
Authorised Version F2023L00716 registered 06/06/2023Authorised Version F2023L00716 registered 06/06/2023 
 
 National Reconstruction Fund C orporation (Priority Areas) Declaration 2023  i 
 
 Contents  
1  Name  ................................ ................................ ................................ ................................ ...... 1 
2  Commencement  ................................ ................................ ................................ .....................  1 
3  Authority  ................................ ................................ ................................ ................................  1 
4  Definitions  ................................ ................................ ................................ .............................  1 
5  Priority areas of the Australian economy  ................................ ................................ ...............  3 
 
 
Authorised Version F2023L00716 registered 06/06/2023Authorised Version F2023L00716 registered 06/06/2023  
  
 
 
 
 
 National Reconstruction Fund Corporation (Priority Areas) Declaration 2023  1 
 
 1  Name  
  This instrument is the National Reconstruction Fund Corporation (Priority 
Areas) Declaration 2023 . 
2  Commencement  
 (1) Each provision of this instrument specified in column 1 of the table commences, 
or is taken to have commenced, in accordance with column 2 of the table. Any 
other statement in column 2 has effect according to its terms.  
 
Commencement information  
Column 1  Column 2  Column 3  
Provisions  Commencement  Date/Details  
1.  The whole of this 
instrument  Immediately after the commencement of the 
National Reconstruction Fund Corporation Act 
2023 .  
Note:  This table relates only to the provisions of this instrument  as originally made. It will 
not be amended to deal with any later amendments of this instrument.  
 (2) Any information in column 3 of the table is not part of this instrument. 
Information may be inserted in this column, or information in it may be edited, in 
any published version of this instrument.  
3  Authority  
  This instrument is made under  section  6 of the National Reconstruction Fund 
Corporation Act 202 3. 
4  Definitions  
  In this instrument:  
Act means the National Reconstruction Fund Corporation Act 202 3. 
aircraft  means any machine or craft used in air navigatio n, however propelled or 
moved.  
animal  means any member, alive or dead, of the animal kingdom (other than a 
human being).  
animal product  means:  
 (a) an animal; or  
 (b) any part of an animal; or  
 (c) anything produced by an animal; or  
 (d) anything wholly or  principally produced from, or wholly or principally 
derived from, an animal.  
forest operations  includes the production, growing or raising of forest products.  
Authorised Version F2023L00716 registered 06/06/2023 
 
 
 
 
2 National Reconstruction Fund Corporation (Priority Areas) Declaration 2023   
 
 horticultural product  has the same meaning as in the Horticulture Marketing 
and Research and Dev elopment Services Act 2000 . 
horticulture  means the production, growing or raising of horticultural products.  
manufacturing products  includes:  
 (a) developing products; and  
 (b) providing logistics relating to products; and  
 (c) distributing products; and  
 (d) producing products; and  
 (e) selling products; and  
 (f) providing after -market services relating to products; and  
 (g) maintaining products.  
mineral means a substance or mixture of substances:  
 (a) occurring naturally as part of the earth’s crust; or  
 (b) dissolved or suspended in water that is on or within the earth’s crust; or  
 (c) that may be extracted or produced from a substance or mixture of 
substances mentioned in paragraph  (a) or (b).  
mining industry  means the industry of recovering, extracting or producing 
minerals.  
plant  means any member, alive or dead, of the plant kingdom, and includes 
fungi.  
plant product  means:  
 (a) a plant; or  
 (b) any part of a plant; or  
 (c) anything produced by a plant; or  
 (d) anything wholly or principally produced fr om, or wholly or principally 
derived from, a plant.  
primary industry  means an industry that involves:  
 (a) agriculture or the cultivation of land; or  
 (b) the maintenance of animals for commercial purposes; or  
 (c) forest operations; or  
 (d) fishing; or  
 (e) hunting or trapping; or  
 (f) horticulture; or  
 (g) aquaculture.  
processing includes refining, recycling, treating, preparing, transforming or 
modifying . 
produce of a primary industry  means animal products, or plant products, that 
result from carrying o n a primary industry (whether or not any operations have 
been performed in relation to the products).  
products  includes:  
Authorised Version F2023L00716 registered 06/06/2023  
  
 
 
 
 
 National Reconstruction Fund Corporation (Priority Areas) Declaration 2023  3 
 
  (a) equipment; and  
 (b) components; and  
 (c) software; and  
 (d) technologies.  
rail vehicle  means a vehicle (including a tram) that is designed to transport 
passengers or goods and operates on a railway (including a vehicle that does not 
have wheels).  
railway means a system by which vehicles are guided:  
 (a) by means of parallel rails; or  
 (b) by means of a single rail.  
road vehicle  means  a vehicle that is designed to transport passengers or goods by 
land, but does not include a rail vehicle.  
ship means any vessel used in navigation by water, however propelled or moved.  
space object  means:  
 (a) an object the whole or a part of which is to go into or come back from an 
area beyond the distance of 100 km above mean sea level; or  
 (b) any part of such an object, even if the part  is to go only some of the way 
towards or back from an area beyond the distance of 100 km above mean 
sea level.  
therap eutic use  means use in or in connection with:  
 (a) preventing, diagnosing, curing or alleviating a disease, ailment, defect or 
injury in persons; or  
 (b) influencing, inhibiting or modifying a physiological process in persons; or  
 (c) testing the susceptib ility of persons to a disease or ailment; or  
 (d) influencing, controlling or preventing conception in persons; or  
 (e) testing for pregnancy in persons; or  
 (f) the replacement or modification of parts of the anatomy in persons.  
5  Priority areas of the A ustralian economy  
Value -add in resources  
 (1) The area of the Australian economy that is involved in:  
 (a) manufacturing products for use in or in connection with the mining 
industry; or  
 (b) manufacturing products for use in or in connection with processing 
minerals; or  
 (c)  processing minerals;  
is a priority area of the Australian economy for the purposes of the Act. 
Value -add in agriculture, forestry and fisheries  
 (2) The area of the Australian economy that is involved in:  
Authorised Version F2023L00716 registered 06/06/2023 
 
 
 
 
4 National Reconstruction Fund Corporation (Prior ity Areas) Declaration 2023   
 
  (a) manufacturing pr oducts for use in or in connection with a primary industry; 
or 
 (b) manufacturing products for use in or in connection with processing 
produce of a primary industry; or  
 (c)  processing produce of a primary industry;  
is a priority area of the Australian ec onomy for the purposes of the Act. 
Transport  
 (3) The area of the Australian economy that is involved in manufacturing  any of the 
following products : 
 (a) aircraft, road vehicles, rail vehicles or ships;  
 (b) products for use in or in connection with airc raft, road vehicles, rail 
vehicles or ships;  
is a priority area of the Australian economy for the purposes of the Act. 
Medical science  
 (4) The area of the Australian economy that is involved in manufacturing products 
for therapeutic use is a priority area  of the Australian economy for the purposes 
of the Act. 
Renewables and low emission technologies  
 (5) The area of the Australian economy that is involved in manufacturing products 
for use in or in connection with:  
 (a) renewable energy generation, transmis sion, distribution or storage; or  
 (b) greenhouse gas emissions reduction; or  
 (c) energy efficiency; or  
 (d) recycling; or  
 (e) waste reduction; or  
 (f) resource recovery;  
is a priority area of the Australian economy for the purposes of the Act. 
Defence capability  
 (6) The area of the Australian economy that is involved in manufacturing products 
that are wholly or primarily for use in or in connection with defence is a priority 
area of the Australian economy for the purposes of the Act. 
Enabling capabilit ies 
 (7) The area of the Australian economy that is involved in manufacturing any of the 
following  products : 
 (a) advanced manufacturing technologies or materials technologies;  
 (b) artificial intelligence technologies;  
 (c) advanced information or communi cation technologies;  
 (d) quantum technologies;  
 (e) autonomous systems;  
Authorised Version F2023L00716 registered 06/06/2023  
  
 
 
 
 
 National Reconstruction Fund Corporation (Priority Areas) Declaration 2023  5 
 
  (f) robotics  technologies ; 
 (g) positioning, timing and sensing  technologies ;  
 (h) biotechnologies;  
 (i) space objects or products for use in, or in connection with, space objects;  
 (j) other advanced technologies;  
is a priority area of the Australian economy for the purposes of the Act. 
Authorised Version F2023L00716 registered 06/06/2023"
Feedback to PWR.docx.pdf,"Radiator - high volume assembly.  
Develop specifications for procurement.  
Time on site (1 Day ) 
• Spend time on -site at PWR observing the assembly of radiators and where posable 
participating  
o Map task  (include Video), identify challenges, existing quality control , throughput,  and 
failure rates  
o Identify other issues and dependencies. e.g.  upstream quality control  machined 
components.  
• Time in motion if required (+1 week of data collection and processing)  
Business case (4 days)  
• Preliminary quotes / ballpark + throughput. (2 days)  
• Feedback on response/quotes (1 Day)  
• Identify suppliers (1/2 days)  
• Desktop review of (global practice) (1/2 days)  
Output (4 days initial + 1 review)  
• Technical requirement (1 day)  
• Process Document (1 day)  
• Technology feasibility and recommendations (2 Days)  
Assumptions  
• Avail data, throughput, failure, inputs, outputs  
o E.g. Standards, customer requirements  
• Staff/contact available for information.  
• Data includes usual/unusual and generalised and outliers.  
Laser welding  
Challenges  
Traditional robots used for welding are typically precise enough for laser welding but not accurate 
enough when welding butt joints.  
This can be overcome in a few ways:  
1. Restricting the degrees of freedom in the robot to generally increas e the accuracy.  
2. Explore the use of stationary mirror actuated laser welding.  
3. Resolving the accuracy issue with additional sensors . 
4. Or design for a different weld . 
Identify the approach with the best ROI  
We have identified four paths forward within robotic laser welding.  
1. Welding of lower precision parts  ±1mm  
Implement a 6 DOF robot arm , laser welding unit  and potential rotator . Welds of this accuracy can 
be achieved by design overlap into parts. An example part could be the SUV battery cooling system 
shown to ARM Hub.  Pros  
• Lower  barrier to entry.  
• High degree of freedom increases  the versatility of welding cell  
• Starts the pipeline to more accurate generic part welding.  
Cons  
• Limited to lower precision parts.  
2. Implement SCARA style 3 DOF robot arm for laser welding  
Implement robotic laser welding using a SCARA robot. The lower degree s of freedom reduces  the 
accumulated inaccuracy  and if required a platform can be brought in from medical robotics.  This 
platform could also be coupled with a rotator table.  
Pro 
• Increased accuracy of welding down to ±0.1mm  
Cons  
• Decreased versatility of the robotic welder  
• Suitable products to be identified  
3. Stationary laser welding with actuated mirror  
Implement a mirror -actuated  laser welding unit . This style of unit typically has greater accuracy than 
robot -mounted units . With such units, care needs to be taken to align the parts.  
Pro 
• Increased accuracy of welding down to ±0.1mm  
Cons  
• Decreased versatility of the robotic welder  
• Suitable products to be identified  
4. Welding of high precision parts ±0.1mm  
Implement a 6 DOF robot arm, laser welding unit, additional high accuracy sensor  and potential 
rotator. The addition of a n external sensor would allow the robotic arm to adapt for accumulated  
inaccuracies in the robot arm.  
Pro 
• Increased accuracy of welding down to ±0.1mm  
• Can be an extension of the implementation of option 1  
Cons  
• High level of system sophistication  required.  
• No local examples known.  
Recommendations  
ARM Hubs recommended approach to robotic laser welding is to implement option 1 Welding of 
lower precision parts  with a planned path to option 4 w elding of high precision parts . This approach 
provides a fast path to robotic welding functionality while working towards  more general capability 
within PWR’s manufacturing processes.  Develop specifications for procurement.  
Time on site (1 Day)  
• Spent time on -site at PWR observing the assembly identified of welded components.  
o Map task (include Video), identify challenges, existing quality control, throughput,  and 
failure rates  
o Identify other issues and dependencies. e.g. upstream quality control machined 
components.  
• Time in motion if required (+1 week of data collection and processing)  
Business case ( 3 1/2  days)  
• Preliminary quotes / ballpark + throughput. (2 days)  
• Feedback on response/quotes (1 Day)  
• Identify suppliers (1/2 days)  
Output ( 6 days initial + 1 review)  
• Technical requirement (1 day)  
• Process Document (1 day)  
• Technology feasibility and recommendations (2 Days)  
o Including  
• Case studies of high -accuracy solutions ( 2) 
Assumptions  
• Avail data, throughput, failure, inputs, outputs  
o E.g. Standards, customer requirements  
• Staff/contact available for information.  
• Data includes usual/unusual and generalised and outliers.  
Initial  assessment of additional areas of interest  
• Further details can be provided as required.  
Assembly of the micro matrix heat exchangers  
• Computer vision could be used during the checking process to confirm all the tubes have 
been successfully located.  
• Explore the adaptation of existing robotic technologies for locating the tubes  
o Medical robotics would be capable of this accuracy. Speed of assembly would need 
to be confirmed.  
• Potential for a collaborative robotic solution. For example, a person does  the ‘easy 80%’ 
tube locating and a robot locates the remainder.  
Assembly of battery colling for SUV  
• Exploration of novel braising solutions  
o Induction braising and institute braising in custom jigs  
• Integration of robotic spot welding in the current design before braising  
o Redesign the existing jig  
• Undergo a design for the manufacturing  process to redesign the heat transfer component 
for robotic laser welding  
• The mass production of the batter heat exchanger is suitable for a traditional approach to 
robotic welding.  o A part with an accurate CAD model and a jig is assembled and a welding plan 
designed and run repeatedly.  
 
 
 "
GTB Engineering Projects.docx.pdf,"GTB Engineering Projects  
David Hedger – 19/03/2021  
Located in Tully, QLD, GTB Engineering manufactures and services agricultural equipment for the 
local region, specialising in banana and sugarcane crops. They have roughly 10 employees and are 
looking into new opportunities. There are a few key areas where ARM Hub could assist with the 
expansion of the operation.  
Staffing  
GTB noted that they 
must  compete 
with the large sugar 
mill in town for 
staff and have been 
taking steps to try 
and attract more 
graduates to their 
facility by investing 
in high end 
equipment. ARM Hub would recommend advertising internships for undergraduate engineers from 
urban universities  to satisfy their work experience requirements, since the regional change could be 
an attractive opportunity to those students.  
Additionally, ARM Hub can help facilitate an Innovation Connections grant that would allow for a 
business researcher to come out and spend time evaluating the local agricultural market to help find 
opportunities and shorten supply chains.  This would allow GTB to invest in future products more 
confidently.   
Vertical Integration  
GTB noted that part supply, whether buying off the shelf or getting custom parts manufactured, was 
difficult due to the remoteness of the town. For instance, the only local machine shop is in Cairns, 
and GTB is the only manufacturer of semi -trailers that f ar north. They expressed interest in acquiring 
more machine tools in order to be less dependent on these remote suppliers. With the addition of 
these new machines, GTB could begin to offer machining services to other local manufacturers, 
strengthening the local supply chain.  
A business researcher would potentially be able to investigate alternative supply chain options or 
vertical integration opportunities. ARM Hub could help facilitate such research through the 
Innovation Connections grant or as a commercial research project.  ARM Hub could additionally offer 
access to its planned distributed manufacturing  ecommerce  platform to support GTB’s machining 
services.  
In order to support these scale -up operations, ARM Hub would recommend that GTB set up an 
ERP/MRP system in order to plan and cost its future products and work. Such systems may help 
reason about the long supply chains and determine where the biggest busin ess risks are for a given 
project.  
New Features  
One of the products ARM Hub was shown was an agricultural elevated work platform used for 
working with banana plants. The system automatically , passively,  levels  the bucket relative to the 
base platform to assist the worker. Further features for this system could involve self -driving to 
slowly progress down crop rows and  using accelerometers to actively level the bucket relative to 
gravity to help deal with operations on hills.  These  would add another level of electronic  and 
software  complexity and cost to what is currently a passive system, b ut might be worth 
investigating.  
 
Robotic Welding  
Many of GTB’s products include MiG welded components that typically have weld segments shorter 
than 500mm. A variety of these components are produced by the hundreds every year, and though 
the volume is not very high, it is a time intensive operation. A ro botic welding station that can 
handle a variety of parts may be suitable for this sort of problem, but systems capable of such 
variety on a small scale are only just coming to market. Larger robotic welding cells would definitely 
be capable of the task, bu t the capital cost would be hard to justify.  
ARM Hub could connect GTB with robotic integrators who are deploying these smaller systems to 
see if they are suitable for the task at hand.  
 
Figure 2: An agricultural EWP used for working with banana plants:  "
Gemma Car NMI info.pdf,"Welsh, Lorraine 
From: 
Sent: 
To: 
Subject: 
Hi Lorraine, Carr, Gemma 
Friday, 30 September 2022 1 :27 PM 
Welsh, Lorraine 
RE: Energy intensity and carbon reduction program -meter details for Salisbury and 
Wollongong please 
Thanks for reaching out and congratulations on your great new role! 
In terms of the Salisbury site NMls (and the NMls at all sites}, these are legally required to be managed and 
maintained by qualified external metering coordinators, meter providers and meter data providers (usually these roles 
are all covered by the same company). As you know this data is used for billing purposes and as such can be 
considered incredibly robust. 
Before we dive into the technical meter details, I'd like to gain an understanding of why you are after this info (and 
likewise on the Wollongong front) -happy to do this via email otherwise it might be worth a quick call next week -we 
can then also chat about natural gas and energy consumption generally . 
The ""system level"" splits that you have noted below are actually fixed splits that my team use to allocate costs to the 
various departments each month. The Salisbury site would have provided the team with these splits when they 
migrated onto the QLD large sites electricity contract.. . I don't know what the basis for these splits were -potentially 
estimates ! It's probably worth a quick chat to the site electrical team to understand what (if any) metering exists at the 
system level. 
Regards, 
Gemma 
From: Welsh, Lorraine <lorraine.welsh@orrcon.com.au> 
Sent: Thursday, 29 September 2022 2:24 PM 
To: Carr, Gemma <Gemma.Carr@bluescopesteel.com> 
Subject: Energy intensity and carbon reduction program -meter details for Salisbury and Wollongong please 
Good afternoon Gemma, 
I trust this email finds you well? 
James Webber had given me your name and he had recommended you as a good point of contact to help me with 
some queries I have surrounding energy use at our manufacturing sites (and distribution centres). 
In preparation for a pathway forward in our journey to meeting our 2030 target in 30% reduction in energy intensity 
and carbon footprint (attached Tony's email for context), we will endeavour, in the first instance, to verify that the 
data from 'facility level' we are retrieving is good data surrounding our energy consumption at our manufacturing 
sites {later our distribution centres). This data will help us understand the energy we are using at 'system level' and 
'subsystem level' and in turn will ultimately help us monitor our sites' energy use and analyse performance. 
I feel that I have somewhat of an 'ordinary' understanding of our Salisbury site and know that we have the following 
electricity meters at Salisbury: 
NMI: QB08746745 
NMI: QB11567279 
NMI: QB13615149 
NMI: QB13898264 
NMI: QB11567287 
1 "
ITRP Brochure 28.05.19.pdf,"Improving the global competitiveness of Australian design services, products and systems for advanced manufacturing 
requires robust processes that enable smart and streamlined decision making. Networked immersive prototyping provides practical solutions for the increasingly specialised creative industry manufacturing sector by enabling real-time data sharing and composition, using advanced visualisation and arti/f_icially intelligent systems that enable multi-located users to participate in the design process.
Low levels of collaboration in the Australian manufacturing industry have long hindered the development and diﬀusion of 
augmented/virtual reality and digital design innovations. Investments in innovation have yet to be optimised, as creative and technical skills across diverse industry domains fail to be integrated into coherent roadmaps that translate ideas into outputs. For business and manufacturing, the high transaction costs of collaboration have restricted capacities for the integration of diverse and distributed expertise and infrastructure, thereby limiting participation in the operation of global value chains.The challenge: design innovation
The solution: networked immersive prototyping  
The roadblocks...
Until now, digital platforms to support advanced manufacturing have focused primarily on enhancing domain-speci/f_ic cyber-physical processes. For example, simulation businesses rely on tailored enterprise software, which is limited in its usage and scalability to speci/f_ic applications. Such approaches are necessarily insular in their design. A shared and real-time collaborative approach, using seamlessly networked simulation and visualisation systems, would enable varied stakeholders to share relevant data, expertise and infrastructure.
Networked Immersive Prototyping             
Distributed virtual collaboration in the context of globalised manufacturing
“Deeper collaboration across enterprise boundaries, including integrating 
Australian organisations into global value chains, will significantly improve Australia’s innovation performance...”
-Securing Australia’s Future, ACOLA
What do we aim to deliver?
Our research and training program aims to develop the Australian advanced manufacturing and service sector through a 
framework that cultivates eﬃcient collaboration between globally distributed cross-disciplinary partners, reducing the high cost that has so far hindered genuine innovation in the industry. Al-driven solutions, integrating high-level human and machine collaborative decision making, allow intervention at the partnering, designing and production stages of development. It minimises risks associated with forging new industry connections, while dramatically enhancing capacity for innovation through fertile cross-pollination.Networked immersive prototyping develops and tests scalable methodologies and technologies to facilitate collaboration between distinct and multi-located stakeholders in the advanced creative manufacturing industries. It partners with industry leaders and academic experts in architecture, art, arti/f_icial intelligence, augmented/virtual reality, construction, design, robotics and transport engineering, to integrate and prototype eﬃcient work/f_low systems in order to cultivate a new generation of ‘boundary spanners’ that support innovation across 3D modelling and production processes. It enables design scenarios to be seamlessly undertaken across diverse platforms, ranging from laptops to full-body virtual environments, with minimal compatibility issues, using a world /f_irst custom software interface.Networked Immersive Prototyping             
Program outline
Networked 
EnvironmentsDigital 
DesignAR & VRThis /f_ive-year research and training program will consist of four integrated themes, all directed at the design, 
development and deployment of immersive prototyping systems:
• A world-leading centre for training a cohort of industry-focused researchers who will lead the translation and commercialisation of networked immersive simulation and visualisation platforms to meet domestic demand for advanced manufacturing and its export to the global market.
• A networked and scalable AR/VR system that uses augmented intelligent technologies to facilitate collaborative 
prototyping of products and systems by globally distributed partners.
• A framework for the dynamic modelling and implementation of design options and scenarios.Key deliverables
Partner benefits
Scientia Professor Dennis Del Favero
Chair Professor of Digital Innovation UNSW Sydney +61 (02) 9385 0630d.delfavero@unsw.edu.au
Networked Immersive Prototyping             Intelligent
Systems
• Collaborate with teams of expert researchers on key partner needs to facilitate competitive advantage. 
• Placement of expert researchers, Post-Doctoral Fellows and PhD students with expertise in design, modelling and/or 
programming, in organisations for up to /f_ive years.
• Claim up to 48% of any cash contribution under the Research and Development Tax Incentive Scheme.• An investment return of up to 500%, with a range of cash and/or in-kind participation contributions available.
"
LLMOPs in Australian SME Manufacturing.docx.pdf,"Lessons Learned implementing LLMs in Australian SME Manufacturing  
 
Australian small to medium sized enterprise (SME) manufactur ers have  a productivity 
challenge: the resources  invested by companies are not returning high enough profit 
margins to spur further  growth (source) . Rapid advancement s in, and the ubiquitous uptake 
and development of Generative AI platforms like ChatGTP, and particularly  the use of  Large 
Language Models (LLMs)  that underpin many of them, can be an immediate part of 
remedying these low productivity levels . Among SMEs, it is not necessarily the expense of 
adopting new technologies that is the barrier – or it certainly isn’t the only barrier - it is trust 
that AI will work as intended  and being able to access the talent to make it  happe n without 
facing perilous consequences for the business (source). This chapter shares our lessons 
learned on implementing  LLMs in Australian SME manufactur ing. We will describe  the 
services in demand by SME manufacturers and outline the decisions that software architects 
are making to achieve the DevOp s goals  of these services .  
 
Why is Australian SME manufacturing important? Nation states around the world are in a 
race to secure their place in high -value global manufacturing supply chains. Evident to 
governments and policy makers before COVID -19, was the fact that countries with a strong 
medium -sized manufacturing sector were successfully  commercialising science and 
technology innovation s and were performing as vital engine rooms for the wider economy 
as they scaled businesses, built robust supply chains and created high value jobs  (source) . 
Countries without a strong manufacturing capability, like Australia, were conversing seeing 
their investment in R&D and innovation taken offshore to be commercialised and were 
suffering the effects of a hollowed -out SME economy and talent drain  (IISA 2023) .  
 
The lack of ventilators and Personal Protective Equipment (PPE) during COVID -19, the 
geopolitical instability that dismantled global supply chains during  the Ukraine war , and the 
looming threat of economic recession have all heavily impacted Australia and r evealed just 
how fragile our manufacturing sector and its supply chains are. Since these occurrences,  the 
nation’s ability to make things has become a topic of widespread public debate  from kitchen 
tables to cabinet rooms. Manufacturing is now deemed not just essential  for the economy 
and jobs; it is a critical  sovereign cap ability to be invested in for its inherent benefits.  
 
Government is implementing new  policy measures to build the Australia’s  sovereign 
manufacturing capability , including m easures that seek to  close the loop on commercialising 
the nation’s research locally (source) and to ‘crowd -in’ private investment  in manufacturing 
with matched government funds (source) . But implementing artificial intelligence in 
manufacturing, particularly  GenAI , will require a new approach from Australia’s innovation 
ecosystem. The commercialisation of GenAI solutions into our SME manuf acturers will come 
from commercial providers or intermediaries between commercial and research providers, 
and will not follow a university lab IP creation to market commercialisation path. This is 
particularly clear given GenAI is an invention  from  big tech business  and requires a 
commercial mindset and resourcing to succeed. Australian manufacturing needs the support 
of the AI ecosystem  including DevOps capability , to keep up with its global competitors that 
will be rapidly incorporating GenAI  into their businesses  and business models, and we can 
address uniquely Australian challenges  like manufacturers of AI enabled drones for bushfire 
management or onsite high -value component manufacturing for remote mining sites that could also be source of unique comparative and competitive advantage for Australian AI 
companies  globally.  
 
START WITH WHAT WE HAVE DONE HERE  
 
How do we then support Australian SME manufacturers uptake  Generative AI ? Where are 
the low hanging fruit that will aid and inspire  manufacturers on their digitisation and 
innovation journey? What are the challenges and the use cases, or demonstrator projects, 
that will inspire  widespread adoption? Given Australia ns generally report to have  low levels 
of trust in AI (source), how can we be sure to build  trust in AI throughout manufacturing 
supply chains  and the manufacturing workforce , embed ding  sustainable  solutions  and 
practices  and build each company’s market reach, and resilience to external shocks like 
COVID -19. Can we also build  new business models and new businesses with  new product 
offerings?  
  
Data & AI as Service  
 "
Leakster X ARM Hub Scope document.pdf,"Technology The average large Australian water utility loses $50M of water due to 
pipeline leaks and bursts.  Leakster Operations is a Sunshine Coast 
based start -up, solely focused on the research, development and 
commercialisation of a water pipeline condition monitoring technology 
enabling water utilities to understand what is happening inside their 
underground pipeline assets. 
Our non -invasive technology uses acoustic radar to determine various 
parameters about the water network, including the location of pipeline 
leaks, pipe material changes, valve status, blockages and scaling.
Sector Water retail and distribution target sector, distribution network
Opportunities to apply to oil, gas, agriculture, commercial & residential 
water use sectors
Partnership 
and foundation 
client Urban Utilities (UU) is one of Australia’s largest water distributor -
retailers in Australia, supplying drinking water, recycled water and 
sewerage services to a population of more than 1.4 million in five 
regions in South East Queensland; Brisbane, Ipswich, Lockyer Valley, 
Scenic Rim and Somerset and operates as a Government Owned 
Corporation. They own and operate over 9,400 kilometres of water 
mains, 9,600 kilometres of sewer mains and 29 sewer treatment plants, 
with an asset base value of $5.8 billion.
We have access to the pipe network in Brisbane in order to test, collect 
data and trial different prototypes. 
ARM Hub 
requestWe are looking for some technical resources to undertake a few work 
sprints. In some instances this may require a person familiar with 
different engineering fields, or multiple people working together. 
Vision Leakster will lead the global digital transformation of water networks in 
order to stop the waste of clean drinking water
COMMERCIAL IN CONFIDENCEBACKGROUNDSprint 1a
Emitter design
Sprint 1a
Emitter desig nConceptually we would like assistance in redesigning an underwater 
speaker, or underwater pump. Specifications: 
•Powered by 12 or 18V
•Frequency range 20 -500Hz
•minimize distortion within this range
•Operating pressures 300 -600kPa
•Typical emission is a quadratic chirp, ranging from 20 -500 Hz over a 
total of 4 seconds
We would like to increase the range of our current sensor, by increasing 
the amplitude and increasing efficiency.
Once the design for 1a is done, how do we design this for manufacture, 
ensuring longevity, reduce battery usage, make as inexpensive as 
possible.
Sprint 2: 
Physically 
informed 
neural network 
(PINN)The water hammer equations describes how pressure waves travel 
through fluid filled pipes. The equations can be expressed as two partial 
differential equations, one for the change in pressure and the other 
change in flow.
We would like assistance in determining initial conditions and boundary 
conditions for these equations. These conditions will be used as 
constraints for a physically informed neural network to prevent it from 
presenting the trivial solutions for the partial differential equations.
Requirements: Someone that understands the real -world physics and 
apply it to the initial and boundary conditions. As well as someone 
familiar with PINN’s.
COMMERCIAL IN CONFIDENCESPRINTS"
Letter of Support template national industry body.docx.pdf,"g[PLEASE INSERT YOUR ORGANISATION’S LETTERHEAD HERE]  
 
 
5 January 2024  
 
Department of Industry, Science, Energy and Resources  
GPO Box 2013  
Canberra ACT 2601  
 
 
To the Program Manager,  
Support for Digital Transformation Australia’s  proposed Artificial  Intelligence  (AI) Adopt 
Program  submission . 
[Insert your organisation here]  is highly supportive of Digital Transformation Australia’s (DTA) 
proposal  to the AI Adopt Program . DTA is a wholly owned and operated company by the ARM 
Hub. DTA will expertly  deliver this new national program for small to medium sized  
manufacturers and technology vendors , including AI companies . DTA will establish an AI Adopt 
Centre  as part of a national network of five Centres , linked to CSIRO’s  National AI Centre and to 
the Centre’s  partners.  
 
[Insert your company]  is eager to partner as a national industry body that currently provi des 
services to over xxx Small to Medium Enterprises (S MEs).  We [talk about the most significant 
role your organisation plays relevant to this bid ]. Our S ME members  are aware of AI  and its 
enormous potential for their businesses  to raise  productivity, drive innovative  business models  
and supply chains, and to build new products and services for a global market . But few of these 
businesses have systematically implemented AI, or have strategies  in place to make it happen  
responsibly.  
 
DTA’s Centre includes a network of national partners in each State and Territory in Australia , 
including active nodes throughout  regional Australia . We will work closely with the  AI Adopt 
Centre to meet  the huge and urgent demand for SMEs to access AI  knowledge, training and 
practical hands -on experience that will practically support  them to adopt AI responsibly .   
 
We will participate in the program by providing the below cash and in -kind contribution to the 
program . We will work with DTA and its partner s to successfully deliver engagement, training 
and practical technology roadmaps for SMEs. Our participation in the DTA will drive SME digital 
transformation and support Australian AI companies gain access to high value industry clients , 
equally supporting the growth of Australia’s AI industry.   
 
Nature  Amount over 
three years  Description  
Cash (AUD ex 
GST) $100,000  Our contribution towards delivery of the Co -
Design AI Roadmap for high potential SMEs to secure expert and practical strategies to 
use AI to transform their business.  
In-kind (AUD ex 
GST) $150,000  Facilitating large scale member events across 
the country, including marketing and 
promotions, support ing the range of 
engagement, training and tech roadmap 
workshop delivered by this AI Adopt Centre.  
 
The roles and responsibilities this organisation will undertake, and the resources it will contribute 
to the project are:  
• We will provide accurate assessment of SME needs related to market and sector 
opportunities to ensure the program is  highly relevant, timely and accessible for SMEs . 
• We will actively work with the Centre to  develop  and deliver  live and virtual content for 
Australian  SMEs, linked to different priority industry sectors  and specialist areas of AI.  
• We will help build strategies and programs that support the needs of different  
geographic regions  and strategies for adopting AI .  
• We will proactively engage our Indigenous business networks , Indigenous supply chain s 
and Indigenous communities in shaping  the Centre ’s programs and support ing 
Indigenous business needs.  
• We will  contribute to building  program s for female founded businesses as well as 
working to ensure strong  participation by  women  throughout the suite of programs we 
offer.  
• We will support an Australian wide approach including programs in each of the  States 
and Territories. We will provide p roject coordination for events  and marketing  to our  
member s.  
 
We wish to provide our enthusiastic support for the  application DTA is submit ting to the Federal 
Government.  We see the establishment of this AI Adopt Centre  as investing in a critical gap in 
Australia that is rapidly influencing the ability of SMEs to compete in the market ..  
 
Yours sincerely,  
 
 
 
 
 "
Lewis' speech.docx.pdf,"Welcome everybody and thank you for joining the second workshop on Textile 
Disaggregation.  
For those of you that attended the previous workshop I say welcome back. And for those of 
you that are new faces I say welcome aboard. The success of this project will be built on the 
involvement of all participants,  so the team  and I  truly appreciate the time you are able to 
give and your commitment to addressing the challenge of textile waste.  
Today, we  are fortunate enough to  have representatives from government, industry 
partners , SMEs, retailers, charities, recyclers, academics, engineers  and designers . All of 
whom have been carefully curated t o offer insights and expertise to help us progress this 
project.  
My name is Lewis Humphries and I am the Business Development Officer for the Advanced 
Robotics for Manufacturing Hub , or ARM Hub . It is my pleasure to be the MC  for today’s 
workshop.  
 
Change slide.  
 
I would like to start the session by acknowledging the first nation people as the original 
inhabitants and the Traditional Owners of the lands on which this meeting is taking place 
today. We pay respect to all Elders past, present and emerging.  
 
Change slide.  
 
We are joined today by our lead industry partner Salvation Army Australia, represented by 
Matt Davis, CEO and National Director of the Salvos Stores. We are also joined by project co -
founders, Kmart Australia, represented by Chris Foley, Head of Energy & Environment, 
Corporate Affairs & Sustainability.  
From QUT we have Associate Professor Alice Payne, representing the Centre for a Waste -
Free World, and a host of experts from QUT’s school of design & fashion, and the school of 
electrical engineering & robotics.  
Coming up shortly I will ask Matt, Chris and Alice to introduce themselves so you will all get 
a chance to see their smiling faces .  
From government, we are fortunate enough to be joined by  Kylie Hughes, Director, Waste 
Policy and Legislation from the QLD government Department of Environment and Science .  
From NSW, we are joined by Jo Cooper, Project Officer , Sustainability Advantage 
Department of Planning, Industry & Environment.  And we have an international attendee : Peter Rijken from Textiles2Textiles, joining from the 
Netherlands (1am there) . Peter as always,  your attendance at these mee ting is appreciated,  
and we hope that the shorter length of this workshop is better for your sleep schedule.  
And lastly,  we have a number industry and university partners dialing in from Melbourne 
and Sydney.  
 
We have a productive  agenda planned for everyone today. As you have probably seen we 
are going to focus this workshop  over a two-hour  time slot with a specific focus on 
narrowing in on the detail to develop a project plan  to address Textile sorting and 
disassembly at scale . Session 1 will very much be a recap of the previous  workshop, 
including footage from the bale breakdown, overview of the textile waste challenge and 
value streams.  
The second session will involve break -out groups to workshop a proposed scenario. This is 
the most important  portion of today as we will have the opportunity to have each 
participant ’s involvement on scoping this project.  
For those of you that don’t know - the A RM Hub is an independent, not -for-profit 
organisation establish ed to facilitate technology uptake for Australian industry. Our 
connections with university partners such as QUT enables us to develop technology 
solutions for industry wide challenges. With regards to the textile waste challenge, we have 
been working with QUT, The Salvos Stores and Kmart Australia to look to develop a 
technology solut ion to address a critical gap in Australia’s sovereign capability to sort and 
disassemble at scale. Alice Payne will talk more on this later in the session .  
It was decided very early on that we will need to obtain input from the industry that we are 
servicing that so we establish a foundation to the project that is built on addressing the 
actual challenges of industry, and not perceived. It has been ARM Hub’s role to date to 
facilitate these workshops and help bring people together, but it is the collective experience 
of all involved  that will drive the outcomes of the project  and ultimately steer the direction.   
The objective of this project is to engage with industry, research organizations and 
government bodies to develop a project plan for the delivery of Robot‐Assisted 
Disaggregation of Textiles, in which people and robotics work together to effectively sort 
and/or disassemble textiles to achieve the best possible end markets for this resource.  
 
Textile Disaggregation Definition:  
For this project, Textile Disaggregation is defined as the sourcing , sorting , disassembly , and 
distribution of recycled textiles for the circular economy.  
For the purpose of  this workshop, we will be focusing on sorting and disassembly . 
 I would now like to welcome Matt Davis from the Salvos Stores to briefly speak about his  
involvement in the project and talk to the reasons why the Salvos Stores are addressing the 
textile waste challenge.   
Matt Davis to speak.  
Thank you Matt. I would now like to invite Chris Foley from Kmart Australia to speak on his 
involvement and background with the project.  
Chris Foley to speak.  
Thank you Chris. It is brilliant to have both organisation s represented here today and to 
have funding commitment to enable these workshops and important discussions.  
 
It is now my pleasure to pass you over to Alice Payne from QUT’s Centre for a Waste Free 
World. Alice has been working on the textile waste challenge long  before this current 
project , and her in volvement  and guidance with these workshops has been  invaluable. Alice 
will now provide you all with an overview of the previous workshop, the textile challenge 
and will introduce the scenario that we all will respond to for the remainder of the 
workshop.  
Over to you Alice.  
 
Change slide.  
 
Alice Payne to speak.  
 
 
 
 
 
 
 
 
 
 "
Literature review.docx.pdf," 
  1.2 Desktop study (literature review) of existing banana de -
handing  technology  
As early as 1985, Franklin identified the mechanisation  of banana de -handing as a means to improve banana 
processing in packing sheds [1].  To better understand why such devices are not commonly found  in banana 
packing sheds, it is vital to understand current practices.  In February 2022, we undertook a time and motion 
study as described in section 2.7 in conjunction with a desktop study of de -handing automation attempts 
documented to date. Banana harve sting, de -handing and packing are still largely manual, repetitive and labour -
intensive processes [2].  The de -handing process occurs once  banana bunches have been transported to the 
packing shed, had their protective covers removed, and have entered the packing shed.  The quality of the cut 
during the de -handing process influences the subsequent grade given to the banana hand [3].  Once  bananas 
are de -handed, the stalk is discarded, and the bananas are sorted into clusters, washed and packed.  Banana de -
handing is a repetitive and labour -intensive task completed at a core integration point in banana processing  
between the field and the packing shed, making de -handing a prime candidate for automation and robotics. It 
is anticipated that automating the de -handing process would decrease manual labour and offer the potential to 
add value to downstream processes such  as grading and sort ing. 
Previous studies in improving the banana de -handing process identified risks of repetitive strain injury to 
workers’ wrists and hands [4].  As a result of these studies, approaches were recommended to minimise the risk 
to de -handers from all injury types.  For example, to reduce de -handers cutting themselves, it was recommended 
that de -handers use mesh gloves on the hand supporting the bana na bunch and mechanical de -handers were 
also explored. Other recommendations included improving packing sheds to allow an adequate workspace to 
prevent de -handers from cutting other operators and reduce repetitive strain injuries through job rotation and 
worker training initiatives.  
   
 
 
 
 
 
 
 
 
A motion study looking to quantify the repetitive strain injuries suffered by banana de -handers identified 
significant strain on workers spines and hips in addition to their wrists and hands [5].  The motion study further 
identified the type of knife as playing a role in the injuries suffered.  The knives used by banana de -handers 
varied between standard knives, curved knives and a unique  spatula style knife.  While completing the motion 
study detailed in [5], all banana de -handers used curved knives developed explicitly for banana de -handing [6].  
The spatula style knives ( Figure 3) comprise a semicircle blade at the end of an extensive handle designed to 
keep the workers' hand clear of the stalk when de -handing bananas.  The semicircle blade of the spatula style 
knives, like the knife described in the patent [7], fits the radius of the banana stalk allowing the de -hander to 
push the knife down to remove the banana hands.  The development of various task -specific knives  Has 
ultimately sought to reduce strain on workers’ hands, wrists, spine and hips. Meanwhile, banana de -handing has 
remained essentially a manual task.  
The earliest attempt identified in the literature to mechanically de -hand bananas literature was a set of spinning 
blades suspended above a tank of water designed and built -in 1985.  After removing the bell, dummy hands and 
shaping the stalk, the de -hander  would lower the bunch into the spinning blades.  While lowering the bunch of 
bananas, the operator could vary the distance between the blades to match the stalk diameter by controlling 
the rotation speed of the device.  The separated hands would fall onto  a rotating foam pad before landing in a 
water bath for washing.  Familiar with the device, Stewart Lindsay Team Leader - Banana Production Systems 
with Department of Agriculture and Fisheries, recalls damage to the fruit was one significant hurdle to 
wide spread implementation of such a device.  Beyond damaging the fruit, the quality of the cut when removing 
banana hands from the bunch affected the grade and subsequent price of the fruit [3]. Because of this quality 
control issue and the significant post -harvesting value of the banana crop [8], much of the existing literature 
focuses on the cutting mechanism of mechanical de -handing.  Figure 3: Spatula style knives 
aim to keep the user’s hands 
clear of the stalk [7].  
 Figure 4: Curved knives 
specifically developed for 
banana de -handing [6].  
 
 
 
Mechanical de -handing splits into two categories, static blade and rotary cutting.  Static blade de -handers utilise 
gravity or pressure from above to feed the stalk of the banana bunch through an adaptive blade or set of combs 
which remove the banana hands  as the stalk progresses.  In contrast to passive blades, the rotary cutting de -
handers use a motor to drive a circular blade down along the stalk to remove the bananas from the bunch.  It is 
important to remember that cut quality needs to be high for eith er approach when separating the hands from 
the bunch.   
Static blade de -handing works by suspending a bunch of bananas above a de -handing mechanism and lowering 
or pushing the bunch. As the bunch lowers, the hands of bananas are removed from the stalk.  While the method 
of de -handing the bananas is similar, the  design of the cutting edge and how it adapts to the changing diameter 
of the banana stalk varies between approaches.  The Ielis patent [9] describes  an adaptable diameter circular 
blade that expands and contracts to suit the stalk. As can be seen in the p atent drawings provided ( figure 5 ), 
four quarter -circle blades slotted into the neighboring  blade while a sprung linkage maintains contact with the 
banana stalk . 
The patent by Zhou [10] describes a set of five comb style blades connected via a pivoting linkage ( figure 4 ).  
Each comb attaches to the pivoting joint with a spring allowing adaption to the stalk's diameter.  Work to 
optimise the comb style banana de -handers ( figure 5 )[11] explored many variables in the mechanism, including 
the number, size and shape of combs, the size of the thin cutting linkages and the speed at which the cutting 
was performed [3].  The banana de -handing device described in [11] and subsequent patent application [12] 
described a seven -bar linkage combed blade ring.  The ring, capable of expanding to a diameter of 164mm and 
compressing to 43mm, comprises six combs and a constant force component ( figure 6 ). As the combs removed 
the hands, the constant force component maintains the mechanism's contact with the banana stalk. Work 
described by Duan in patent [13] decreases the effort and time to de -hand a bunch of bananas.  The mechanism 
consists of three pairs of combs linked with two cutting links that create the circular cutting ring.  The mechanism 
is mounted on top of a movable work surface. The worksurface c an raise and drop, and by raising the mechanism 
and banana bunch the dropping action forced the bunch through the cutting combs.   Static blade de -handers 
used pressure from above or gravity to push the bananas through a series of cutting combs and links t o remove 
the banana hands from the bunches.  Application of these devices showed them to be functional and create 
clean cuts when removing the hands.  
Figure 5: Comb style banana de -handers use an array of comb teeth connected with cutting 
links to follow the shape of the banana bunch stalk [3].   
 
 
 
 
 
 
 
 
 
 
The rotary cutting de -handers use a circular rotating blade, as the name suggests.  The stalk passes through the 
blade's center .  The review found two approaches: a handheld device lowered over the bunch and a static device 
with the bananas lowered through it.  The device created by Shravan and seen in the video [14] shows a 
handheld rotary banana de -hander.  The prototype device is lowered over the banana stalk removing the banana 
hands.  The demonstrated device is cumbersome and inadvertently removes individual bananas from the hands, 
a non -desirable trait.  The pat ented rotary type banana combing machine  described in [15] shows a similar motor 
configuration driving a pully to spin a cutting edge.  
 
 
 
 
 
 Figure 6: The five comb blades 201 
connect ted by pivoting links 202 
follow the shape of the banana bunch 
[10].  
 Figure 7: interconnected quarter -circle 
blades expand and retract sprung with 
link 5 [9].  
 
Figure 8: Compressed of six combs 
connected with a seven -bar linkage the de -
hander is capable of an opening between 
43mm and 164mm [11].  
 Figure 9: Work by Duan added a platform to 
raise and drop the comb style banana de -
hander [13]. The raising and lowering motion 
aids the de -handing process.  
 
 
 
 
 
 
 
 
 
 
The rotary type  of banana combing machine spins a pair of knives that can vary in their distance to adapt to the 
diameter of the banana bunch stalk.  This de -handing device is mounted on a workbench and is fed from the 
top. As described in Zhou’s patent  [16], The ability to vary the diameter of the cutter is an essential part of 
maintaining the quality of the cut when removing banana hands.   The variable -diameter self -adaptive rotary 
banana bunch cutter consists of  eighteen comb -style blades ( figure 10 ).  The diameter between the blades is 
variable to ensure clean cuts when removing banana hands from bunches. Rotary cutting banana de -handing 
mechanisms spin the blades used to cut the banana hands from the bunch.  One de -handing device that did not 
fall into th e fixed blade  or rotary cutting types was the fretsaw banana de -hander ( figure 8 ) [17].  The fretsaw 
banana de -hander uses a fretsaw and clamp to hold the banana bunches and remove the hands.  The clamp 
positioned below the saw holds the bunch in place by grasping the stalk when the saw is engaged to remove the 
hand.   
The findings of the literature review suggest that a successful banana de -handing automation solution will need 
to adapt to the tapering diameter of banana stalks to achieve the clean -cut produced by current manual banana 
de-handing practices. Paired with banana de -handing are also mechanisms for holding or grasping banana 
bunches.  The farms observed in this current study used a chain looped back on itself that pulled tight under 
gravity to hang the bananas.  This review found two patents for c lamping devi ces from the South China 
Agricultural University (SCAU).  The first such device [18] is a reversible self -locking clamp ( From Left, Figure 10) 
using a pair of screws to actuate the mechanism.  The second patent describes a similar self -locking device with 
an over center  latch (  Figure 11: Over -centre self -locking clamp [18]. ) to actuate the clamp [18].  
Similarly, the work in [20] explores automatic pneumatic clamping and detaching of the banana stem.  
Autonomous attaching and detaching of the banana stem during the de -handing process removes one manual 
From Left, Figure 10: Reversible self -locking clamp [17].  Figure 11: Over -centre self -locking 
clamp [18].Figure 12: The stalk is positioned and held in place with a clamp while the 
fretsaw removes the hands.[16]  
 
Figure 6: A variable -diameter self-adaptive 
rotary cutting banana de -hander consists of 18 
comb style cutting blades [15].  
 6: A variable -diameter self -adaptive rotary 
cutting banana de -hander consists of 18 comb 
style cutting blades [15].  
task from the de -handers workload.  
 
The automation of banana de -handing could add value beyond the task of banana de -handing and offers a key 
integration point for adding value to production through improvements in processes prior to and post hand 
removal.  Industry -led attempts at banana ha rvesting automation have seen existing farm equipment such as 
excavators retrofitted with robotic  
banana pickers ( figure 11 ) [20].  The inventor  claimed  such devices decreased  labour costs while noting 
limitations to widespread adaptation, including reluctance to restructure paddocks or change planting practices.  
Further to farm led innovation, there is work exploring banana plant -specific robots and grippers [22].  Yang 
states that specialist grippers for bananas increase safety margins and decrease damage to fruit.  At the same 
time, Zhang proposes a three (3) degree of freedom (DOF) robot arm ( Figure  12: Proposed 3DOF banana 
harvesting robot [22]. ) for banana harvesting [23].  Robotic banana pickers and specialist banana stem 
grippers could be integrated with existing processes as bananas are harvested and enter the packing she  
Despite developments in the use of computer vision for assessing quality to support grading and sorting in 
related applications/crops, the literature review found limited investigation of the use of computer vision to 
support automation in banana de -handin g.  Computer vision has been used for the detection of bananas in the 
paddock as necessary for banana harvesting robots [24].  This ability to segment the hands of bananas using 
colour and texture -based features could be adapted for use in the de -handing processes and value add in the 
sorting and grading of bananas.  Multiple approaches exist to identify banana stalks in the paddock for robotic 
gripper grasping.  M. Chen proposes using stereo cameras to identify the banana stalk and generate a 3D m odel 
(Left, Figure 14: Input and output images for a stereo vision approach to banana stalk 
identification [24]. Left, Figure 14: Input and output images for a stereo vision approach 
to banana stalk identification [24]. ) [25].  
Figure 13: Banana de -hander attachment for and excavator [20]. Figure  12: Proposed 3DOF 
banana harvesting robot [22].   While T. Chen has developed a deep neural network to identify banana bunch stalks [26].  Literature exploring 
computer vision in banana harvesting has demonstrated an ability to segment banana bunches and stalks in the 
paddock.  These existing approaches could be adapted for banana grasping and de-handing and offer the 
opportunity to add value to the process in the packing shed.   
Banana de -handing remains a repetitive, labour -intensive process that can pose a risk to worker safety.  The 
removal of banana hands from bunches upon arrival to the packing shed has been identified as a bottleneck in 
the processing of bananas. This review  looked at existing literature and patents regarding  banana de -handing.  
The literature identifies two mechanical banana de -handing approaches: static blade de -handing and rotary 
cutting de -handing.  The static blade de -hands the bunch utilising gravity or  pressure from above to push the 
banana bunches through a set of variable diameter cutting combs and links.  
Conversely, rotary cutting de -handers use a circular rotating blade, with examples seen of handheld and bench -
mounted equipment.  Both approaches look extensively at adaptable diameter cutting tools to maintain clean 
cuts when removing the banana hand from  the stems.   
This initial desktop study has found that no commercial -ready automation solution has been identified. Cleanly  
removing banana hands from their stalks at a consistent rate will be vital to automating banana de -handing. A 
future solution must address the damage to fruit that has impeded earlier mechanical banana de -handing 
attempts.  Research into banana harvesting robots, and computer vision already in development, offer potential 
new avenues for the development of an effective banana de -handing solutions.   
 
6 Bibliography  
[1] T. G. Franklin, G. Jamieson, and D. Schoorl, “Handling bananas with a mechanical dehander,” Queensl. 
Agric. J. , no. September -October, 1985.  
[2] J. Guo, J. Duan, J. Li, and Z. Yang, “Mechanized Technology Research and Equipment Application of 
Banana Post -Harvesting: A Review,” Agronomy , vol. 10, no. 3, 2020, doi: 10.3390/agronomy10030374.  
[3] Z. Xu, Z. Yang, and Z. Zhu, “Parameter optimi sation sof banana crown -cutting machine using combined 
Left, Figure 14: Input and output images for a stereo vision approach to banana stalk 
identification [24]. Left, Figure 14: Input and output images for a stereo vision approach 
to banana stalk identification [24]. Right,  Figure 15(a): Output of the deep neural 
network designed to identify banana stalks [25]. Right,  Figure 14(b): Output of the deep 
neural network designed to identify banana stalks [25].  cutters,” Curr. Sci. , vol. 117, no. 3, pp. 492 –497, 2019, doi: 10.18520/cs/v117/i3/492 -497.  
[4] B. G. Lemin Craig, Lindsay Stewart, “Improved fruit handling systems,” 1999.  
[5] G. Merino, L. da Silva, D. Mattos, B. Guimarães, and E. Merino, “Ergonomic evaluation of the 
musculoskeletal risks in a banana harvesting activity through qualitative and quantitative measures, with 
emphasis on motion capture (Xsens) and EMG,” Int. J. Ind. Ergon. , vol. 69, pp. 80 –89, Jan. 2019, doi: 
10.1016/j.ergon.2018.10.004.  
[6] “Banana Knives | Cutting Knife | Hyde IBS.” 
https://www.industrialbladesandknives.com/products/hand -knives -mill-knives/banana -knives/ 
(accessed Feb. 02, 2022).  
[7] M. H. JIN ZHIQIANG, WANG JIASHUI, XU BIYU, “CN202979733U Banana comb cutter,” CN202979733U, 
2013.  
[8] D. Mohapatra, S. Mishra, C. B. Singh, and D. S. Jayas, “Post -harvest Processing of Banana: Opportunities 
and Challenges,” Food and Bioprocess Technology , vol. 4, no. 3. Springer, pp. 327 –339, May 22, 2011, 
doi: 10.1007/s11947 -010-0377 -6. 
[9] Z. Z. DUAN JIELI, YANG ZHOU, “CN103584264A Inserting cutting type variable diameter banana shaft 
removing and combing cutter self -adaptive to diameter of banana,” CN103584264A, 2014.  
[10] Y. ZHOU and W. Z. DUAN JIELI, LI JUN, ZHU ZHENGBO, XU ZEYU, “CN106900280A Inserting and cutting -
type banana comb drop tool,” 2017.  
[11] J. Guo et al. , “Design and experiment of banana de -handing device based on symmetrical shape 
deployable mechanism,” Symmetry (Basel). , vol. 12, no. 3, p. 415, Mar. 2020, doi: 
10.3390/sym12030415.  
[12] J. H. YANG ZHOU, GUO JIE, JIN MOHUI, XU ZEYU, DUAN JIELI, MO JIASI, “CN108720059A Inserting and 
cutting type banana combing device capable of surrounding banana stems in self -adaptive manner,” 
CN108720059A, 2018.  
[13] Y. Z. DUAN JIELI, ZHU ZHENGBO, “CN104126369A Reducing impact insertion -cutting type annular 
banana comb cutting device,” CN104126369A, 2014.  
[14] K. S. Roy Shravan, Banana De -handing Machine - YouTube . India, 2014.  
[15] Y. G. YANG ZHOU, DUAN JIELI, ZHU ZHENGBO, LI JUN, “CN103141321A Rotary type banana combing 
machine,” CN103141321A, 2013.  
[16] J. H. YANG ZHOU, GUO JIE, JIN MOHUI, XU ZEYU, DUAN JIELI, MO JIASI, “CN108576877A Variable -
diameter self -adaptive rotary cutting type banana bunch cutter,” CN108576877A, 2018.  
[17] G. J. YANG ZHOU, XU ZEYU, DUAN JIELI, JIN MOHUI, SUN JIANFENG, “CN107637271A Fretsaw cutting 
device,” CN107637271A, 2018.  
[18] H. J. YANG ZHOU, ZHU ZHENGBO, DUAN JIELI, SUN JIANFENG, ZHANG ZHUOWEI, HUANG YANGQING, 
GU YAO, “CN105773465A Self -locking type banana ear and ear rod clamping device capable of being 
turned over,” CN105773465A, 2016.  
[19] S. Z. YANG ZHOU, ZHU ZHENGBO, DUAN JIELI, SUN JIANFENG, QIU HAN, CHEN ZHAOCHUN, ZHU 
QINGCHUANG, “CN105773463A Self -locking type banana ear and ear rod clamping device,” 
CN105773463A, 2016.  
[20] Z. Zhu et al. , “Parameter optimi sation and experiment of pneumatic holding part for banana crown cutting,” Trans. Chinese Soc. Agric. Eng. , vol. 32, no. 4, pp. 33 –39, 2016.  
[21] “Mechanical banana harvester way of future inventor says | Australian Banana Growers.” 
https://abgc.org.au/2018/09/06/mechanical -banana -harvester -way-of-future -inventor -says/ (accessed 
Feb. 05, 2022).  
[22] Z. Yang et al. , “Experimental Study on Clamping Safety Margin of a Banana Stem Gripper,” IFAC -
PapersOnLine , vol. 51, no. 17, pp. 560 –564, Jan. 2018, doi: 10.1016/J.IFACOL.2018.08.145.  
[23] C. Zhang, L. Yin, and H. Zhang, “System Design and Kinematics Analysis of 3 -DOF Agricultural Picking 
Arm,” 2021 5th Int. Conf. Robot. Autom. Sci. ICRAS 2021 , pp. 187 –192, Jun. 2021, doi: 
10.1109/ICRAS52289.2021.9476617.  
[24] L. Fu et al. , “Banana detection based on color and texture features in the natural environment,” Comput. 
Electron. Agric. , vol. 167, p. 105057, Dec. 2019, doi: 10.1016/j.compag.2019.105057.  
[25] M. Chen et al. , “Three -dimensional perception of orchard banana central stock enhanced by adaptive 
multi -vision technology,” Comput. Electron. Agric. , vol. 174, p. 105508, Jul. 2020, doi: 
10.1016/J.COMPAG.2020.105508.  
[26] T. Chen, R. Zhang, L. Zhu, S. Zhang, and X. Li, “A Method of Fast Segmentation for Banana Stalk Exploited 
Lightweight Multi -Feature Fusion Deep Neural Network,” Mach. 2021, Vol. 9, Page 66 , vol. 9, no. 3, p. 
66, Mar. 2021, doi: 10.3390/MACHINES9030066.  
[27] “Victorinox Swibo Fish Filleting Knife Flexible Blade 20cm | Victorinox Swibo Knives.” 
https://www.kitchenware.com.au/victorinox -swibo -fish-filleting -knife -flexible -blade -20-
cm.html?gclid=Cj0KCQiAybaRBhDtARIsAIEG3kmFhQ0HU5 -
IhO0IItd1Yo5KfiGHxIBRz2fu6jL kjMvzFa3L2OToy_YaAjFrEALw_wcB (accessed Mar. 14, 2022).  
[28] “Abrasive waterjet cutting goes robotic.” 
https://www.thefabricator.com/thefabricator/article/waterjetcutting/abrasive -waterjet -cutting -goes -
robotic (accessed Feb. 22, 2022).  
[29] “Food Laser Applications for Laser Engravers and Cutters.” https://www.epiloglaser.com.au/how -it-
works/food.htm (accessed Mar. 06, 2022).  
[30]   ""LASER CUT FRUIT AND VEGETABLE LABELS – Eco Design Thinking – Sustainable solutions for business"", 
Ecodesignthinking.com, 2022. [Online]. Available: https://www.ecodesignthinking.com/portfolio -item/fruits -
vegetables -laser -label/. [Accessed: 20 - Apr- 2022].  
[31]    [Online]. Available: https://www.micromark.com/Web%20Store%20Images/87637_R -1.jpg. [Accessed: 
20- Apr- 2022].  
 
 "
Mainetec_site visit assessment v3.docx.pdf,"Mainetec  Site Visit Assessment  
December 2021  
ARM Hub Representatives:  
Professor Will Browne, Chair in Manufacturing  Robotics  
Melissa Nugent, Business Development Manager  
Lewis Humphries, Business Development Officer  
Additional contributions from David Hedger, Head of Project Services  
 
Mainetec  Contacts:  
Primary contact: Luke  Denton (Workshop Manager)  
Additional contacts: Brett Hampson  
 
 
Overview and Growth Opportunities  
 
Mainetec provides a range of high -quality services, for mining and related industries, 
including rebuilds, parts, fabrication and repair. This includes dragline buckets, walkways, 
chutes, stairs, wear liners, excavator buckets, booms, stick and side frames  and PTAW 
(Plasma Transfer Arc Welding). Machinery is large scal e – including a 49m3 excavator 
bucket which they see once per year.  
 
Mainetec experiences high variability and volume of jobs, with no single , repetitive task  
requirement.  Parts are assessed for repair a fter they arrive in the facility. A condition 
monitoring application developed by Mainetec  supports their assessment of wear and 
maintenance requirements. It is understood that the app shows a heat map for high wear 
areas.  Meshing of the 3D scans currently poses challenge s. The workshop uses Solidworks 
for drafting.  
A typical custom rebuild cycle for a mining bucket is 16 to 20 weeks  and costs around $900k . 
This includes stripping down, adding new parts etc. Excavator buckets can be re -built up to 
8x times before they are decommissioned. Rope shovel buckets  can be re -built 10x times 
before replacing. Buckets can be up to 900 tonne.  
 
Some of the machinery can be 10 -years old, having already had eight to ten prior rebuilds. At 
that stage , major components start to be replaced. Over time, this work has led Mainetec to 
develop new products such as the bracket which was designed to move more efficiently 
achieving less wear on the machine. These designs give Mainetec a further competitive edge 
in the market.  A further design development over time has been linerless buckets . 
 
Mainetec acutely feels the shortage of skilled staff in the region and plays a role in 
develop ing the next generation of technicians  with a sustained apprenticeship program that 
hires four apprentice boilermakers each year.   
Mainetec’s leadership considers d igital transformation to be crucial for the business.  
The demand for local sustainment of heavy machinery is growing due to supply chain issues 
and Mainetec is well placed to benefit from this demand . Recent ly Mainetec has entered into 
a longer term contract with major mining compan y, Rio Tinto,  and this creates a further 
opportunity to partner in different ways to invest in the improve ment of  sustainment 
approaches  and return on investment for both Mainetec and the mining partner . 
 
Technology Chall enges/Opportunities  
An investigation of ways to reduce maintenance downtime in mining shovels could lead to a 
significant competitive advantage for Mainetec. The current practice for shovel front end 
assembly repair is based on mining company experience and history . There are 
standardised s ervice cycles in the industry. However in practice,  predictive maintenance is 
based on current wear.  
Working with major partner, Rio Tinto, there are six sites , with three broad categories of iron 
ore (waste, low grade and high grade) . However , there is significant variability in material and 
how aggressive each site is in terms of bucket wear and tear. Measurements of material 
thickness, hours and volume of material moved are used to support predictive maintenance.  
Ultimately, technical solutions would inform Mainetec’s ability to prefabricate buckets and/or 
bucket repairs to reduce the lead time of refurbishments for their clients.  
Goal is to reduce throughput time from12 to 4 -6 weeks through pre -fabrication.  
Opportunity one: Predictive maintenance  through real time data collection  
There is an opportunity to investigate methods of real time detection and measurement 
(sensing) of wear to more accurately predict failure , better prepare for sustainment (reducing 
throughput time)  and reduce overall equipment down time.   
Further, if level of wear and likely requirements of repair were known prior to receiving, there 
would be an opportunity to secure parts/materials and/or pre-fabricate, saving significant time 
and workshop space and increasing throughput.   
Mainetec ha s representatives located at various mining sites which could be engaged to 
undertake scans on site. The challenges include limited connectivity to internet, controlled 
sites (e.g., BHP owns the site), and data management to process the information. Google 
glasses are already in -use by the company . However the ir use is affected by poor reception 
on site.  
 
A range of technologies may be relevant , depending on what the maintenance teams need to 
know . For example, m easurements like vibration magnitude over time, which might imply 
accelerating wear, can be taken by logging sensors attached t o buckets . Other technologies 
like thickness checking with laser or photogrammetry techniques could be useful . Drone 
mounted technology has been developed by CSIRO and is commercially available that 
enables detailed scanning. The approach varies greatly in complexity and cost  depending on 
how much of the bucket needs to be scanned.  
If not already available , one way forward would be to undertake a feasibility study of existing 
and emerging technology. This would be developed based on initial review of data held 
regarding maintenance issues and variables as well as interv iews with stakeholders  – to 
technically define the problem/challenge . The outcome of such a study would be 
identification of the most feasible technologies that could be pursued , including availability 
and development requirements.  
ARM Hub can also assist to develop technical specifications and to determine whether and 
how these technologies could be applied in a cost -effective way over a diverse fleet/sites .  Opportunity two: Data collection in workshop  
To assist their maintenance workshop, Mainetec are interested in scanning technologies that 
can quickly produce accurate 3D measurements of buckets. This would allow drafters to 
generate plans and order materials for replacement parts quickly, reducing the  time taken to 
get the bucket back on -site.  
Such scanning systems could also be used to track wear between services, allowing 
Mainetec to perform predictive maintenance on parts that are wearing faster than expected 
at a given site. Data about these quick -wearing parts could be used to inform future  designs. 
Both these applications could be enhanced by combining in -workshop scanning with real -
time data collection systems collected by Mainetec at the client’s sites.  
There are several technologies in this space that could be suitable, the most powerful of 
which would be fused laser and accelerometer systems like CSIRO’s Wildcat, where a 
sensor can be walked or flown around a target bucket to produce millimetre accurate  models. 
These models could then be compared with the original CAD models of the buckets using a 
process called registration, and any defects or wear patterns could be highlighted.  
Laser systems like Wildcat and photogrammetry, the other major scanning technology, can 
both be disrupted by certain materials and lighting conditions, so some testing will have to be 
performed if these conditions cannot be controlled by Mainetec’s worksho p. 
ARM Hub could help select, evaluate, and customise these technologies for Maintec’s 
needs, bringing along research and development assistance if off -the-shelf products can’t 
achieve what is needed . 
Opportunity three: Automated welding  
Mainetec  currently uses PTAW welding to hardface its ground engagement tools. PTAW 
allows the use of powdered filler materials that are often harder and cheaper than wire -drawn 
filler. The disadvantages of PTAW are that it can be difficult to use in arbitrary orie ntations 
and is most effective in the flat (1G/1F) position. This means that complex parts must first be 
disassembled so they can be effectively welded, increasing maintenance time.  
There has been research into supporting PTAW welding in more complicated positions, 
which could allow for hardfacing on assembled parts, saving disassembly time. The 
downside is that controlling the weld process would likely require the use of a high degre e-of-
freedom robotic arm to ensure consistency.  
As this is not a solved problem but has high potential to deliver a solution that would be world 
leading, it is the  sort of problem  that would best be addressed through a research project 
using ARM Hub robotics resources and research partners.  This could be scoped as a 
commercial research project and/or grant funding could be sought to offset some of the R&D 
costs.  
Opportunity four: Data management  
Mainetec uses Solidworks as their primary CAD package and has a library of over 3500 
models. Some of these models are over 1000MB in size, and the cloud storage solution 
Mainetec is using is reportedly slow and clunky.  A common solution here is to use virtualisation, a service offered by many IT specialists 
where a company runs all user machines as virtual desktops, with the actual software, data, 
and specialised workstations living in a server rack somewhere. This allows many users to 
share the same high -end hardware fr om their low -power personal machines and never need 
to transfer any models over the internet.  
ARM Hub could help research potential suppliers of virtualisation technology and supply 
them with a specification for Main etec’s use case.  
Option 5: Grant support:  
Mainetec  could be well positioned to leverage grant support.  
ARM Hub can support by review ing and provid ing input to automation equipment 
spec ification s as well as provide feedback to strengthen application  and the case for 
advanced manufacturing funding.  
 "
Mark Porter - Principal Consultant - Data And Insights.docx.pdf,"versent.com.au  
stax.io  
VERSENT  VERSENT  Consultant  Bio  
 
 
 
 
 
 
 
 
Sharon  Holden  
 
 
 
 
 
 
 
 
 
 
 
 
 
 
 
 
 
  
 
 
Mark  Porter  
Principal  Consultant  (Data  & 
Analytics)  
 
Mark  is a keen data architecture  and data 
management  professional  with over 15 years  
of experience  across  a variety  of platforms,  
technologies,  and roles.   
 
He enjoys  collaborating  with people  and 
organisations  to help develop  and implement  
data strategies,  visions,  roadmaps,  and 
governance  frameworks.  
 
He also has a rich experience  in leading  and 
guiding  teams  in implementing  and managing  
cloud  data,  data warehouse,  data visualisation , 
and MDM  platforms.  
 
 
PREVIOUS  EXPERIENCE  
 
Data  & Analytics  Platform  Delivery  Manager   
The Star Entertainment  Group   
 
Data  Architec t  
The Star Entertainment  Group  
 
Integration,  Data,  & Quality  Manager  
The Star Entertainment  Group  
 
TECHNOLOGY  SUMMARY  
Microsoft  Azure,  Databricks,  Power  BI, Power  
Platform,  Striim  (CDC),  IBM Infosphere  MDM,  
Informatica  PowerCenter,  SSIS, SSRS,  
Tableau,  Cognos,  SQL Server,  Oracle,  DB2 
 
 
 PROJECTS  
 
Data Delivery  Enablement  – The Star Entertainment  Group   
 
As part of Star’s  data modernisation  transformation  Mark  led the architectural  
team  and development  team  in investigating,  assessing,  and implementing  a 
green  field modern  cloud  data platform . Mark  and the team  designed  and 
implemented  (primarily  using  Azure  services,  a CDC platform,  Databricks,  and 
Power  BI) a new platform  made  up of a data lake, API layer , data marts,  data 
warehouse,  and data visualisation  platform  to replace  an existing  on-prem  
data warehouse  and to also meet  long term  strategic  operational  needs.   
 
Know Your  Customer  (KYC)  Uplift  – The Star Entertainment  Group   
 
Star identified  the need  to improve  its existing  Anti-Money  Laundering  and 
Responsible  Gaming  capabilities  with a solution  that could  scale  across  
millions  of customers  and their interactions.  Mark  engaged  with stakeholders  
to understand  the regulator y, compliance,  and organisational  requirements , 
and then work ed with architects  and developers  to design  and implement  a 
solution  (primarily  using  Azure  services,  Service  Bus integrations,  Databricks,  
and Power  BI) that was fast, robust,  and scalable.  What was previously  weeks  
of manual  work  became  automated  processes  that ran in hours,  if not in 
minutes . The resulting  dashboards  and operational  alerts  allowed  the 
consumers  to focus  on actionable  outcomes  for customers  and the 
organisation , and dramatically  improved  their visibility  of ‘at risk’ customers  
and questionable  behaviours.  
 
Single View  of Customer  – The Star Entertainment  Group   
 
A project  was undertake n by Star to consolidate  their core gaming  systems  
into a single  replicated  platform.  Mark  was responsible  for leading  the data 
migration  and data integration  streams , which  included  over 1.5 million  
customer  records  and 15+ integration  points.  Working  with business  and 
technical  teams  Mark  developed  data migration  strategies , integration  
solutions,  impact  & data quality  assessments,  and data deduplicating  
approaches . Mark  then oversaw  the implement ation  and testing  of the 
solution  through  to production.  The project  resulted  in a 20% reduction  in 
customer  data and a single  view of core customer  data for the organisation  
across  many  critical  platforms .  
 
SKILLS  / AREAS  OF EXPERTISE  
• Team  Building  & Leadership  
• Stakeholder  & Vendor  Management  
• Data Architecture  & Governance  
• Data Modelling,  Integration , & Migration  
• Cloud  Data Platforms  
• Data Warehouses  
• Data Visualisation  Platforms   
• Master  Data Management  "
Meeting notes Troy.docx.pdf,"YGCC Meeting 08/06/2022  
 
Attendee’s  
• YGCC  
o Scott  
o Corey  
o Cam  
o Ryan  
o Jace (online)  
• ARM  
o Anthony  
o Troy  
o Tim 
 
Additional  SIM model to create  
• Top wrap (decrease time in the container add time for forklift)  
• Wrap pallet before pushing back (stack and wrap not parallel)  
• Look at Kaizen data for skews  
• Reload cartridge every 2nd pallet ( forklift  penalty)  
• Coles  
• Replace pallet on each forklift run  
New Sim Assumptions  
• Bunnings should be about 60/40 (waist productive)  
• Human waist 15%  
Simulation update  
• Allow for a single worker  
o Review Kaizen data for matrix  
Prototype  
• Add tong to pull pallet in.  
• Blocker needs to be flush with the ground or at forklift end  
• Self-level for entry  
• Tapered towards the front  
• Test the ramp model  
• Explore pallet lifters  
 
Design specific considerations  
•  Need to determine the clearance between the top of Polaris and the container ceiling.   
•  Useful to run a sim around one pallet.   
•  Confirm pallet stack height of 1.6m?   
•  Can Polaris incentivise  staff to become more productive?   •  Synchronised status indication system (LED?)   
•  Explore the accommodation of various pallet wrap options, full wrap, ¼, ½, ¾, etc.   
•  Narrow the front section of the device to improve staff accessibility to place cartons at the rear of 
the pallet.   
•  Possibly have a tongue on the front of the device for the forklift to place the pallet easier.   
•  Polaris needs to be stable when in use.   
•  Loscam and Chep are main pallet companies.   
•  Possibly have internal storage capabilities for the wrap, etc.   
•  Could a wider wrap material be used.   
•  Step could wrap around sides.  
•  Need  to confirm our strategy around the design/functionality of a possible front step/side step, 
and safety aspects to consider.   
•  Weigh up mechanical/electronic solutions.   
•  Softer consumables could augment aspects of the design.  
 "
Minor Services Agreement.docx.pdf," 
OFFICIAL  
This document contains information proprietary to ASC Shipbuilding Pty Limited or to another party to which ASC Shipbuilding Pty Limited ma y 
have a legal obligation to protect such information from unauthorised disclosure. Subject to the express terms of any Contrac t between ASC 
Shipbuilding Pty Limited and the party to which this document is revealed, any disclosure, use or duplication of this documen t or of any of the 
information contained herein for other than the specific purpose for which it was disclosed is express ly forbidden, except as ASC Shipbuilding Pty 
Limited may otherwise agree in writing . 
Unpublished Work © 2020 ASC Shipbuilding. All Rights Reserved.        Page 1 of 32 
ASC SHIPBUILDING PROPRIETARY  
OFFICIAL    
 
 
 
 
ASC Shipbuilding  Standard Form Minor 
Services Agreement  
 
 
 
 
ASCSB BMS Document Number:  LEG.ASCSB.14 .HB 
Document Issue:  1 
Issue Date:  20 August 2020  
 
 
 
 
 
  
 
To request a change to any ASCSB BMS document, please raise a Change Request (CR) from  here 
Refer to DOC. ASCSB .nn.SP – ‘Operate Change Request System ’ for further information  
 
 
 
Document Number :  LEG.ASCSB.14.HB  
Document Issue :  1 
 
 
  Page 2 of 32 
BAE SYSTEMS IN CONFIDENCE  THIS MINOR SERVICES AGREEMENT  is made on the Effective Date.  
BETWEEN  
(1) ASC SHIPBUILDING PTY LIMITED ACN 051 899 864 of Building 01,  trading as BAE Systems 
Maritime Australia,  Level 2, 640 Mers ey Road North , Osborne , South Australia, 50 17 (“ASC 
Shipbuilding” ); and  
(2) The party described in the Schedule to this Agreement (together with its executors, administrators 
and permitted assigns) ( “Contractor” ). 
Each a “ party ” and collectively the “ parties ”. 
BACKGROUND  
(A) ASC Shipbuilding has requested and the Contractor has agreed to provide ASC Shipbuilding with 
the Services.  
(B) The parties agree that the supply of the Services shall be on the terms and conditions set out in this 
Agreement.  
IT IS AGREED  
1 Definitions & Interpretation  
1.1 In this Agreement unless the context otherwise requires:  
“Agreement”  means these terms and conditions, the Schedule and any annexures.   
“ASC Shipbuilding Premises” means any of the following that is owned, leased, occupied or 
operated by ASC Shipbuilding:  
(a) an area of land or any other place (whether or not enclosed or built on);  
(b) a building or other structure; and  
(c) a vehicle, a vessel (including a submarine) or an aircraft.  
“ASC Shipbuilding Representative” means the person nominated in Item 5(a) of the Schedule.  
“Authorisations”  means a licence, accreditation, permit, registration, regulatory approval, export 
approval or other documented authority (however described), required by law and necessary for the 
delivery of the Services or the performance of this Agreement.  
“Background IP” means IP that is:  
(d) in existence before the Effective Date; or  
(e) brought into existence after the Effective Date other than as a result of the performance of 
this Agreement,   
Document Number :  LEG.ASCSB.14.HB  
Document Issue :  1 
 
 
  Page 3 of 32 
BAE SYSTEMS IN CONFIDENCE  and which is embodied in, or attached to, the Services provided under this Agreement, or is 
otherwise necessarily related to the Services.  
“BAE Systems Group”  means BAE Systems Australia Holdings Limited and any of its related 
bodies corporate within the meaning of Section 50 of the Corporations Act 2001  (Cth).  
“Circuit Layout”  means a circuit layout that is protected under the Circuit Layouts Act 1989  (Cth) 
or the corresponding laws of any other jurisdiction.  
“Commonwealth” means  the Commonwealth of Australia represented by the Department of 
Defence.  
 “Commonwealth Premises”  means any of the following that is owned, leased, occupied or 
operated by the Commonwealth:  
a. an area of land or any other place (whether or not enclosed or built on);  
b. a building or other structure; and  
c. a vehicle, a vessel (including a submarine) or an aircraft.  
“Commonwealth Service Provider” means a person (including an officer or employee of the 
person) engaged to perform a function, or discharge a duty, of the Commonwealth, including a 
person engaged to provide:  
(a) any accounting, auditing, legal, taxation, financial, administrative, negotiation, business 
advisory, procurement support or other similar professional services; or  
(b) technical management or assurance services, including in relation to verification and 
validation, safety, certification, security, or capability development.  
“Contract Price”  means the contract price specified in Item 3 of the Schedule.  
“Contractor’s Personnel” means the Contractor’s employees, agents, officers, representatives, 
subcontractors and suppliers.  
“Contractor’s Representative” means the person nominated in Item 5(b) of the Schedule.  
“Copyright” means any existing or future copyright as defined under the Copyright Act 1968  (Cth) 
or the corresponding laws of any other jurisdiction in any original literary and artistic works, computer 
programs and Software, sound recordings and any other works or subject matter whether stored 
electronically or otherwise in which copyright sub sists and may subsist in the future.  
“Cyberworthiness” means an assessment of the cyber security of ASCS, the Contractor, 
Subcontractors and suppliers involved in the provision of the Services, and the establishment of a 
mature cyber security regime for operation and sustainment of the Services.  
“Cyberworthiness Program”   means a program that seeks to establish a mature cyber security 
management regime. The objectives of the Cyberworthiness Program are to:  
a. assess the cyber security of the Contractor, Subcontractors and suppliers involved in the 
provision of the Services; and   
Document Number :  LEG.ASCSB.14.HB  
Document Issue :  1 
 
 
  Page 4 of 32 
BAE SYSTEMS IN CONFIDENCE  b. establish a mature cyber security regime for operation and sustainment of the Services.
  
“Day” means calendar day.  
“Defence” means the Department of Defence and/or the Australian Defence Force.  
“Defence Personnel” means an employee of the Department of Defence or a member of the 
Australian Defence Force (whether of the Permanent Forces or Reserves as defined in the Defence 
Act 1903 (Cth)) and the equivalents from other organisations on exchange to Defence.  
“Defence Purpose” means a purpose related to any of the following: (a) the defence and defence 
interests of Australia; (b) the national security of Australia; (c) the provision of aid or assistance in 
respect of an emergency or disaster (whether natural or otherwise); (d) peacekeeping or peace 
enforcement activities; and (e) sublicensing to a Commonwealth Service Provider for the purposes 
of providing services to or for the benefit of the Commonwealth.  
“Defence Service Providers” means a person, other than Defence Personnel, involved in Defence 
work or engaged by Defence.  
“Effective Date (or ED)” means the date on which this Agreement is signed by the parties, or if 
signed on separate days, the date of the last signature.  
“Foreground IP ” means IP which is created under or otherwise in connection with this Agreement.  
“Government Furnished Material (or GFM )” means material, data, equipment, information or other 
property provided by the Commonwealth to ASC Shipbuilding, who will then provide this property to 
the Contractor for use by the Contractor in relation to this Agreement (regardless of whether the 
mater ial, data, equipment or information is identified as “GFM” or otherwise).  
“GST”  means a goods and services tax imposed in accordance with A New Tax System (Goods 
and Services Tax) Act 1999  and related legislation enacted by the Commonwealth of Australia.  
 
“Head Contract” means the agreement between the Commonwealth and ASC Shipbuilding for the 
design and delivery of Hunter Class Frigates for the Royal Australian Navy.  
“Hunter Class Frigate Program” means SEA 5000 Phase 1 (the Future Frigate Project) for the 
acquisition of nine ‘Hunter Class’ frigates by the Commonwealth for the Royal Australian Navy.  
“Intellectual Property” ( or IP) means all present and future rights conferred by law in relation to 
any of the following:  
(a) Copyright;  
(b) rights in relation to a Circuit Layout, Patent, Registrable Design or Trade Mark (including 
service marks); or  
(c) any other rights resulting from intellectual activities in the industrial, scientific, literary and 
artistic fields recognised in domestic law anywhere in the world whether registered or 
unregistered.    
Document Number :  LEG.ASCSB.14.HB  
Document Issue :  1 
 
 
  Page 5 of 32 
BAE SYSTEMS IN CONFIDENCE  “Licence” means  a non -exclusive, royalty -free, irrevocable, perpetual, sub -licensable, world -wide 
licence.  
“Modern Slavery” means any activity, practice or conduct that would constitute or in any way be 
consistent with slavery, forced labour, involuntary servitude, debt bondage, human trafficking, or 
other slavery -like exploitation, and which is prohibited or defined as a moder n slavery offence under 
any applicable anti -slavery and human trafficking laws, statutes and codes from time to time in force, 
including but not limited to the Criminal Code Act 1995  (Cth), the Modern Slavery Act 2018  (NSW), 
the Modern Sla very Act 2018  (Cth), and the Modern Slavery Act 2015  (UK).  For the avoidance of 
doubt, Modern Slavery includes any conditions or practices similar to those prohibited under those 
laws, statutes, regulations and codes.  
“Moral Rights” means each of the following rights:  
(a) a right of attribution of authorship;  
(b) a right not to have authorship falsely attributed; and  
(c) a right of integrity of authorship.  
“Patent” means the rights and interests in any registered, pending, or restored standard or 
innovation patent under the Patents Act 1990  (Cth) or the corresponding laws of any other 
jurisdiction, including all provisional applications, substitutions, continuations, continuations -in-part, 
continued prosecution applications including requests for continued examination, divisions, 
additions a nd renewals, all letters patent granted, and all reissues, re -examinations and extensions, 
term restorations, confirmati ons, registrations, revalidations, revisions and supplemental protection 
certificates.  
“Personal Information” means information or an opinion about an identified or reasonably 
identifiable individual and the contact details or tax file number of any person, in all cases where 
obtained by or on behalf of a party or any of its employees, agents, officers or contract ors in 
connection with this Agreement.  
“Policies”  means all ASC Shipbuilding policies applicable to the Services (as updated from time to 
time) including but not limited to policies relating to (i) safety, health and environment, and (ii) drugs 
and alcohol.  
“Purchaser Furnished Materials  (or PFM )” means material, data, equipment, information or other 
property provided by ASC Shipbuilding for use by the Contractor in relation to this Agreement 
(regardless of whether the material, data, equipment or information is identified as “PFM” or 
otherwise).  
“Registrable Design” means a design able to be protected under the Designs Act 2003  (Cth) or 
the corresponding laws of any other jurisdiction.    
Document Number :  LEG.ASCSB.14.HB  
Document Issue :  1 
 
 
  Page 6 of 32 
BAE SYSTEMS IN CONFIDENCE  “Relevant Work”  in relation to a Step In, means the work of the Contractor contemplated by the 
Agreement (including design, construction, installation, integration, testing and trialling) that is the 
subject of a Step in Notice and which work is undertaken at the land an d infrastructure at the Osborne 
South Naval Shipyard in South Australia owned and administered by Australian Naval Infrastructure 
Pty Ltd.  
“Services”  means those services described in Item 1 of the Schedule.  
“Step In” means the exercise of, or action of exercising, a Step In Right under clause 19 of the 
Agreement.  
“Step In Date” means the date of the relevant Step In Notice, or a later date specified in the Step 
In Notice.  
“Step In Notice” has the meaning in clause 19 of the Agreement.  
“Step In Rights” has the meaning in clause 19 of the Agreement.  
“Software” means a collection of computer code comprising a set of instructions or statements used 
directly or indirectly by a computer to bring about a certain result in relation to the deliverables under 
this Agreement, (including using a computer programming langu age to control a computer or its 
peripheral devices) and includes computer programs, firmware and applications, but excludes 
Source Code.  
“Source Code” means the expression of Software in human readable form which is necessary to 
understand, maintain, modify, correct and enhance that Software.  
“Subcontractor” means a subcontractor that is listed at item 4 in the Schedule or otherwise 
approved by ASC Shipbuilding under clause 28.1.  “Subcontract” has a corresponding meaning.  
“Term”  means the term specified in Item 2 of the Schedule.  
“Third Party IP”  means IP which is owned by a party other than ASC Shipbuilding or the Contractor 
or the Subcontractor and is embodied in the Services, or attaches to, the Services or is otherwise 
necessarily related to the Services.  
“Trade Mark”  means a trade mark protected under the Trade Mark Act 1995 (Cth) or corresponding 
laws of any other jurisdiction.  
“Working Day” means in relation to the doing of an action in a place, means any day in that place 
other than:  
(a) a Saturday, Sunday or public holiday; and  
(b) any day within the two -week period that starts on:  
(i) the Saturday before Christmas Day; or  
(ii) if Christmas Day falls on a Saturday, Christmas Day.  
  
Document Number :  LEG.ASCSB.14.HB  
Document Issue :  1 
 
 
  Page 7 of 32 
BAE SYSTEMS IN CONFIDENCE  1.2 In this Agreement:  
(a) the singular includes the plural and vice versa;  
(b) unless otherwise stated, references to sub -clauses, clauses and annexes are to 
sub-clauses, clauses and annexes to this Agreement;  
(c) clause headings are for reference only and shall not affect the construction or interpretation 
of this Agreement;  
(d) the words “include” or “including” are to be construed as meaning without limitation;  
(e) a “person” includes any individual, partnership, firm, company, corporation, joint venture, 
trust, association, organisation or other entity, in each case whether or not having a separate 
legal personality;  
(f) references to an Act is  a reference to an Act of the Commonwealth of Australia, or State or 
Territory of Australia, and includes a reference to any regulations or other subordinate 
legislation made under the Act; and  
(g) references to an Act or any Rules is a reference to that Act or Rules as amended or 
re-enacted from time to time and references to any agreement or deed include any 
variations, amendments or novations of that agreement or deed.  
2 Contractor’s Obligations  
2.1 The Contractor agrees to perform (and ensure that the Contractor’s Personnel perform) the Services:  
(a) in accordance with the terms and conditions of this Agreement during the Term;  
(b) diligently, competently and with due care and skill;  
(c) behaving ethically in all aspects of its business;  
(d) in a prompt and timely manner;  
(e) in compliance with all laws including legislation and regulations;  
(f) in a manner that is safe to both people and the environment assessed against the higher of 
industry best practice and legislative requirements;  
(g) in compliance with ASC Shipbuilding’s Policies, procedures, practices and any reasonable 
directions and requirements of ASC Shipbuilding as notified by ASC Shipbuilding to the 
Contractor or the Contractor’s Personnel where the Services are being performed or partly 
performed at ASC Shipbuilding’s premises; and  
(h) utilising equipment that is suitable for the performance of the Services and maintained by 
the Contractor in good working condition.  
2.2 The Contractor agrees that:   
Document Number :  LEG.ASCSB.14.HB  
Document Issue :  1 
 
 
  Page 8 of 32 
BAE SYSTEMS IN CONFIDENCE  (a) it is responsible for remedying any environmental damage or degradation directly caused 
by its actions or omissions in performing the Services which are not expressly authorised 
within the scope of the Services;  
(b) it will pay when due:  
(i) all taxes and fees imposed on it by reason of its performance of the Services 
including, but not limited to, sales, excise, GST, income and other taxes, licences, 
permits and registration fees, employment taxes and contributions imposed on it by 
any applic able law, or trade union contracts or regulations, with respect to or 
measured by compensation (wages, salaries, or other) paid to the Contractor’s 
Personnel; and  
(ii) import and export licence fees, taxes and duties imposed on the Contractor in 
relation to performance of the Services;  
(c) it will promptly notify and fully disclose to ASC Shipbuilding, any event or occurrence actual 
or threatened during the performance of the Agreement which may materially adversely 
affect the Contractor’s ability to perform any of its obligations under the Agreement; and  
(d) it must ensure that any data provided in connection with this Agreement is not disclosed to 
a recipient outside of Australia, or is stored or processed on a cloud service provider, without 
the prior written consent of ASC Shipbuilding.  
2.3 The Contractor and its subcontractors shall not, in the performance of the Services, deliver any 
supplies containing or emitting any Problematic Substance or Problematic Source unless with the 
prior written consent of the ASC Shipbuilding.  
2.4 For the purposes of clause 2.3: 
(a) Problematic Source  means a source of ionising or non -ionising radiation, from a material 
or apparatus, that is required to be licensed with the Australian Radiation Protection and 
Nuclear Safety Agency; and  
(b) Problematic Substance  means:  
(i) any substance identified as having ozone depleting potential in the Ozone 
Protection and Synthetic Greenhouse Gas Management Act 1989 (Cth);  
(ii) any gas identified as a Synthetic Greenhouse Gas in the Ozone Protection and 
Synthetic Greenhouse Gas Management Act 1989 (Cth);  
(iii) Dangerous Good as defined in the Australian Code for the Transport of Dangerous 
Goods by Road and Rail; and  
(iv) Hazardous Chemical as defined in subregulation 5(1) of the Work Health and Safety 
Regulations 2011 (Cth).   
Document Number :  LEG.ASCSB.14.HB  
Document Issue :  1 
 
 
  Page 9 of 32 
BAE SYSTEMS IN CONFIDENCE  2.5 The Contractor shall report all work health and safety events and Notifiable Incidents (within the 
meaning of sections 35 to 37 of the Work Health and Safety Act 2011  (Cth)) that occur in connection 
with the performance of the Contractor’s obligations under this Agreement or that involve any 
employees, officers, agents or subcontractors of the Commonwealth or ASC Shipbuilding at the 
Contractor’s premises.  
2.6 The Contractor shall have a Quality Management System (QMS) Certified to ISO 9001:2015 “Quality 
Management Systems - Requirements” or equivalent standard.  
3 ASC Shipbuilding Directions  
3.1 ASC Shipbuilding may issue a direction to the Contractor about any matter relating to this Agreement 
or a subcontract. Any such direction shall be issued in writing and clearly state that it is a direction 
given under this clause 3. 
3.2 If ASC Shipbuilding issues notice to the Contractor of a proposed direction, the Contractor shall, 
within the period specified in the notice, advise ASC Shipbuilding of the financial, schedule and other 
consequences (if any) of the proposed direction.  
3.3 If ASC Shipbuilding issues a direction under this clause 3, the Contractor shall give effect to the 
direction (at ASC Shipbuilding’s cost, to the extent the direction varies the Contractor’s obligations 
under this Agreement) so far as it is possible to do so without breaching any laws. The Contractor 
must take all reasonable steps to mitigate any costs resulting from compliance with a direction.  
3.4 Notwithstanding any other provision of this clause 3, if ASC Shipbuilding’s direction relates to the 
suspension of work under this Agreement:  
(a) the Contractor must stop work in accordance with the direction;  
(b) the Contractor’s obligations in relation to the work specified in the direction are suspended 
and remain suspended until a resumption notice is issued by ASC Shipbuilding:  
(c) the Contractor shall, if required to do so by ASC Shipbuilding, take all reasonable steps to 
maintain, so far as practicable, the capacity of the Contractor and the Subcontractor(s) to 
recommence work with minimum delay and cost;  
(d) the Contract shall mitigate all loss in connection with the suspension, including by 
suspending relevant work under affected Subcontracts; and  
(e) costs and expenses incurred by the Contractor during the suspension will be  reimbursed by 
ASC Shipbuilding,  provided that all costs have been substantiated by the Contractor to the 
satisfaction of ASC Shipbuilding.  
4 Contractor’s Warranties  
4.1 The Contractor warrants that in addition to any warranties or obligations given in this Agreement or 
implied by law:   
Document Number :  LEG.ASCSB.14.HB  
Document Issue :  1 
 
 
  Page 10 of 
32  
BAE SYSTEMS IN CONFIDENCE  (a) the Services are fit for the purposes for which the Services would ordinarily be required and 
any other purposes notified by ASC Shipbuilding to the Contractor and will achieve any 
results notified by ASC Shipbuilding to the Contractor;  
(b) it is ordinarily engaged in the business to which the Services relate and that it and the 
Contractor’s Personnel are competent and have the necessary skills to carry out the 
Services;  
(c) the information about the Contractor and/or Services given to ASC Shipbuilding by or on 
behalf of the Contractor is true, complete and correct in all material respects and is not 
misleading in any respect; and  
(d) the Contractor has the requisite corporate standing, power and authority to enter into and 
perform its obligations under this Agreement.  
4.2 If the Contractor breaches any warranties in respect of any Services or any Services do not comply 
with this Agreement then at ASC Shipbuilding’s discretion and upon demand from ASC Shipbuilding 
the Contractor must at the Contractor’s cost and expense:  
(a) perform or have performed part or all of the Services; or  
(b) refund any amount paid by ASC Shipbuilding to the Contractor in relation to the Services.  
4.3 In addition to any other rights ASC Shipbuilding may have, if the Contractor fails to comply with any 
of the obligations in clause 2 or any of the warranties in clause 4, ASC Shipbuilding may, at ASC 
Shipbuilding’s discretion, provide the Services directly or engage an alternative contractor to provide 
the Services and, in either case may recover ASC Shipbuilding’s costs of doing so from the 
Contractor as a debt.  
5 Payment, Taxes and Invoicing  
5.1 ASC Shipbuilding will pay the Contract Price to the Contractor for the satisfactory provision of the 
Services in accordance with this Agreement.  
5.2 The Contract Price is inclusive of all costs and expenses of the Contractor, including all labour costs 
and costs of all materials used in performing the Services and all insurance, duties, imposts and 
taxes, except GST (if any).  
5.3 Invoices with respect to the Services shall be submitted to the Accounts Payable Department by 
email to ap.helpdesk@baesystems.com , with a copy to the ASC Shipbuilding Representative  as 
specified in the Schedule.  
5.4 Invoices must comply with the requirements of the GST law (as a Tax Invoice) and must specify:  
(a) a reference to this Agreement;  
(b) the relevant purchase order number;  
(c) the Contractor’s Australian Business Number (where applicable);   
Document Number :  LEG.ASCSB.14.HB  
Document Issue :  1 
 
 
  Page 11 of 
32  
BAE SYSTEMS IN CONFIDENCE  (d) the Contract Price due to the Contractor and the basis for its calculation;  
(e) the amount of any GST paid or payable by ASC Shipbuilding with respect to the Contract 
Price;  
(f) the date(s) of delivery of the Services;  
(g) a description of the Services delivered; and  
(h) the Contractor’s details for payment.  
5.5 ASC Shipbuilding shall pay to the Contractor an amount correctly invoiced by the end of the month 
following the month in which the invoice is received, provided that the invoice shall be certified by 
the ASC Shipbuilding Representative as correctly calcula ted with respect to Services satisfactorily 
completed. All non -compliant invoices will be rejected.  
5.6 Where the Contract Price and Payment Details in Item 3 of the Schedule permits progress payments:  
(a) such progress payments are made on account only and the Contractor must repay any 
overpayment; and  
(b) the making of a progress payment is not an acknowledgement of the satisfactory 
performance of the Services.  
5.7 The Contractor shall submit proposed labour rates to ASC Shipbuilding annually for approval. The 
Contractor’s labour rates shall be subject to Commonwealth review.  
5.8 Whenever the Contractor proposes the use of a Subcontractor which is sole sourced, then the 
Contractor shall submit the Subcontractor’s labour rates to ASC Shipbuilding annually for approval. 
The Subcontractor labour rates shall be subject to Commonwealth review.  
5.9 Any proposed annual change to labour rates under 5.7 and 5.8 shall have no effect until approved 
by ASC Shipbuilding.  
6 Expenses and Disbursements  
6.1 Expenses and disbursements shall be payable by ASC Shipbuilding only if they have been 
specifically provided for in this Agreement or approved in advance by the ASC Shipbuilding 
Representative and are substantiated by the Contractor to the satisfaction of ASC Shipbuilding.  
6.2 Subject to clause 6.1: 
(a) travel, accommodation and sustenance expenses shall be paid for at actual costs or at rates 
approved in advance by the ASC Shipbuilding Representative (for the avoidance of doubt, 
ASC Shipbuilding shall not be liable for costs greater than economy class tr avel and these 
expenses and disbursements shall not be entitled to any fee, profit, mark up or margin); and  
(b) other items or services approved by ASC Shipbuilding in advance shall be paid for at cost.   
Document Number :  LEG.ASCSB.14.HB  
Document Issue :  1 
 
 
  Page 12 of 
32  
BAE SYSTEMS IN CONFIDENCE  6.3 Where the Contractor claims for expenses and disbursements incurred by the Contractor and its 
Subcontractors, the Contractor shall:  
(a) include only those amounts which may be allowable costs under the Department of Defence 
Capability Acquisition and Sustainment Group’s CASG Cost Principles (as amended from 
time to time), available on the date of this Agreement at the following link: 
www.defence.gov.au/casg ; 
(b) furnish cost statements to ASC Shipbuilding with the invoice;  
(c) give the Commonwealth right of access to the Contractor’s records for the purpose of 
verifying any claim; and  
(d) ensure that subcontractors provide similar right of access to the Commonwealth.  
6.4 Notwithstanding clauses 6.1, 6.2 and 6.3: 
(a) costs shall only be reimbursable to the extent they are:  
(i) actually and properly incurred by the Contractor;  
(ii) reasonable in nature in terms of quantum and rates;  
(iii) in the case of direct costs, clearly identifiable and related to the performance of the 
Services; and  
(iv) in the case of indirect costs, related and fairly allocable to the performance of the 
Services and directly supportable and allocable to direct costs that are allowable 
costs in respect of the Services; and  
(b) the costs of unused capacity of any resource (whether direct or indirect) shall not be 
reimbursable unless such costs:  
(i) are financially immaterial; and  
(ii) have been approved by ASC Shipbuilding in writing prior to being charged.  
6.5 For any imported goods and Services:  
(a) The Contractor shall arrange customs entry and the payment of any customs duty 
applicable to any items it provides in connection with the Services, and ASC Shipbuilding 
shall provide all reasonable assistance to enable the Contractor to comply with this 
obligation.  
(b) The Commonwealth or ASC Shipbuilding (as applicable) shall arrange customs entry and 
the payment of any customs duty applicable to GFM or PFM, and the Contractor shall 
provide all reasonable assistance to enable the Commonwealth or ASC Shipbuilding (as 
applicable) to comply with this obligation.   
Document Number :  LEG.ASCSB.14.HB  
Document Issue :  1 
 
 
  Page 13 of 
32  
BAE SYSTEMS IN CONFIDENCE  (c) Neither ASC Shipbuilding or the Commonwealth shall be liable to reimburse the Contractor 
for any fine or penalty incurred by the Contractor under any applicable Australian customs, 
excise or duty legislation.  
7 GST 
7.1 Unless otherwise stated the amount payable for the Services is exclusive of any GST.  
7.2 If GST is payable then the Contractor is entitled to add GST and is obligated to provide a tax invoice 
or tax adjustment note to ASC Shipbuilding.  
7.3 Prior to applying clause 7.2 if any amount payable under this Agreement is calculated by reference 
to any cost, expense or other liability incurred by any party, that amount must first be reduced by the 
amount of any input tax credits which that party is entitled to claim in respect of that cost, expense 
or other liability.  
7.4 The Contractor warrants that it is duly registered for GST and has a valid Australian Business 
Number for GST purposes which is set out in the Schedule.  
8 Employment Taxes and Levies  
8.1 This Agreement constitutes a contract for the provision of services and not a contract of employment, 
and accordingly, the Contractor acknowledges and agrees that it shall be fully responsible for, and 
shall indemnify ASC Shipbuilding for:  
(a) any liability, deduction, contribution, assessment, or claim arising from or made in 
connection with the performance of the Services or any payment or benefit received by the 
Contractor in respect of the Services (including but not limited to workers’ compensation 
premiums, PAYG tax, and superannuation contributions), where such recovery is not 
prohibited by law; and  
(b) all reasonable costs and expenses, and any penalty, fine or interest incurred or payable by 
ASC Shipbuilding in connection with or in consequence of any such liability, deduction, 
contribution, assessment, or claim referred to in clause 8.1(a).  
9 ASC Shipbuilding Representative  
9.1 The ASC Shipbuilding Representative shall be responsible for and have authority to administer this 
Agreement on behalf of ASC Shipbuilding. The Contractor will follow the instructions given to it by 
the ASC Shipbuilding Representative.  
9.2 The Contractor’s Representative shall be responsible for and have authority to administer this 
Agreement on behalf of the Contractor.  
10 Inducement and Ethics and Compliance with Laws  
10.1 Whether acting alone or with others, the Contractor undertakes that it will not do, and warrants that 
prior to entering into this Agreement it has not done, any of the following:   
Document Number :  LEG.ASCSB.14.HB  
Document Issue :  1 
 
 
  Page 14 of 
32  
BAE SYSTEMS IN CONFIDENCE  (a) induce an employee, agent or contractor of ASC Shipbuilding to make any concession or to 
confer any benefit on the Contractor, refrain or withhold from doing any act or alter any of 
the requirements of this Agreement in return for any gift, money, benefit or other inducement; 
nor 
(b) without the prior written consent of ASC Shipbuilding, pay money or give any other benefit 
to any third party (either directly or indirectly) in connection with the negotiation and/or 
execution of this Agreement; nor  
(c) encourage or facilitate an employee, agent or subcontractor of ASC Shipbuilding to commit 
any act of dishonesty against ASC Shipbuilding which may benefit the employee, agent or 
subcontractor of ASC Shipbuilding or be a detriment to ASC Shipbuilding, or bo th. 
10.2 The BAE Systems Group maintains an ethics and compliance programme that includes a written 
code of conduct, training and awareness for all employees, details of which can be found at 
http://www.baesystems.com . The BAE Systems Group expects and encourages all its contractors 
to embrace ethical values and legal compliance practices of a comparable standard (including a 
method for reporting possible violations). The Contractor undertakes that it will abide by and  comply 
with all applicable laws and regulations relating to anti -bribery and anti -corruption, including the 
Criminal Code Act 1995  (Cth), Bribery Act 2010  (UK) and the Foreign Corrupt Practices Act 1977  
(US).  
10.3 Responsible behaviour is fundamental to how ASC Shipbuilding conducts business. Regular 
assessments of ASC Shipbuilding’s supply base is a critical part of this commitment. ASC 
Shipbuilding’s “best practice” expectations of all current and proposed supplie rs are contained in 
“Supplier Principles – Guidance for Responsible Business”, details of which can be found at 
https://www.baesystems.com/en/our -company/corporate -responsibility/suppliers -and-supply -chain . 
10.4 The Contractor shall provide to ASC Shipbuilding within 7 days after a request by ASC Shipbuilding 
written confirmation that, to the best of the Contractor’s knowledge and based on reasonable 
enquiries undertaken by the Contractor, the Contractor and Contr actor’s Personnel are compliant 
with all laws (including anti -corruption legislation) regarding the offering of unlawful inducements 
whether in Australia or otherwise in connection with the performance of the Services and 
subcontracts.  
11 Human Rights  
11.1 The Contractor agrees not to engage in conduct in respect of the Contractor’s Personnel or any 
potential Contractor’s Personnel which is in any way consistent with modern slavery or human 
trafficking, including, without limitation:  
(a) save for short periods where legally required to do so for the purposes of administering 
employment, retaining the passports and/or identity documents of the Contractor’s 
Personnel or any potential Contractor’s Personnel;   
Document Number :  LEG.ASCSB.14.HB  
Document Issue :  1 
 
 
  Page 15 of 
32  
BAE SYSTEMS IN CONFIDENCE  (b) requiring the Contractor’s Personnel or any potential Contractor’s Personnel to sign an 
employment contract with the Contractor in order to be put forward for roles, and then 
requiring such individuals to sign a replacement, less favourable contract in ord er to 
commence providing services to ASC Shipbuilding;  
(c) requiring the Contractor’s Personnel or any potential Contractor’s Personnel to engage in 
pre-employment medical screening which is not necessary for the role that such individuals 
are being engaged to perform;  
(d) charging recruitment fees to the Contractor’s Personnel or any potential Contractor’s 
Personnel; and  
(e) save where required by law, paying wages to any individual other than the Contractor’s 
Personnel.  
12 Modern Slavery  
12.1 The Contractor represents, warrants, and undertakes:  
(a) that it does not engage in Modern Slavery;  
(b) that no form of Modern Slavery is used in the Contractor’s business or by its directors, officers, 
employees, agents, representatives, contractors or subcontractors;  
(c) to comply with all applicable employment and work health and safety laws;  
(d) to comply with all applicable statutory requirements relating to Modern Slavery, including but 
not limited to compliance and reporting requirements under the Modern Slavery Act 2018  
(NSW), the Modern Slavery Act 2015  (UK) and the Modern Slavery Act 2018  (Cth); and  
(e) to notify ASC Shipbuilding promptly upon becoming aware of any incident, complaint or 
allegation that the Contractor or any entity in its supply chain, has engaged in Modern Slavery.  
12.2 The Contractor shall have and maintain throughout the Term its own policies and procedures that 
are intended to ensure compliance with the w arranties contained in clause 12 .1. 
12.3 The Contractor acknowledges that ASC Shipbuilding may have corporate reporting requirements 
with regard to Modern Slavery and, at the request of ASC Shipbuilding, it will confirm in writing that 
it has complied with its u ndertakings under this clause 12  and will provide any information requested 
by ASC Shipbuilding in support of such compliance.  
12.4 Upon becoming aware of any actual, suspected or anti cipated breach of this clause 12 , the 
Contractor must immediately provide written notice of the breach, giving full details of such breach, 
to the ASC Shipbuilding Representative.   
Document Number :  LEG.ASCSB.14.HB  
Document Issue :  1 
 
 
  Page 16 of 
32  
BAE SYSTEMS IN CONFIDENCE  13 Insurance  
13.1 The Contractor must take out and maintain during the Term, and for professional indemnity 
insurance for a period of 6 years after expiration of the Term, the insurance policies as specified in 
Item 6 of the Schedule.  
13.2 The Contractor shall ensure that the insurances effected under clause 13.1 (other than statutory 
insurances) are primary and without rights of contribution.  
13.3 Evidence of the insurance policies must be given to the ASC Shipbuilding Representative prior to 
undertaking the Services and at any other time as the ASC Shipbuilding Representative may 
reasonably request.  
13.4 In the event of loss of or damage to tangible property owned or leased by, or in the possession of, 
the Contractor or its Subcontractors, the Contractor shall (and shall ensure that its Subcontractors) 
first make, if available, a first party loss claim und er any insurances specified in this Agreement 
which may cover the loss or damage before pursuing a liability claim against ASC Shipbuilding in 
respect of that loss or damage.  
14 Indemnity  
14.1 The Contractor shall indemnify ASC Shipbuilding against all claims, costs, liabilities, losses and 
expenses incurred by ASC Shipbuilding arising from the Contractor or any of the Contractor’s 
Personnel:  
(a) causing damage to any property or injury or death to any person in connection with the 
performance of the Contractor’s obligations under this Agreement;  
(b) infringing any Third Party IP; or  
(c) breaching any obligations of confidentiality under this Agreement,  
except to the extent arising from the negligence of ASC Shipbuilding, or any officer, employee, agent, 
subcontractor (other than the Contractor) or representative of ASC Shipbuilding.  
15 Confidentiality  
15.1 The Contractor must ensure that no information of a confidential nature belonging to or concerning 
the business or affairs of ASC Shipbuilding or the Commonwealth is copied, used or passed on by 
the Contractor to any other person unless authorised in writi ng by ASC Shipbuilding.  
15.2 Subject to clause 15.3, the parties agree that the terms of the Non -Disclosure Agreement between 
the parties specified in Item 7 of the Schedule will continue to apply to the disclosure of 
confidential information in connection with the performance of the parties’ obligations u nder this 
Agreement.  
15.3 The Contractor shall not make any public announcement or other statement which refers or is 
connected to this Agreement or the Hunter Class Frigate Program, including on any matter related 
to the Services, without obtaining the prior written consent of ASC  Shipbuilding.  This clause 15.3  
Document Number :  LEG.ASCSB.14.HB  
Document Issue :  1 
 
 
  Page 17 of 
32  
BAE SYSTEMS IN CONFIDENCE  does not apply to the extent that the Contractor would be required to make an announcement at law 
or by the rules of any stock exchange or similar body on which the Contractor (or its ultimate holding 
company) is listed.  
15.4 The Contractor acknowledges that ASC Shipbuilding may disclose information regarding this 
Agreement to other entities in the BAE Systems Group. In all other respects, the terms of this 
Agreement is deemed to be ‘Confidential Information’ within the meaning  of the Non -Disclosure 
Agreement.  
16 Defence Security  
16.1 If the Contractor or Contractor ’s Personnel require access to any ASC Shipbuilding Premises or 
Commonwealth Premises under the control or responsibility of Defence, the Contractor shall:  
(a) comply with any security requirements (including those contained in the Defence Security 
Principles Framework ( DSPF )) notified to the Contractor by the ASC Shipbuilding 
Representative from time to time; and  
(b) ensure that Contractor ’s Personnel are aware of and comply with the Commonwealth’s 
security requirements.  
16.2 The Contractor shall:  
(a) ensure that Contractor ’s Personnel undertake any security checks, clearances or 
accreditations as required by the ASC Shipbuilding or the Commonwealth;  
(b) promptly notify ASC Shipbuilding of any changes to circumstances which may affect the 
Contractor’s capacity to provide the Services in accordance with the security requirements; 
and 
(c) provide a written undertaking in respect of security or access to ASC Shipbuilding or the 
Commonwealth Premises in the form required by the ASC Shipbuilding or the Commonwealth  
(as applicable) . 
16.3 (Cyber Security Management)  
(a) The Contractor shall ensure that the Contractor and the Contractor ’s Personnel comply with 
the cyber security r equirements set out in this clause 16 .3. 
(b) The Contractor acknowledges that it shall work collaboratively with all other entities in the 
Hunter Class Frigate Program to maximise the Cyberworthiness outcomes of the Hunter 
Class Frigate Program.  
(c) The Contractor acknowledges that the Cyberworthiness outcomes of the Hunter Class 
Frigate Program will be managed under the Commonwealth's Cyberworthiness Program.  
(d) The Cyberworthiness  Program seeks to establish a mature cyber security management 
regime for the life of the capability, and the Contractor acknowledges that the objectives of 
the Cyberworthiness Program are to:  
(i) assess the cyber security of the Contractor, Subcontractors and suppliers involved 
in the provision of the Services; and   
Document Number :  LEG.ASCSB.14.HB  
Document Issue :  1 
 
 
  Page 18 of 
32  
BAE SYSTEMS IN CONFIDENCE  (ii) establish a mature cyber security regime for operation and sustainment of the 
Services.   
16.4 The security classification of the Services will be up to and including the level specified at item 8 in 
the Schedule. The Contractor shall:  
(a) if required in the Schedule, obtain and maintain membership of DISP in accordance with 
Principle 16 of the DSPF if located in Australia;  
(b) if not required to be a member of the DISP, comply with the classification and protection of 
official information requirements of Principle 10 of the DSPF;  
(c) ensure that all required personnel (if any) possess a personnel security clearance specified 
in the Schedule, and comply with the requirements and procedures of Principle 40 of the 
DSPF; and  
(d) possess the facility accreditation (if any) and ICT system accreditation (if any) specified in 
the Schedule and comply with the requirements and procedures of Principle 73 of the DSPF.  
(e) Comply with the requirements stipulated in the Security Aspect Letter, provided by ASC 
Shipbuilding to the Contractor, when handling, storing and processing UK data.  
16.5 Where work under the Agreement is performed overseas, the Contractor shall comply with:  
(a) the requirements of clauses 16.4(c) and 16.4(d) for the classification level (if any) specified 
in the Schedule or equivalent classification; and  
(b) comply with the relevant overseas government industry security policy.  
16.6 For the purposes of clause 16.5, accreditations shall be issued by the relevant overseas government 
security authority, and shall be verified by the DSVS (through a bilateral security instrument or 
otherwise).  
16.7 Not Used.  
16.8 With respect to security classified information, the Contractor shall:  
(a) ensure that no security classified information furnished or generated under the Agreement 
shall be released to a third party, including a representative of another country, without prior 
written approval of the originator through the ASC Shipbuilding Repre sentative;  
(b) promptly report to the ASC Shipbuilding Representative any security incident, as defined by 
the DSPF, including instances in which it is known or suspected that security classified 
information furnished or generated under the Agreement has been lost or dis closed to 
unauthorised parties, including a representative of another country; and  
(c) ensure that all security classified information transmitted between the parties or a party and 
a Subcontractor, in Australia, whether generated in Australia or overseas, shall be subject 
to the terms of Principle 73 of the DSPF.   
Document Number :  LEG.ASCSB.14.HB  
Document Issue :  1 
 
 
  Page 19 of 
32  
BAE SYSTEMS IN CONFIDENCE  16.9 Where Communications Security (COMSEC) material is transmitted in Australia, the Contractor shall 
ensure that:  
(a) without limiting clause 16.8(c), all COMSEC material transmitted between the parties or a 
party and a Subcontractor in Australia shall be subject to the special security provisions of 
Principle 13 of the DSPF; and  
(b) all security classified information transmitted between the parties or a party and a 
Subcontractor located overseas whether generated in Australia or by another country shall 
be subject to the laws of the overseas country regarding the custody and protecti on of 
security classified information and to any bilateral security instrument between Australia and 
the overseas country.  
16.10  Where COMSEC material is transmitted overseas, the Contractor shall ensure that  
(a) all COMSEC material transmitted between the parties or a party and Subcontractor located 
overseas shall be subject to approval in the first instance by the Director Australian Signals 
Directorate, in respect of Australian COMSEC material, and by the respec tive COMSEC 
authorities in other countries in respect of COMSEC material originating from those 
countries; and  
(b) once approved for release, the material shall be subject to the laws of the overseas country 
regarding the custody and protection of COMSEC material as determined by the Director 
Australian Signals Directorate and to any bilateral security instrument betwe en Australia and 
the overseas country.  
16.11  If there has been a breach by the Contractor or Contractor ’s Personnel of this clause 16 the ASC 
Shipbuilding Representative may give the Contractor a notice of termination for default under clause 
20.2.   
16.12  The Contractor shall ensure the requirements of clause 16 are included in all Subcontracts where 
the Subcontractor requires access to any  ASC Shipbuilding Premises or Commonwealth Premises, 
or to any security classified information, in order to perform the obligations of the Subcontract.   
17 Export Control  
17.1 The Contractor represents and warrants that it will comply with all applicable import and export 
control laws and regulations (including, if applicable, the US export control laws and regulations) in 
fulfilling its obligations under this Agreement and will pro vide all information about the supply of the 
Services that may be necessary for ASC Shipbuilding’s compliance with all applicable import and 
export control laws and regulations.  
17.2 In the event that the Contractor proposes subcontracting or otherwise engaging a third party to 
provide all or part of the Services in relation to shipping, transporting, handling or receiving goods 
which are import or export controlled or restricted (e.g.  International Traffic in Arms Regulation – 
ITAR or Export Administration Regulation – EAR) the Contractor shall advise ASC Shipbuilding of 
this intention and the identity of the third party prior to releasing such goods to it.   
Document Number :  LEG.ASCSB.14.HB  
Document Issue :  1 
 
 
  Page 20 of 
32  
BAE SYSTEMS IN CONFIDENCE  17.3 In the event that ASC Shipbuilding advises the Contractor that the third party is unacceptable to it, 
the Contractor shall not engage that third party and in no event release the goods to the third party 
without ASC Shipbuilding’s prior approval.  
17.4 The Contractor shall indemnify ASC Shipbuilding against all claims, costs, liabilities, losses and 
expenses incurred by ASC Shipbuilding arising from a breach of this clause.  
18 Subcontracts  
18.1 The Contractor shall not subcontract the whole of the work under the Agreement.  
18.2 The Contractor shall not Subcontract work under the Agreement to a Subcontractor, vary an existing 
Subcontract or terminate a Subcontract without ASC Shipbuilding’s prior written consent and subject 
to any conditions ASC Shipbuilding may require in its abs olute discretion.  
18.3 The Contractor acknowledges and shall inform its Subcontractors that ASC Shipbuilding or the 
Commonwealth may be required to publicly disclose the Contractor’s and its Subcontractors’ 
participation in the performance of the Agreement.  If requested by the ASC Shipbuilding 
Representative, the Contractor shall provide the ASC Shipbuilding Representative with names of 
Subcontractors and copies of Subcontracts (which need not contain prices) for this purpose. The 
Contractor consents to a copy of this Agreement (which does not contain prices) also being provided 
to the Commonwealth for this purpose.  
18.4 The Contractor shall not enter into a Subcontract with a Subcontractor named by the Workplace 
Gender Equality Agency as an employer currently not complying with the Workplace Gender Equality 
Act 2012 (Cth).  
18.5 (Indigenous Engagement)  
(a) The Contractor shall at all times use its best endeavours to:  
(i) comply with the Commonwealth of Australia’s Indigenous Procurement Policy 
(found online and as amended from time to time); and  
(ii) increase its:  
(A) purchasing from businesses that are 50 per cent or more owned by 
Indigenous Australians; and  
(B) employing Indigenous Australians in the delivery of the Services, 
whether directly or indirectly.  
(b) The Contractor shall provide a report to the BAE Systems Representative, once every 3 
calendar months or as otherwise requested, which indicates at a minimum:  
(i) the total amount spent on purchases from businesses under clause 18.5(a)(ii)(A) ;  
(ii) the total number of Indigenous Australians employed in accordance with clause 
18.5(a)(ii)(B) ; and  
Document Number :  LEG.ASCSB.14.HB  
Document Issue :  1 
 
 
  Page 21 of 
32  
BAE SYSTEMS IN CONFIDENCE  (iii) commentary and supporting information as requested by the BAE Systems 
Representative.  
(c) The Contractor acknowledges and agrees to BAE Systems publishing or reporting:  
(i) on the Contractor’s performance of and compliance with clause 18.5(a); and  
(ii) any information contained in any report submitted under clause 18.5(b). 
18.6 The Contractor shall, and shall ensure that its subcontractors:  
(a) obtain and maintain in full force all Authorisations (other than export approvals);  
(b) take all reasonable steps to obtain and maintain in full force all export approvals;  
(c) provide a copy of any Authorisations to ASC Shipbuilding within three days after a request 
from ASC Shipbuilding; and  
(d) ensure that all work under this Agreement is performed and the Services are provided in 
accordance with all Authorisations.  
19 Intellectual Property  
19.1 Ownership of all Foreground IP vests on its creation in ASC Shipbuilding and ASC Shipbuilding 
grants to the Contractor a non -exclusive, royalty -free licence to use (but not sub -licence), reproduce, 
adapt, modify, disclose, transmit and communicate all Fore ground IP created under this Agreement 
strictly for the purposes of (and only to the extent and for the time required for) the performance of 
obligations under this Agreement, subject to any restrictions notified to the Contractor from time to 
time.  
19.2 The Contractor shall ensure if requested to do so by ASC Shipbuilding that it obtains from any of the 
Contractor’s Personnel an acknowledgement that any Foreground IP shall vest in and remain the 
property of ASC Shipbuilding.  
19.3 The Contractor must deliver to ASC Shipbuilding any executed deeds, acknowledgements, 
agreements or other documents which ASC Shipbuilding requires to transfer or vest in ASC 
Shipbuilding any such Foreground IP.  
19.4 The Contractor will obtain from any of the Contractor’s Personnel consent in writing to the use of 
any work in respect of which such of the Contractor’s Personnel has or may assert Moral Rights.  
19.5 The Contractor grants to ASC Shipbuilding (or shall ensure ASC Shipbuilding is granted) a Licence 
in respect of all Background IP owned by or licensed to the Contractor to:  
(a) use, reproduce, adapt, modify, disclose, transmit and communicate; and  
(b) grant a sub -licence to any person (including the Commonwealth) to:  
(i) use, reproduce, adapt, modify, disclose, transmit and communicate; or   
Document Number :  LEG.ASCSB.14.HB  
Document Issue :  1 
 
 
  Page 22 of 
32  
BAE SYSTEMS IN CONFIDENCE  (ii) grant a further sub -licence to any person with the same rights as this Licence,  
for the purposes of the Hunter Class Frigate Program and any other Defence Purpose.  
19.6 The Contractor shall ensure that ASC Shipbuilding is granted a Licence to exercise all Third Party 
IP on the best available commercial terms. The Contractor shall ensure that any Licence granted 
under this clause 19.6 does not require the payment of any royalty, unless  ASC Shipbuilding has 
agreed in writing to the payment.  
19.7 Nothing in this Agreement affects the ownership of Background IP. ASC Shipbuilding may not 
commercialise Background IP or use Background IP other than as permitted under clause 19.5. 
19.8 The parties agree that all Intellectual Property created under this Agreement or a subcontract in 
respect of any GFM or PFM is assigned to ASC Shipbuilding or the Commonwealth (as applicable), 
or its nominee, immediately upon creation.  
19.9 ASC Shipbuilding grants to the Contractor a non -exclusive, royalty -free licence to use (but not sub -
licence), reproduce, adapt, modify, disclose, transmit and communicate any Intellectual Property 
contained in any GFM or PFM, or created under this Agreemen t in respect of any GFM or PFM, 
strictly for the purposes of (and only to the extent and for the time required for) the performance of 
obligations under this Agreement, subject to any restrictions notified to the Contractor from time to 
time.  
19.10  Not used.  
19.11  If markings are used by the Contractor in relation to Intellectual Property, the Contractor shall ensure 
that the markings accurately reflect the rights and obligations of ASC Shipbuilding, the 
Commonwealth, the Contractor or any other person (as applicabl e). 
19.12  The Contractor warrants that any software provided under this Agreement shall be free from 
malicious code at the time of delivery to ASC Shipbuilding and that no malicious code will be installed 
on any supplies (or any other ASC Shipbuilding, Commonwealth or third party system) as a result 
of any act or omission of the Contractor or any Contractor’s Personnel.  
20 Default and Termination  
20.1 This Agreement may be terminated on 14 days’ notice by ASC Shipbuilding to the Contractor.  
20.2 This Agreement may be terminated by ASC Shipbuilding immediately in the following circumstances:  
(a) where the Contractor (in the opinion of ASC Shipbuilding) is culpable of any dishonesty, 
serious misconduct or serious neglect of duty;  
(b) where the Contractor is in material breach of any of the terms and conditions of the 
Agreement;  
(c) the Contractor entering into a Deed of Arrangement or an order being made for winding up 
of the Contractor; or   
Document Number :  LEG.ASCSB.14.HB  
Document Issue :  1 
 
 
  Page 23 of 
32  
BAE SYSTEMS IN CONFIDENCE  (d) the Contractor is insolvent or has an administrator or a receiver and manager appointed.  
20.3 The Contractor shall be liable for all loss and damage suffered by ASC Shipbuilding as a result of or 
in consequence of termination under clause 20.2 and ASC Shipbuilding shall not be liable to pay the 
Contractor any part of the Contract Price remaining unpaid on the date of termination.  
20.4 In the event of termination by ASC Shipbuilding in accordance with clause 20.1 above:  
(a) ASC Shipbuilding will pay the Contractor that proportion of the Contract Price assessed by 
ASC Shipbuilding to be the total remuneration corresponding to the state of performance of 
the Services by the Contractor at the date of termination;  
(b) the Contractor will deliver the deliverables under this Agreement (in their current state of 
development); and  
(c) ownership in the deliverables will pass to ASC Shipbuilding upon delivery, free of any 
security interest.  
20.5 If this Agreement is terminated for any reason, the Contractor shall:  
(a) mitigate all loss, costs and expenses in connection with the termination; and  
(b) deliver to ASC Shipbuilding all GFM and PFM that the Contractor or the Contractor’s 
Personnel have in their possession or control in connection with this Agreement.  
21 Step In Rights  
21.1 In addition to any other right ASC Shipbuilding has under the Agreement or otherwise at law, ASC 
Shipbuilding or the Commonwealth may, by notice to the Contractor (a Step In Notice ), exercise 
Step In Rights with effect on and from the Step In Date if any one or more of the following apply:  
(a) where the Contractor is in material breach of any of the terms and conditions of the 
Agreement;  
(b) ASC Shipbuilding or the Commonwealth determine that it is necessary or desirable to do 
so; 
(c) ASC Shipbuilding receives a Step -In notice from the Commonwealth.  
21.2 ASC Shipbuilding or the Commonwealth may also, by notice to the Contractor, cease to exercise 
their Step In Rights with effect from the date specified in the notice (the Step Out Date ). 
21.3 With effect from the Step Out Date, ASC Shipbuilding, the Commonwealth or their nominees (as 
applicable) shall cease exercising the Step In Rights in accordance with the notice and the 
Contractor shall recommence performance of the suspended obligations im mediately or at a later 
time agreed by the ASC Shipbuilding Representative.  
21.4 ASC Shipbuilding shall ensure that it (or its nominee), and shall request that the Commonwealth 
(and its nominee), return to the Contractor:   
Document Number :  LEG.ASCSB.14.HB  
Document Issue :  1 
 
 
  Page 24 of 
32  
BAE SYSTEMS IN CONFIDENCE  (a) any materials, equipment, systems, tools or other things (to the extent not used or 
consumed); and  
(b) any land, premises or facilities,  
of the Contractor's used by ASC Shipbuilding, the Commonwealth or their nominees (as applicable) 
in connection with the exercise of Step In Rights.  
21.5 If ASC Shipbuilding or the Commonwealth give a Step In  Notice, the party giving such notice (or a 
person or persons nominated in the Step In Notice or in a later notice to the Contractor (a Nominee )) 
is entitled to do any one or more of the following:  
(a) take over or otherwise carry out all or a part of the Relevant Work  
(b) exercise any of the rights, and perform any of the obligations, of the Contractor under this 
Agreement or a Subcontract;  
(c) direct Contractor’s Personnel in the conduct of the Relevant Work;  
(d) have access to, and to use and to permit other persons to use, all or a specified part of the 
materials, equipment, system, tools and other things that the Contractor or a Subcontractor 
uses, or has in its possession and available for use, in connection wi th the Relevant Work;  
(e) have access to, and to manage and control any land, facilities, plant, equipment or other 
items (including partially completed Services and goods intended to be incorporated into or 
used for the Services) that the Contractor is using, or has in its possess ion and available for 
use, in connection with the Relevant Work, including under Subcontract.  
21.6 If ASC Shipbuilding or an ASC Shipbuilding Nominee exercise a right, or perform an obligation of 
the Contrac tor in accordance with clause 21 .5(b), ASC Shipbuilding shall (or cause its Nominee to) 
exercise that right or perform that obligation in accordance with the relevant contract or agreement.  
22 Consequences of Step In Rights  
22.1 If ASC Shipbuilding or the Commonwealth give a Step In Notice:  
(a) the Contractor shall stop work in accordance with the Step In Notice;  
(b) the Contractor's obligation to undertake the Relevant Work is suspended if required by the 
Step In Notice;  
(c) the Contractor shall comply with any direction given in support of the Step In Notice;  
(d) the Contractor shall, if required to do so by ASC Shipbuilding or the Commonwealth, take 
all reasonable steps to maintain, so far as practicable, the capacity of the Contractor and 
Subcontractors to recommence work with minimum delay and cost;  
(e) the Contractor shall mitigate all Loss (including the costs of compliance with ASC 
Shipbuilding’s directions) in connection with the exercise of the Step In Rights, including by 
(where relevant) suspending associated work under affected Subcontracts;   
Document Number :  LEG.ASCSB.14.HB  
Document Issue :  1 
 
 
  Page 25 of 
32  
BAE SYSTEMS IN CONFIDENCE  (f) the Contractor shall provide all assistance, information and access to documents reasonably 
requested by the party which gave the Step In Notice to enable that party, or its Nominee, 
to exercise the rights granted under this clause;  
(g) the Contractor shall ensure that, if ASC Shipbuilding or the Commonwealth exercise Step 
In Rights, Contractor ’s Personnel:  
(i) comply with any direction given by the party exercising the Step In Rights or its 
Nominee to the Contractor consistent with the Step In Notice; and  
(ii) cooperate fully and in good faith with the party giving the Step In Rights or its 
Nominee for the purpose of giving full effect to exercise of the Step In Rights.  
22.2 The Contractor shall ensure that each Subcontract includes sufficient provisions to ensure that ASC 
Shipbuilding, the Commonwealth, or a Nominee can fully exercise the Step In Rights in the 
Agreement in relation to the Subcontract and the Subcontractor.  
22.3 A direction of ASC Shipbuilding under clause 22 .1(g) is not an ASC Shipbuilding Direction for the 
purposes of clause 3.  
23 Conflict of Interest  
23.1 The Contractor shall during and in the course of supplying the Services:  
(a) without the prior written consent of ASC Shipbuilding not engage  or be concerned in any 
other business or activity which may in any way conflict with the Contractor’s ability to 
perform the Services fairly and independently;  
(b) promptly disclose to ASC Shipbuilding any situation or circumstance that gives rise or may 
objectively be perceived to give rise to a conflict of interest such as is referred to in this 
clause:  
(c) within five Working Days aft er giving notice under clause 23 .1(b), the Contractor shall notify 
ASC Shipbuilding of the steps the Contractor shall take to resolve the issue. If ASC 
Shipbuilding considers those steps are inadequate, it may direct the Contractor to resolve 
the issue in a manner proposed by ASC Shipbui lding; and  
(d) if the Contractor fails to notify ASC Shipbuilding in accordance with this clause, or fails to 
resolve the issue in the required manner, ASC Shipbuilding may give the Contractor a notice 
of termination for  material breach under clause 20 .2(b).  
24 Privacy  Law 
24.1 The Contractor shall:  
(a) if it obtains Personal Information in the course of performing this Agreement, use or disclose 
that Personal Information only for the purposes of this Agreement subject to any applicable 
exceptions in the Privacy Act 1988  (Cth);   
Document Number :  LEG.ASCSB.14.HB  
Document Issue :  1 
 
 
  Page 26 of 
32  
BAE SYSTEMS IN CONFIDENCE  (b) comply with its obligations under the Privacy Act 1988  (Cth); and  
(c) as a contracted service provider, not do any act or engage in any practice which, if done or 
engaged in by ASC Shipbuilding or the Commonwealth, would be a breach of the Australian 
Privacy Principles.  
24.2 The Contractor shall notify ASC Shipbuilding as soon as reasonably practicable if : 
(a) it becomes aware of a breach or possible breach of any of the obligations contained or 
referred to in this cla use 24 , whether by the Contractor, the Contractor’s Personnel or any 
other person to whom the Personal Information has been disclosed for the purposes of this 
Agreement ; or 
(b) in relation to Personal Information obtained in the course of performing the Agreement:  
(i) it becomes aware that a disclosure of such Personal Information may be required 
by law; or  
(ii) it is approached by the Privacy Commissioner . 
24.3 The Contractor shall ensure that the Contractor’s Personnel who deal with Personal Information for 
the purposes of this Agreement are aware of,  and comply with, this clause 24 . 
24.4 The Contractor shall ensure that any Subcontract entered into for the purposes of fulfilling its 
obligations under this Agreement contains provisions to ensure that the Subcontractor complies with 
clauses 24.1, 24.2 and 24.3. 
24.5 Neither party will disclose Personal Information about an individual to a recipient  outside of Australia , 
or use a cloud service provider to store or process Personal Information in a jurisdiction  outside of 
Australia , without the prior consent of the other.  
24.6 Notwithstanding clause 24.5, the Contractor acknowledges and agrees that Personal Information 
may be shared with members of the BAE Systems Group that have a need to know, including 
operations in the United Kingdom.  
25 Offset  
25.1 The Contractor:  
(a) agrees and understands that ASC Shipbuilding, other companies within the BAE Systems 
Group and associated companies of BAE Systems Plc accrue significant offset obligations 
resulting from international sales. To assist in satisfying these obligations, ASC Shipbuilding 
may wish to take advantage of the Contractor's offshore supply chain and investment 
activity, in order that potential offset credits can be claimed in identified target markets;   
Document Number :  LEG.ASCSB.14.HB  
Document Issue :  1 
 
 
  Page 27 of 
32  
BAE SYSTEMS IN CONFIDENCE  (b) agrees and acknowledges that companies within the BAE Systems Group and associated 
companies thereof may be entitled to utilise through ASC Shipbuilding the total value of the 
Services and any subcontracts placed by the Contractor arising from the Services , as 
fulfilment in whole or in part of any offset obligation placed, or to be placed, upon a company 
in the BAE Systems Group or an associated company thereof by an overseas customer;  
(c) shall first seek and obtain ASC Shipbuilding’s written permission prior to using the Services 
and/or any subcontracts arising from the Services in satisfaction of the Contractor’s own or 
any of the Contractor’s other customers’ offset obligations;  
(d) shall, on request by ASC Shipbuilding, assist the relevant company in registering the 
Services with the appropriate bodies as a satisfactory offset; and  
(e) if the offset involves US defense articles or defense services, shall consult with ASC 
Shipbuilding on the applicability of any ITAR brokering requirements and each, as may be 
appropriate given the nature of the offset transaction, shall seek any necessary  
Authorisation in a timely manner.  
26 Cooperation with others  
26.1 The Contractor shall, and  shall use reasonable endeavours to ensure that each of its subcontractors, 
in undertaking work in relation to this Agreement or any Subcontract, cooperate and collaborate with 
ASC Shipbuilding, the Commonwealth and any contractors of ASC Shipbuilding or t he 
Commonwealth in relation to the Hunter Class Frigate Program.  
26.2 Not Used  
26.3 Not Used  
27 GFM and PFM – Provision and Management  
27.1 The Contractor shall ensure that, if requested by ASC Shipbuilding in relation to specific GFM and 
PFM, the Contractor and Contractor’s Personnel:  
(a) provide all reasonable assistance and information to ASC Shipbuilding to understand the 
Contractor's requirements in respect of the use of the GFM and PFM, including in relation 
to the procurement, design, installation, integration or incorporation of the GFM and PFM;  
(b) actively work together, and cooperate and collaborate, with ASC Shipbuilding, the 
Commonwealth, Commonwealth contractors and associated parties (such as the US 
Government) to:  
(i) understand and finalise ASC Shipbuilding requirements for the GFM, PFM and 
related specifications and data; and  
(ii) address any restrictions or limitations arising from the use of the GFM and PFM, 
including in respect of any controlled information related to the GFM and PFM; and   
Document Number :  LEG.ASCSB.14.HB  
Document Issue :  1 
 
 
  Page 28 of 
32  
BAE SYSTEMS IN CONFIDENCE  (c) subject to Commonwealth security requirements, provide to ASC Shipbuilding, any 
documents, information, views, opinions and data to assist in the use of the GFM and PFM 
for this Agreement.  
27.2 The Contractor acknowledges that all GFM and PFM provided to or used by the Contractor or a 
Subcontractor for the purposes of this Agreement remains the property of ASC Shipbuilding or the 
Commonwealth (as applicable).  
27.3 The Contractor shall (and shall ensure that all Contractor’s Personnel) take reasonable care to 
prevent loss of, or damage to, all GFM and PFM.  
27.4 The Contractor shall notify the ASC Shipbuilding Representative within three days after becoming 
aware of any material loss or damage to, or any material defect in, any GFM or PFM provided to, or 
used by, the Contractor or a Subcontractor for the purposes of this Agreement.  
28 Compliance with Commonwealth Policies  
28.1 The Contractor shall comply with, and shall ensure that the Contractor’s Personnel comply with, the 
following Commonwealth policies of general application relevant or applicable to this Agreement:  
(a) Conflicts of interest; Gifts, hospitality and sponsorship; Notification of post separation 
employment; Management and reporting of unacceptable behaviour; and Incident reporting 
and management policies as detailed in the DPPM, DI(G) PERS 25 -6, DI(G) PERS 2 5-
7,DI(G) PERS 25 -4, DI(G) PERS 35 -3 and Interim Defence Instruction ADMIN 45 -2; 
(b) Australian Defence Force alcohol policy as detailed in DI(G) PERS 15 -1; and  
(c) Public Interest Disclosure policy as detailed at:  
http://www.ombudsman.gov.au/Our -responsibilities/making -a-disclosure . 
29 Manufacturer Warranties  
29.1 The Contractor shall ensure that ASC Shipbuilding (and the Commonwealth) obtains the benefit of 
any manufacturer, supplier or other third party warranty applicable to the Services (if any), including 
by taking all reasonable endeavours to enforce such a wa rranty on ASC Shipbuilding’s request.  
30 Miscellaneous  
30.1 The Contractor shall not assign or purport to subcontract, assign or transfer this Agreement or any 
of its rights or obligations whether in whole or in part to any other person without the prior written 
consent of ASC Shipbuilding. The parties acknowledge and agree that the Contractor may 
subcontract work under this Agreement to the Subcontractors (and to the extent) nominated in Item 
4 of the Schedule.   
Document Number :  LEG.ASCSB.14.HB  
Document Issue :  1 
 
 
  Page 29 of 
32  
BAE SYSTEMS IN CONFIDENCE  30.2 If there is a dispute relating to the Services or to this Agreement which the parties are unable to 
resolve between themselves, the parties must submit to mediation before having recourse to any 
other dispute resolution process. Written notice of the dispu te will be given for it to be submitted to 
mediation before a mediator chosen by the parties or where the parties cannot agree, by the 
Australian Commercial Disputes Centre (ACDC). The mediation will be conducted in accordance 
with the ACDC Commercial Medi ation Guidelines to the extent that they do not conflict with the 
provisions of this clause. If the dispute is not resolved within 60 days after notice of the dispute, the 
mediation will terminate unless the parties otherwise agree.  
30.3 This Agreement shall be governed in accordance with the laws applicable in the Australian Capital 
Territory.  
30.4 ASC Shipbuilding and the Contractor agree that, with the exception of the Non -Disclosure 
Agreement referred to in clause 15.2, this Agreement represents their entire agreement relating to 
the provision of the Services and the parties agree that this Agreement shall supersede all prior 
representations, agreements, statements and understanding whether orally or in writing relating  to 
the provision of the Services.  
30.5 This Agreement can only be amended by written agreement of the parties.  
30.6 To the extent of any inconsistency between the documents comprising this Agreement the following 
order of precedence will apply:  
(a) these terms and conditions;  
(b) the Schedule;  
(c) the Annexures.  
30.7 This Agreement does not create the relationship of employer and employee, principal and agent or 
that of partners between ASC Shipbuilding and the Contractor or the Contractor’s Personnel, and it 
is specifically acknowledged and agreed that the Contractor and any of the Contractor’s Personnel 
are not and are not intended to be an employee, agent or partner of ASC Shipbuilding. Neither the 
Contractor, nor any of the Contractor’s Personnel shall represent themselves, as being employees, 
partners or agents of ASC Shipbuilding or the Commonwealth.  
30.8 The Contractor shall be responsible for all acts or omissions of the Contractor’s Personnel.  
30.9 Unless expressly stated in this Agreement, each party is responsible for its own costs in negotiating 
this Agreement and performing its obligations.  
30.10  Each word, phrase, sentence, paragraph and clause (a “provision”) of this Agreement is severable 
and if a Court determines that a provision is unenforceable, illegal or void the Court may sever that 
provision which become inoperative and such severance wil l not affect the other provisions of this 
Agreement.  
30.11  This Agreement may be executed in counterparts.   
Document Number :  LEG.ASCSB.14.HB  
Document Issue :  1 
 
 
  Page 30 of 
32  
BAE SYSTEMS IN CONFIDENCE  30.12  Clauses 1, 4, 5, 6, 13, 14, 15, 16, 19, 20, 24, 25, 29 and 30 survive  the termination or earlier 
expiration of this Agreement.  
30.13  Nothing in this Agreement is intended to preclude the parties from discussing opportunities for longer 
term services for the Hunter Class Frigate Program. Any such subcontract negotiated between the 
parties will be subject to and will reflect the terms of the Head Contract , amended as required (as 
determined by ASC Shipbuilding).  
 
   
Document Number :  LEG.ASCSB.14.HB  
Document Issue :  1 
 
 
  Page 31 of 
32  
BAE SYSTEMS IN CONFIDENCE  EXECUTED as an Agreement.  
SIGNED  for and on behalf of  
ASC Shipbuilding Pty Limited by its duly 
authorised representative:  
 
 
..........................................................................  
Signature  
 
……………………………………………………..  
Name  
 
……………………………………………………..  
Position Held  
 
……………………………………………………..  
Date  
  SIGNED  for and on behalf of  
[Enter name of Contractor ] by its duly 
authorised representative:  
 
 
…………………………………………………..  
Signature  
 
…………………………………………………..  
Name  
 
…………………………………………………..  
Position Held  
 
……………………………………………………..  
Date  
 
 
In the presence of:  
 
……………………………………………………..  
Name  
 
…………………………………………………….  
Witness Signature  In the presence of:  
 
………………………………………………….  
Name  
 
………………………………………………….  
Witness Signature  
  
Document Number :  LEG.ASCSB.14.HB  
Document Issue :  1 
 
 
  Page 32 of 
32  
BAE SYSTEMS IN CONFIDENCE  SCHEDULE  (NOT APPLICABLE AT THIS STAGE)  
 
Agreement Number:  [Enter Agreement number from agreements database]  
Contractor Name and 
Address : Advanced Robotics for Manufacturing  Ltd, 
53 Holland Street, Northgatem QLD 4013  
A.C.N.  
A.B.N.   
Item 1:  
(Description of 
Services )  [If the description of the Services is basic and can be clearly and 
completely identified in Item 1, complete Item 1 accordingly.  
If the description of Services is such that a Statement of Work and/or 
Task Form is required to be attached to the Agreement  then refer here 
to the Statement of Work and/or Task Form attached at Annex “A]  
Item 2:  
(Term)  [Note to ASC Shipbuilding personnel – insert any applicable start date 
or finish date ] 
Item 3:  
(Contract Price and 
Payment Details)  Contract Price: [Fixed lump sum price for completion of the Services 
exclusive of GST$ include pricing tables as appropriate ] 
GST amount:  [GST amount if applicable ] 
Item 4:  
(Allowed 
subcontracts ) [Insert details of allowed subcontracts ] 
Item 5(a):  
(ASC Shipbuilding 
Representative)  [insert representative’s details ] 
Item 5(b): 
(Contractor’s 
Representative)  [insert representative’s details ] 
Item 6:  
(Insurance Policies)  Evidence of the following insurances (if required):  
Workers Compensation  
Public and Product Liability: A$20 million for any one loss or 
occurrence  
Professional Indemnity: A$10 million for any one loss or occurrence  
Item 7: 
(Non -Disclosure 
Agreement (NDA)  [insert details ] 
Item 8:  
(Security)  
 [insert details ] 
 "
National Reconstruction Fund Corporation.docx.pdf," 
 
   
  
 
National Reconstruction Fund Corporation 
(Priority Areas ) Declaration 2023  
We, Ed Husic, Minister for Industry and Science, and Katy Gallagher, Minister for Finance , 
make the following direction . 
Dated : 16 May 2023   
Ed Husic  
Minister for Industry and Science  
 
Dated : 25 May 2023      
Katy Gallagher  
Minister for Finance  
 
 
 
 
 
 
 National Reconstruction Fund Corporation (Priority Areas) Declaration 2023  i 
 
 Contents  
1  Name ................................ ................................ ................................ ................................ ........  1 
2  Commencement  ................................ ................................ ................................ .......................  1 
3  Authority ................................ ................................ ................................ ................................ .. 1 
4  Definitions  ................................ ................................ ................................ ...............................  1 
5  Priority areas of the Australian economy  ................................ ................................ ................  3 
 
   
  
 
 
 
 
 National Reconstruction Fund Corporation (Priority Areas) Declaration 2023  1 
 
 1  Name  
  This instrument is the National Reconstruction Fund Corporation (Priority 
Areas) Declaration 2023 . 
2  Commencement  
 (1) Each provision of this instrument specified in column 1 of the table commences, 
or is taken to have commenced, in accordance with column 2 of the table. Any 
other statement in column 2 has effect according to its terms.  
 
Commencement information  
Column 1  Column 2  Column 3  
Provisions  Commencement  Date/Details  
1.  The whole of this 
instrument  Immediately after the commencement of the 
National Reconstruction Fund Corporation Act 
2023 .  
Note:  This table relates only to the provisions of this instrument  as originally made. It will 
not be amended to deal with any later amendments of this instrument.  
 (2) Any information in column 3 of the table is not part of this instrument. 
Information may be inserted in this column, or information in it may be edited, in 
any published version of this instrument.  
3  Authority  
  This instrument is made under  section  6 of the National Reconstruction Fund 
Corporation Act 202 3. 
4  Definitions  
  In this instrument:  
Act means the National Reconstruction Fund Corporation Act 202 3. 
aircraft  means any machine or craft used in air navigation, however propelled or 
moved.  
animal  means any member, alive or dead, of the animal kingdom (other than a 
human being).  
animal product  means:  
 (a) an animal; or  
 (b) any part of an animal; or  
 (c) anything produced by an animal; or  
 (d) anything wholly or principally produced from, or wholly or principally 
derived from, an animal.  
forest operations  includes the production, growing or raising of forest products.   
 
 
 
 
2 National Reconstruction Fund Corporation (Priority Areas) Declaration 2023   
 
 horticultural product  has the same meaning as in the Horticulture Marketing 
and Research and Development Services Act 2000 . 
horticulture  means the production, growing or raising of horticultural products.  
manufacturing products  includes:  
 (a) developing products; and  
 (b) providing logistics relating to products; and  
 (c) distributing products; and  
 (d) producing products; and  
 (e) selling products; and  
 (f) providing after -market services relating to products; and  
 (g) maintaining products.  
mineral means a substance or mixture of substances:  
 (a) occurring naturally as part of the earth’s crust; or  
 (b) dissolved or suspended in water that is on or within the earth’s crust; or  
 (c) that may be extracted or produced from a substance or mixture of 
substances mentioned in paragraph  (a) or (b).  
mining industry  means the industry of recovering, extracting or producing 
minerals.  
plant  means any member, alive or dead, of the plant kingdom, and includes 
fungi.  
plant product  means:  
 (a) a plant; or  
 (b) any part of a plant; or  
 (c) anything produced by a plant; or  
 (d) anything wholly or principally produced from, or wholly or principally 
derived from, a plant.  
primary industry  means an industry that involves:  
 (a) agriculture or the cultivation of land; or  
 (b) the maintenance of animals for commercial purposes; or  
 (c) forest operations; or  
 (d) fishing; or  
 (e) hunting or trapping; or  
 (f) horticulture; or  
 (g) aquaculture.  
processing includes refining, recycling, treating, preparing, transforming or 
modifying . 
produce of a primary industry  means animal products, or plant products, that 
result from carrying on a primary industry (whether or not any operations have 
been performed in relation to the products).  
products  includes:    
  
 
 
 
 
 National Reconstruction Fund Corporation (Priority Areas) Declaration 2023  3 
 
  (a) equipment; and  
 (b) components; and  
 (c) software; and  
 (d) technologies.  
rail vehicle  means a vehicle (including a tram) that is designed to transport 
passengers or goods and operates on a railway (including a vehicle that does not 
have wheels).  
railway means a system by which vehicles are guided:  
 (a) by means of parallel rails; or  
 (b) by means of a single rail.  
road vehicle  means a vehicle that is designed to transport passengers or goods by 
land, but does not include a rail vehicle.  
ship means any vessel used in navigation by water, however propelled or moved.  
space object  means:  
 (a) an object the whole or a part of which is to go into or come back from an 
area beyond the distance of 100 km above mean sea level; or  
 (b) any part of such an object, even if the part  is to go only some of the way 
towards or back from an area beyond the distance of 100 km above mean 
sea level.  
therapeutic use  means use in or in connection with:  
 (a) preventing, diagnosing, curing or alleviating a disease, ailment, defect or 
injury in persons; or  
 (b) influencing, inhibiting or modifying a physiological process in persons; or  
 (c) testing the susceptibility of persons to a disease or ailment; or  
 (d) influencing, controlling or preventing conception in persons; or  
 (e) testing for pregnancy in persons; or  
 (f) the replacement or modification of parts of the anatomy in persons.  
5  Priority areas of the Australian economy  
Value -add in resources  
 (1) The area of the Australian economy that is involved in:  
 (a) manufacturing products for use in or in connection with the mining 
industry; or  
 (b) manufacturing products for use in or in connection with processing 
minerals; or  
 (c)  processing minerals;  
is a priority area of the Australian economy for the purposes of the Act. 
Value -add in agriculture, forestry and fisheries  
 (2) The area of the Australian economy that is involved in:   
 
 
 
 
4 National Reconstruction Fund Corporation (Priority Areas) Declaration 2023   
 
  (a) manufacturing products for use in or in connection with a primary industry; 
or 
 (b) manufacturing products for use in or in connection with processing 
produce of a primary industry; or  
 (c)  processing produce of a primary industry;  
is a priority area of the Australian economy for the purposes of the Act. 
Transport  
 (3) The area of the Australian economy that is involved in manufacturing  any of the 
following products : 
 (a) aircraft, road vehicles, rail vehicles or ships;  
 (b) products for use in or in connection with aircraft, road vehicles, rail 
vehicles or ships;  
is a priority area of the Australian economy for the purposes of the Act. 
Medical science  
 (4) The area of the Australian economy that is involved in manufacturing products 
for therapeutic use is a priority area of the Australian economy for the purposes 
of the Act. 
Renewables and low emission technologies  
 (5) The area of the Australian economy that is involved in manufacturing products 
for use in or in connection with:  
 (a) renewable energy generation, transmission, distribution or storage; or  
 (b) greenhouse gas emissions reduction; or  
 (c) energy efficiency; or  
 (d) recycling; or  
 (e) waste reduction; or  
 (f) resource recovery;  
is a priority area of the Australian economy for the purposes of the Act. 
Defence capability  
 (6) The area of the Australian economy that is involved in manufacturing products 
that are wholly or primarily for use in or in connection with defence is a priority 
area of the Australian economy for the purposes of the Act. 
Enabling capabilities  
 (7) The area of the Australian economy that is involved in manufacturing any of the 
following  products : 
 (a) advanced manufacturing technologies or materials technologies;  
 (b) artificial intelligence technologies;  
 (c) advanced information or communication technologies;  
 (d) quantum technologies;  
 (e) autonomous systems;    
  
 
 
 
 
 National Reconstruction Fund Corporation (Priority Areas) Declaration 2023  5 
 
  (f) robotics  technologies ; 
 (g) positioning, timing and sensing  technologies ;  
 (h) biotechnologies;  
 (i) space objects or products for use in, or in connection with, space objects;  
 (j) other advanced technologies;  
is a priority area of the Australian economy for the purposes of the Act. "
Notes.docx.pdf,"Notes – meeting 11/10/21 – 3pm  
Bale breakdown  
Section 1  
Madeleine  
• Runs through how a donated bale is sorted at Salvation Army  
• How they selected each item for each category – explaining 1x pile at a time.  
o Category 1 – Designers  / Boutique  
o Category 2 – Resale locally  
o Category 3 – Export grade  
o Category 4 – B Grade / Single Fiber / Rag  
o Category 5 – Waste  
o Category 6 – Manchester  
o Category  7 – Non-textiles  
• Break down the bale. Madeline to take a small portion. Volunteers to sort items to piles in 
front of the pre -sorted piles.  
Section 2  
Each category is presented in more detail by each expert.  
o Category 1 – Designers  / Boutique – Lydia Pearson (AP)  
o Category 2 – Resale locally  – Yas (AP)  
o Category 3 – Export grade  – Meriel (AP)  
o Category 4 – B Grade / Single Fiber / Rag  – Navarro Enterprises (LH)  
o Category 5 – Waste  – Thea (AP)  
o Category 6 – Manchester  - Meriel  
o Category  7 – Non-textiles   
  Bale Break -apart Part 3  
After the challenges of sorting and value categories are discussed around the physical bales, each  
group is to break -out into their assigned groups. There will be 4no. in -person round table 
discussions, and 2no. virtual break -out rooms. Each virtual room is to have a physical attendee that 
is familiar with Zoom and Padlet (for virtual sticky notes).  
Each group will be asked to respond to the following activities. There is 1no. nominated facilitator in 
each  group that is responsible for driving the discussion and for recording items.  
Activity 1   
Introduce yourself  and your organization  to the group . Please also  explain  why you are interested in 
addressing the textile waste challenge.  
Activity 2  
Identify  other value categories that were not discussed today  during the bale break -apart.  For 
example, a re there sub -categories that you are awa re of ?  
 
Break -out Groups Part 1  
In this segment, each group will again break -out into their assigned groups and d eep dive into the 
hidden value within each category. Each group chooses 3 - 4 value categories to further interrogate.  
Activity 1  
Select  3 to 4 value categories that your group identified in the previous segment . These categories 
are to represent the highest potential economic value.  
Activity 2  
Discuss the uncaptured economic value of these selected 3 – 4 categories .  
 
Break -out Groups Part 2 
Activity 1  
As a group, choose  1 value category that best represent s the biggest economic opportunity.  
Activity 2  
Discuss how technology or your workforce could be utilised to sort for this category.  
Break -out Groups Part 3 
Activity 1  
Discuss the potential business/economic model that could support textile sorting for your identified 
category. Who, what, where and how a human -assisted technology solution could be adopted by 
industry?   
 Activity 2  
Discuss and list items  and questions  that will require further investigation for Workshop 2. This 
includes other potential collaborators to invite, funding bodies etc .  
  
 
 
 "
Polaris Weekly Update - 29 November 2023.docx.pdf,"29 November 2023  
Polaris Weekly Update  
 
Progress  
1. Documentation  started – initial draft stage  
2. Risk assessment  started – initial draft stage  
3. Electrical safety  components started to be hooked up by Ascent  
4. Initiated Design Verification  with Black Square of Scissor Lift, Chain Conveyor shaft, Chassis 
Frame  
a. Melissa prepared all supporting documentation to engage Black Square  
5. Handover of Peter’s work  responsibility to Melissa and Troy  
6. Pallet Splitter Mechanism  
a. parts ordered from Fabricator - expected completion mid Feb  
b. received OEM parts for pallet splitter (e.g. bearings, etc.)  
7. Various major guard panels  designed and ordered for fabrication – expected completion: 
end of December (more to be designed in concert with risk assessment)  
8. Arranged for  conveyor shaft adjustment  with fabricator (expected completion: mid 
December)  
9. Software: Draft Program  to test device subsystems and basic operation in progress  
Setbacks  
1. Conveyor motor/gearbox mismatch :  
a. Plan: arranged for supplier to provide sleeves to fit ourselves (quickest)  
i.  received but required additional fitting effort and expertise.  
b. Action: Have sent both motors and gearboxes back to the supplier for them to 
implement the fix and return to us (turnaround approx. 7 days + express post to 
Victoria) . Note This should not be a critical path setback.  
2. Fabrication delivery : not yet arrived (turntable plate, conveyor motor mounts, scissor lift 
parts)  
a. Expected delivery last week  
b. update from fabricator is to expect it this week, but missing two (non critical path) 
parts which are not ready due to their request (on Tuesday) to modify the fabrication 
method  
i. balance of parts should be sent next week according to fabricator  
c. impact to schedule: 1 -2 weeks  
i. it would be preferable to assemble and install asap in order to test and verify 
in case additional design required.  
1. Documentation taking priority means that the late delivery is not a 
critical path setback.  
2. Not verifying the design by assembling  and building it could add risk 
to schedule that rework requirement will not be identified until later.  
3. conveyor shaft  - requires adjustment for fitting bearings (see progress 8)  
 "
Project Plan.docx.pdf,"Banana De -handing Robot – Preliminary Project Plan  
 
Scope  
This project aims to produce a prototype robotic banana de -handing system at TRL 5 (prototype 
methods validated in the target environment).  
Outcomes  
This project plan would progress development of an automated de -handing solution to TRL5. The 
methods described correspond to Automation Option 2 - Submersion De -hander, in the Feasibility 
Report for Improving Banana De -handing with Automation . This would test and/or deliver the 
following outcomes:  
o Validation of the banana de -handing technique.  
o Identification and testing of the minimum required equipment and robot degrees of 
freedom (DOF) to complete the task.  
o Testing of the detailed engineering design in a simulated target environment 
(working conditions, sap/bleed, lighting)  
o Benchmarking of the technical specification against current manual handling (time, 
quality/defects).  
o Provision of a basis for a cost benefit analysis – i.e. to determine capital and 
operational expenditure associated with technology implementation.  
Methods  
Due to the high confidence in the possibility of solving the de -handing problem with computer vision 
systems and existing robotics and end effector technologies, these solutions can be incorporated 
into the project plan.  
For example, line detection algorithms are very common in computer vision, and when faced with a 
complicated scene like that presented by a banana crown, a solution can generally be found by 
acquiring sufficient volumes of training data. The project therefore would depend upon the 
participation of banana growers for data collection and validation.  Similarly, based on experience, 
the project plan assumes that robotic arm proposed for development purposes would offer 
sufficient flexibility to enable changes in the system design without requiring new hardware.  
Given these considerations, and ability to identify and deploy appropriately skilled personnel, a two -
year project delivery duration is anticipated. In this time, the computer vision algorithms can be 
trained, the end effectors built and validated, and the  robotic systems integrated with associated 
hardware and software.  
  Timeline  
The timeline is broken into three  main work areas: Robotic control and integration , computer vision, 
and end effectors.  
Table 1: Timeline and resource requirements to develop a robotic de -handing system to TRL5  
Months  Area  Tasking  Expected human resource 
requirement  
0-6 
 Robotics  Project planning and detailed design. Plan for 
data collection and necessary tooling. Robot 
platform selection  1 FTE robotics engineer  
Vision  Research proposals for quality detection and 
cutting line detection. Candidate selection  0.25 FTE CV researcher  
End 
Effectors  Research proposals for cutting and grasping 
end effectors. Candidate selection  0.25 FTE Robotics researcher  
6-12 Robotics  Robot procurement (accounting for supply 
chain risk). Middleware development  0.5 FTE robotics engineer  
Vision  Design vision architecture and collect data for 
computer vision research  0.25 FTE CV researcher  
1 CV research assistant  
End 
Effectors  Review existing end effectors and develop 
concepts  0.25 FTE robotics researcher  
1 FTE robotics research assistant  
12-18 Robotics  Path planning. Middleware development. 
Safety systems  1 FTE robotics engineer  
Vision  Build vision systems based on collected data 
and iterate  0.25 FTE CV researcher  
1 CV research assistant  
End 
Effectors  Design, build, unit test of different end 
effectors  0.25 FTE robotics researcher  
1 FTE robotics research assistant  
18-24 Robotics  Integration testing and iteration  2 FTE robotics engineer  
Vision  Integration testing and iteration  1 CV research assistant  
End 
Effectors  Integration testing and iteration  1 FTE robotics research assistant  
 
 
Costings  
 
The provided costings (refer table 2) detail the estimated cost to progress automation option 2 to 
TRL 5, pending a detailed design phase and articulation of agreed technical specification. The cost 
outlined do not reflect a deployable system. For example,  the development cell requires a robot that 
can test through a range of degrees of freedom in order to determine the optimal degrees of 
freedom for the ultimate robotic solution and associated specifications. This process would produce 
a beta prototype tes ted in a representative environment and include the following components:  
1. Robot arm : Identify, purchase and commission a robot arm for handling banana bunches. 
We propose the use of an existing robot arm with capacity to manipulate a bunch of 
bananas. To enable infield testing, the robot used should have the appropriate IP (Ingress 
Prote ction) rating and effectively work in wet conditions.  
2. Robot arm path planning: Develop collision avoidance for the prototype robotic cell.  3. Secondary arm for cutting : Identify and purchase a secondary arm. The secondary arm 
needs to provide sufficient dexterity to cut banana hands while having an appropriate IP 
rating.  
4. Computer vision system: Identify and purchase a computer vision and sensor package for 
detecting banana hands and propose locations for cutting.  
5. Conveyor Development:  Identify and purchase components for a conveyer to lift bananas 
from the tank proposed in automation option 2 onto the wheel/through for processing.  
6. Interface with existing conveyor and overhead rail:  Develop algorithms and control to 
interface with the proposed conveyor and existing overhead banana rails.  
7. End-effector and cutting tool: Identify and purchase the appropriate cutting device from the 
proposals.  
 
Table 2: Material, equipment and commissioning cost estimation for development system  
No
. Banana De -handing  Develop a robotic de -hander prototype cell to TRL 5  
Unit Cost  Cost Type  Comments  
1 Robot arm  $90,000.00  Purchase equipment 
and commissioning  Purchase a robot arm 
suitable for handling 
banana bunches in a wet 
environment.  
2 Secondary arm for 
cutting  $45,000.00  Purchase equipment 
and commissioning  Purchase a robot arm 
suitable for performing the 
de-handing task in a wet 
environment.  
3 Computer vision 
system  $30,000.00  Purchase equipment 
and commissioning  Identify and purchase 
computer vision cameras 
and sensors for performing 
the de -handing task.  
4 Conveyer 
Development  $5,000.00  Purchase equipment 
and commissioning  Develop a tank to de -hand 
bananas into and conveyor 
system to lift the hands of 
bananas from the de -
handing tank to the 
wheel/trough.  
5 Interface with 
existing Conveyer 
and overhead rail  $10,000.00  Commissioning  Write PLC controllers for 
the conveyor system and 
interface with existing 
overhead banana transport 
systems.  
6 End-effector and 
cutting tool  $40,000.00  Purchase equipment  Identify and purchase end -
effectors and cutting tools 
for de -handing bananas. 
Custom design  
  Total  $220,000.00      (Note: table 2 excludes labour and associated costs for research and engineering services)  
 
Identified Issues and Risks  
The primary risks to the delivery of a prototype banana de -handing system will concern the return 
on investment of the technology. The ARM Hub is confident that the chosen technologies (robotic 
arms, computer vision, etc.) are capable of performing the tas k at hand given enough development 
time, but these systems are sensitive to environmental issues that will be difficult to simulate in a 
laboratory environment where development is most cost -efficient.  
For example, computer vision systems are often sensitive to lighting conditions, and workspaces like 
a banana de -handing station are often exposed to the outdoor light and heavy shadowing. This can 
be overcome given enough simulation time and training data , but there is a risk that the simulated 
lighting conditions do not fully cover the range of conditions experienced on the farm. Incorporating 
more data and simulation time will incur additional costs, which may not be palatable to funders.  
In a similar vein, the amount of time it takes to develop a robotic cutting system that minimises the 
amount of sap and waste generated is expected take much longer than one that just successfully de -
hands bananas. It is anticipated that the problems/challenges can be solved given enough time but 
aren’t certain to be solved in an economical timeframe.  
Other risks to the project concern access both to data from farms and suitable project staff. Staffing 
is currently tight across the robotics industry and allocating researcher time for data collection may 
be an expensive component of the project. In the e vent that no staff are available for data collection 
or project work, the project would inevitably be delayed.  
 
 "
QUT-CSIRO Agrmt Professorial Appointment - rev29.3.2019 with CSIR.._.docx.pdf," 
 
 page 1 
  
 
 
 
Queensland University of Technology  
Commonwealth Scientific and Industrial Research 
Organisation  
Agreement for Professorial 
Appointment   
 
 page 2 
 Dated                    day of                            201 9 
Parties  
Queensland University of Technology  ABN 83 791 724 622  a body corporate 
established by the Queensland University of Technology Act 1998 (Qld)  of 2 
George Street, Brisbane, Queensland ( QUT ) 
Commonwealth Scientific and Industrial Research Organisation  ABN 41 
687 119 230  a body corporate established by the Science and Industry Research 
Act 1949 (Cth)  of CSIRO Black Mountain Science and Innovation Park, Clunies 
Ross Street, Acton,  ACT (CSIRO ) 
 
 
Background  
A The parties wish to bring together their complementary expertise in  
robotics . 
 
B Accordingly the parties have agreed to establish a professorial research 
position to develop and advance opportunities for research and 
development in robotics  in accordance with the terms of this Agreement . 
 
Agreed terms  
1 Interpretation  
1.1 Definitions  
In this Agreement:  
Activities  means the activities specified in Schedule 1. 
Appointee means the person appointed to the  Position under the terms of this 
Agreement . 
Approving R epresentative  means the person referred to in clause 10 and 
specified in Schedule 1.  
ARM Hub  means the proposed Advanced Robotic Manufacturing Hub proposed 
by QUT together with UAP (Urban Arts Projects) and other partners located at 
Holland Street Northgate Qld 4013.  
  
 
 page 3 
 Background Intellectual Property  means any Intellectual Property of a party 
which is provided  by that party for use in a Project and : 
(a) was brought into existence prior to commencement of the Project; or  
(b) is independently developed by that party during the course of the Project.  
and more specifically means the Intellectual Property which is listed as 
Background Intellectual Property in a Project Schedule prepared  in accordance 
with clause 1 0. 
Business Day means a day that is not a Saturday, Sunday or public or bank 
holiday in Brisbane.  
Commencement Date means the date as specified in Schedule 1  
(notwithstanding the date of this Agreement).  
Commercialise means to manufacture, sell, hire or otherwise exploit for 
financial or other gain or advantage a product, process or information, or to 
provide a service, or to license, sub -license, joint venture or make any other 
similar arrangement with any third party to do any of those things but does not 
include providing consultancy or commercial research using such products, 
processes or information internally, and Commercialisation  has the 
corresponding meaning.  
Confidential Information means  the following (irrespective of whether it has 
been reduced to material form) : 
(a) information of the Discloser that is by its nature confidential and includes , 
but is not limited to, information comprised in or relating to any Intellectual 
Property rights (whether registered or unregistered) of the Discloser 
including the New Intellectual Property, information relating to any trade 
secrets, methodologies or kno w-how of the Discloser;  
(b) information designated in writing as confidential by the Discloser from 
time to time during the term of this Agreement;  
(c) information the Recipient knows or ought to know is confidential;  
(d) information imparted in confidence to the Recipient by the Discloser; and  
(e) any other information classifiable in equity as confidential information,  
but, does not include information:  
(f) in the public domain other than as a result of a breach  of confidentiality  by 
the Recipient ; 
(g) created  by the Recipient ’s officers, employ ees or agents independent of  
any Confidential Information  of the Discloser ; or 
(h) that becomes available to the Recipient on a non -confidential basis from 
a source other than the Discloser who has represented to the Recipient 
that it is entitled to disclose such information.  
CSIRO Contribution means the financial contribution of CSIRO as specified in 
Schedule 1 .  
 
 page 4 
 Default Scholarships  means  the scholarships specified in Schedule 1. 
Discloser means the party disclosing the Confidential Information to the 
Recipient.  
Expiration Date  means the date on which this Agreement expires as specified 
in Schedule  1. 
Intellectual Property means all rights in relation to copyright, inventions, 
patents, trade marks, plant varieties, circuit layouts, designs or other rights 
arising from intellectual activity as set out in Article 2 of the World Intellectual 
Property Organisation Treaty whether  registered or unregistered together with 
the rights to apply for registration of those rights.  
New Intellectual Property  means Intellectual Property created or invented 
during the performance of a Project : 
Personal Information means information or an opinion (including information or 
an opinion forming part of a database), whether true or not and whether recorded 
in a material form or not, about an individual whose identity is apparent or can 
reasonably be ascertained, from the information or opinion.  
Personnel  of a party means the party’s officers , employees and students.  
Position means a professorial appointment at QUT  in the Research Theme . 
Project  means a research project  conducted by the Appointee.  
Project Schedule  means a schedule listing details of each Project substantially 
in the form which appears in Schedule 2 to this Agreement.  
QUT Contribution means the financial contribution of QUT as specified in  
Schedule  1. 
Recipient means the party receiving the Confidential Information of the 
Discloser.  
Research Theme means the theme specified in Schedule 1. 
      Student  means a student enrolled at QUT including higher degree students.  
Thesis  means any dissertation or paper submitted by a Student for assessment 
or examination including for the award of a postgraduate research degree.  
1.2 Construction  
Unless expressed to the contrary, in this Agreement:  
(a) words in the singular include the plural and vice versa;  
(b) any gender includes the other genders;  
(c) if a word or phrase is defined its other grammatical forms have 
corresponding meanings;  
(d) “includes” means includes without limitation;   
 
 page 5 
 (e) no rule of construction will apply to a clause to the disadvantage of a party 
merely because that party put forward the clause or would otherwise 
benefit from it;  
(f) a reference to:  
(i) a person includes a partnership, joint venture, unincorporated 
association, corporation and a government or statutory body or 
authority;  
(ii) a person includes the person’s legal personal representatives, 
successors, assigns and persons substituted by novation;  
(iii) any legislation includes subordinate legislation under it and includes 
that legislation and subordinate legislation as modified or replaced;  
(iv) an obligation includes a warranty or representation and a reference 
to a failure to comply with an obligation includes a breach of 
warranty or representation;  
1.3 Headings  
Headings do not affect the interpretation of this Agreement.  
2 Term  
(a) This Agreement commences on the Commencement Date and continues 
until the Expiration Date (“Term”) unless terminated earlier in accordance 
with this Agreement.  
(b) This Agreement will be extended for a further period of two (2) years on 
the expiry of this Agreement on the same terms (except for this clause 2 
(b)), if both parties are satisfied that the Appointee  has achieved the KPIs 
set out in clause 3.3(a)  for the first three years . 
3 Establishment of the Position   
3.1 Recruitment  and Appointment  
(a) The parties agree to establish the Position, including  appointment of the 
Appointee, as soon as reasonably possible from the date of execution of 
this Agreement.  
(b) The recruitment and appointment process for the Appointee will be carried 
out in accordance with QUT’s rules and guidelines for recruitment and 
employment of staff. The selection panel for the recruitment of the 
Appointee will include representatives from QUT and least one (1) 
representative from CSIRO.  
(c) The Appointee  will be emplo yed by QUT in accordance with QUT’s rules 
and policies.  
(d) If the parties are unable to recruit an appointee or are unable to agree on 
an appointment within 6 months (or such longer period as agreed) from  
 
 page 6 
 the Commencement Date then this Agreement terminates automatically 
and the remaining CSIRO Contribution is to be applied to the Default 
Scholarships  
 
 
3.2 Replacements  
(a) If the employment of the Appointee is terminated, for whatever reason, 
then the parties will commence good faith discussions with respect to 
finding a replacement for the Position for the remainder of the Term . 
(b) Neither QUT nor CSIRO  is under any obligation to find a suitable 
replacement for such a Position.  
(c) If the employment of an Appointee is terminated, for whatever reason, and 
the parties are unable to find and agree on a replacement within a 
reasonable period, then this Agreement terminates automatically  and the 
remaining CSIRO Contribution is to be applied to the Default Scholarships . 
3.3 Review of Appointee ’s Performance  
(a) The parties will review the Appointee’s achievement of  the following   KPIs 
on an annual basis:  
(i) securing  joint third party funded projects with funding for PostDocs , 
professional engineering staff or students ;   
(ii) regular presence at QCAT  and/or the ARM  Hub, participation in 
group activities and strategy discussions;  
(iii) supervision of PhD Students who share time at both QUT and 
CSIRO, building publication record . 
4 Activities of the Appointee  
(a) The Appointee will be generally required to allocate their time while 
undertaking the Position as follows:  
(i) up-to 50% joint third party funded  projects ; and  
(ii) 50% research , teaching and administrative  activities for QUT  
relating to the Research Theme . 
(b) All activities of the Appointee must have a Project Schedule signed by both 
parties in accordance with clause 10.  
5 Policies  
(a) CSIRO must brief the Appointee in relation to CSIRO workplace health 
and safety policy (or its equivalent) and any other policy or procedure of 
CSIRO which is relevant to the activities of the Appointee at CSIRO .  
 
 page 7 
 (b) QUT must brief the Appointee in relation to QUT’s workplace health and 
safety policy (or its equivalent) and any other policy or procedure of QUT 
which is relevant to the activities of the Appointee at QUT.  
(c) QUT agrees to require that the Appointee while performing duties pursuant 
to this Agreement at CSIRO , comply with CSIRO’s workplace health and 
safety policy (or its equivalent) and any other policy or procedure of CSIRO 
which is relevant to the activities of the Appointee  at CSIRO . 
(d) The p arties agree to comply and to require their respective Personnel 
while performing duties pursuant to this Agreement to comply with all 
standards and legislation relevant to the conduct of the Projects.  
6 Duties of CSIRO  
For the Term , CSIRO : 
(a) unless otherwise agreed in writing by the parties, must not use the 
Appointee for purposes other than the performance of their duties 
pursuant to this Agreement;  
(b) must ensure that its requirements of the Appointee in respect of their 
duties pursuant to this Agreement do not prevent QUT from complying 
with all industrial awards or agreements, policies and agreements 
applicable to the Appointee and QUT, as notified by  QUT to CSIRO; and  
(c) must take all reasonable actions to ensure a safe system of work for the 
Appointee at CSIRO . 
7 Duties of QUT  
For the Term , QUT:  
(a) must supervise and direct the Appointee with regard to the activities 
performed at QUT and duties agreed by the parties as performed under 
the direction of QUT;  
(b) unless otherwise agreed in writing  by the parties, must not use the  
Appointee for purposes other than the performance of their duties 
pursuant to this Agreement;  
(c) must continue to make all payments, and provide all benefits, to the 
Appointee as required by the Appointee’s contract of employment, 
applicable legislation and any applicable award or industrial agreement 
including without limitation:  
(i) remuneration (including salary and non -salary benefits);  
(ii) superannuation contributions; and  
(iii) entitlements to annual, sick, long service, bereavement, parental or 
other leave;   
 
 page 8 
 (d) must continue to comply with all other legislative requirements which arise 
as a result of the employment of the Appointee including, without limitation, 
workers compensation insurance, PAYG withholding tax, fringe benefits 
tax and payroll tax;  
(e) must comply with all industrial awards or agreements, policies and 
agreements applicable to the Appointee and QUT; and  
(f) must take all reasonable actions to ensure a safe system of work for the 
Appointee at QUT.  
8 Funding  
(a) CSIRO has paid  the CSIRO Contribution as specified in Schedule  1. 
(b) QUT  provid ed CSIRO with GST invoices for amounts of the CSIRO 
Contribution due in accordance with Schedule  1.  
(c) QUT  has establish ed a separate account within the QUT financial system 
and deposit ed the CSIRO Contribution into that account.  The funds in the 
account will be used exclusively for transa ctions relating to the Activities . 
If the Agreement is terminated for any reason then the remaining CSIRO 
Contribution will be used exclusively for transactions relating to the Default 
Scholarships .  
(d) QUT  will keep proper accounting records which will correctly show all 
expenditure of the CSIRO Contribution and the QUT Contribution.  
9 Additional Support  
9.1 CSIRO  Support  
In addition to its obligations under clause 8, CSIRO will provide the following in -
kind support throughout the Term for the Appointee:  
(a) access to I3Hub, computing, library, information and research facilities at 
CSIRO and Student co -supervision as reasonably required by the 
Appointee;  
(b) the appointment  of the Appointee as an adjunct at CSIRO;  
(c) office space for the Appointee at CSIRO ; and  
(d) access to internal research funding at CSIRO , as considered appropriate 
in CSIRO’s sole discretion . 
9.2 QUT  Support  
In addition to its obligations as employer of the Appointee , QUT will provide the 
following in -kind support throughout the Term for the Appointee:  
(a) access to computing, library, information and research facilities at QUT as 
reasonably required by the Appointee;  
(b) office space for the Appointee at QUT; and   
 
 page 9 
 (c) access to internal research funding at QUT.  
10 Project  Identification Process  
(a) The Appointee may propose a Project by completing a Project Schedule 
and emailing it to the  relevant representative from each party (“Approving 
Representative ”) as specified in Schedule 2. 
(b) Within seven ( 7) days after receipt of a proposed Project Schedule , both 
Approving Representatives  will jointly , via an email to the Appointee : 
(i) approve the Project Schedule as proposed ; 
(ii) approve the Project Schedule subject to amendments  specified by 
the Approving Representatives ; 
(iii) reject the Project Schedule.  
(c) In the event that:  
(i) the Project Schedule is approved as p roposed by the Approving 
Representatives ; or 
(ii) the Project Schedule as amended by the Approving 
Representatives  in accordance with clause 10( b)(ii) is accepted  by 
the Appointee ; 
then the Project Schedule with any approved amendments will be signed 
by both parties and the Project may commence . 
11 Media releases  
Media releases may be prepared by either party or both parties jointly.  The 
written consent of both parties will be obtained before any media release is 
distributed to any media.  
12 Publications  
(a) If an academic  publication proposed by one party (“ Publishing Party ”) 
may contain Confidential Information of the other party (“ Consenting 
Party ”), then the Publishing Party must submit a draft of such a publication 
to the Consenting Party for review for its Confidential Information 30 days 
prior to submission or intended publication . 
(b) Within 30 days after receipt of a proposed publication, the Consenting 
Party will:  
(i) consent in writing to the submitted form of the publication;  
(ii) consent in writing to the publication subject to alterations being 
made to the publication so that it does not disclose Confidential 
Information;  or  
 
 page 10 
 (iii) if altering the publication is impractical, require that the publication 
be delayed for a reasonable period of time as necessary to enable 
the Consenting Party to secure adequate IP protection for the 
Confidential Information or  to otherwise protect the commercial 
interests of the Cons enting Party provided that such delay shall only 
be as necessary to gain IP protection or protect such interests and 
that it is not reasonable for the Consenting Party to request delay 
where the Confidential Information has already been placed into the 
public domain by any means, including publication on the Patents 
Register anywhere in the world.  
(c) In the event that:  
(i) written consent to publication is given to the Publishing Party by the 
Consenting Party;  
(ii) no response is received by the Publishing Party from the Consenting 
Party within 30 days of submission of the proposed publication for 
comment by the Publishing Party;  
(iii) the Consenting Party requests an alteration to the proposed 
publication in accordance with clause 12(b)(ii)  and such alteration is 
made to the proposed publication; or  
(iv) the Consenting Party requests delay of the publication in 
accordance with clause 12(b)(iii) for a specific period and such 
specific period passes,  
then the Publishing Party may proceed to publish the publication.  
(d) For the avoidance of doubt this cl ause 12  does not apply to a Thesis which 
instead is subject to clause  15.4 
13 Intellectual Property  
13.1 New Intellectual Property  
(a) All New Intellectual Property will be owned as specified in the  Project 
Schedule for the Project in which the New Intellectual Property was 
created . 
(b) Licences in New Intellectual Property  will be as specified in a Project 
Schedule for the Project in which the New Intellectual Property was 
created . 
(c) QUT will ensure that any New Intellectual Property created by a Student 
working on a Project is assigned to QUT, other than copyright in a 
Student’s Thesis which will be retained by the Student . 
13.2 Background  Intellectual Property  
(a) QUT and CSIRO grant each other a non -exclusive, non -transferable, 
royalty free licence to use each other’s Background Intellectual Property 
for the purpose of conducting a Project .  
 
 page 11 
 (b) Additional  conditions under which a party makes its Background 
Intellectual Property available for a Project will be specified in the Project 
Schedule . 
13.3 Third Party Intellectual Property  
The conditions under which a party uses any third party Intellectual Property for 
a Project will be specified in the Project Schedule .   
14 Commercialisation of New Intellectual Property  
The conditions under which a party may Commercialise New Intellectual 
Property of a Project will be specified in the Project Schedule .   
15 Confidentiality  
15.1 Disclosure and use  
Subject to clause  15.2, the Recipient  must:  
(a) keep confidential and not allow, make or cause any public announcement 
or other disclosure of or in relation to any Confidential Information without 
the prior written consent of the Discloser, which consent may be given or 
withheld, or given with conditions, in the Discloser’s sole discretion ; 
(b) use, copy and retain the Confidential Information solely for the purpose of 
performance of its obligations under this Agreement and in accordance 
with this clause 15; 
(c) without limiting clause 15 .1(a) or 15.1(b),  not: 
(i) exploit any Confidential Information;  
(ii) use any Confidential Information for its own business purposes 
without the prior written consent of the Discloser; or  
(iii) make copies in any format of the Confidential Information other than 
as permitted pursuant to this Agreement without the prior written 
consent of the Discloser;  
(d) ensure that any third party to whom  Confidential Information is disclosed 
as permitted by this clause 15  exec utes a confidentiality undertaking 
consistent with the terms of th is clause 15 , upon the request of the 
Discloser;  
(e) on the expiry or termination of this Agreement promptly return to the other 
party or destroy (and certify such destruction) all Confidential Information 
of the other party then in the party’s possession or under its control.  
 
15.2 Exceptions  
(a) Despite  clause  Error! Reference source not found. 15.1(e)  above, a 
Recipient may retain any Confidential Information (or a copy of it):   
 
 page 12 
 (i) to the extent necessary to comply with any law applicable to the 
Recipient  (including any record keeping obligations) ; 
(ii) to defend itself in any proceeding brought against it;  
(iii) for its own reasonable internal credit, risk, insurance, taxation or 
record -keeping purposes; or  
(iv) to the extent that it is contained in email back up medium made in 
the ordinary course of business.  
 
(b) The obligations of each party under clause 1 5.1 do  not apply to a 
disclosure or announcement to the extent that the disclosure or 
announcement is:  
(i) in the case  of CSIRO , in response to any request from its Minister, 
the Commonwealth Parliament, a committee of the Commonwealth 
Parliament, or an auditor for the Australian Government ; 
(ii) required by law, provided that the Recipient notifies the Discloser 
prior to the disclosure  required to enable the Discloser to seek a 
protective order or other appropriate remedy in respect of the 
Confidential Information;  
(iii) required for the party  to perform its obligations under this 
Agreement; or  
(iv) made by the party with the written consent of the other party.  
15.3 Personal Information  
Each party will comply with applicable privacy laws in relation to personal 
information collected or received by it in undertaking a Project under this 
Agreement . 
15.4 Student Thesis  
(a) Subject to clause 15.4 (b), the parties agree that any Student may include 
the results of a Project, in whole or in part, as part of their Thesis ; 
(b) Upon reasonable written request from CSIRO , the Thesis must be 
submitted to the examiners in confidence and following examination the 
Thesis must be held by QUT in confidential restricted storage for a period 
to be agreed or for the duration of not more than 12 months . 
16 Insurance  
(a) During the Term , each party must maintain appropriate insurance to cover 
that party’s obligations under this Agreement and for the Activities it 
undertakes in the performance of a Project.   
(b) When requested, the p arties will provide each other with certificates of 
currency of insurance .  
 
 page 13 
 17 Indemnities  
17.1 CSIRO Indemnity  
CSIRO indemnifies and will keep indemnified QUT in respect of all claims by 
third parties which may be made against QUT arising out of:  
(a) any negligent act or omission of CSIRO or its officers, employees or 
agents in the course of the performance of this Agreement ; or 
(b) any negligent act or omission of the Appointee occurring while the 
Appointee was acting under the supervision or direction of CSIRO or its 
employees, officers o r agents  
except to the extent such a claim arises out of any negligent or unlawful act or 
omission on the part of QUT or QUT employees (excluding the Appointee in the 
course of their performance of activities under the supervision or direction of 
CSIRO under this Agreement), officers or agents.  
17.2 QUT  Indemnity  
QUT indemnifies and will keep indemnified CSIRO in respect of all claims by 
third parties which may be made against CSIRO  arising out of:  
(a) any negligent act or omission of QUT  or its officers, employees (excluding 
the Appointee ) or agents in the course of the performance of this 
Agreement ; 
(b) any negligent act or omission of an Appointee in the course of the 
performance of activities with QUT  under this Agreement; or  
(c) the unlawful dismissal by QUT  of the Appointee  or any other  unlawful  or 
negligent act or omission by QUT regarding employment or industrial 
matters relating to the Appointee’s employment with QUT , 
except to the extent such a claim arises out of:  
(d) any negligent or unlawful act or omission  on the part of CSIRO or CSIRO’s 
employees, officers or agents; or  
(e) any negligent or unlawful act or omission  of the Appointee occurring while 
the Appointee was acting under the supervision or direction of CSIRO or 
its employees, officers or agents.  
17.3 Independence of Indemnities  
(a) Each indemnity in this document is a continuing obligation, separate and 
independent from the other obligations of a party and survives the 
termination of this document.  
(b) It is not necessary for a party to incur expense or make a payment before 
enforcing any indemnity conferred by this document.   
 
 page 14 
 18 Dispute resolution  
(a) If a dispute arises out of or in relation to this Agreement, a party may not 
commence any Court or arbitration proceedings relating to the dispute 
unless it has first complied with this clause  18.  
(b) If any dispute arising in relation to this Agreement is not resolved through 
good faith negotiations between the parties’ representatives  specified in 
clause 21.3 within 14 days after the date on which written notice of the 
dispute is given by one party to the other ( “Notice Date ”), the parties must 
refer the dispute to mediation by a mediator appointed by agreement 
between the parties.  
(c) If the parties fail to agree as to the appointment of a mediator within 
14 days after the Notice Date, the mediator will be appointed by the 
Australian Commercial Dispute Centre (Queensland).  The mediation will 
be conducted in accordance with the rules agreed between the parties, 
but if the rules are not agreed within seven days after the appointment of 
the mediator, the Australian Commercial Dispute Centre’s mediation rul es 
and guidelines will apply.  If there is any inconsistency between those rules 
and guidelines and this clause  18, the provisions of this clause will prevail.  
(d) If a dispute has not been resolved within 28  days after the appointment of 
the mediator, either party may, after giving written notice to the other, 
commence Court or arbitration proceedings.  
(e) Each party will bear its own costs of any mediation under this clause  18, 
but the costs of the appointed mediator will be shared by the parties 
equally.  
(f) Nothing in this clause  18 will prevent a party from seeking urgent injunctive 
or similar relief from a C ourt.  
19 Termination  
19.1 Termination for breach  
If during the Term a party breaches a material term of this Agreement, the non -
defaulting party may terminate this Agreement in accordance with clause  19.2. 
For the avoidance of doubt, the use of funds during the Term other than for 
transactions relating to the Activities will be a breach of a material term of this 
Agreement.  
19.2 Show Cause Notice  
(a) Prior to terminating this Agreement, the party entitled to terminate must 
provide written notice to the other party requiring the other party, within 
14 days, to show cause in writing as to why this Agreement should not be 
terminated ( “Show Cause Notice ”). 
(b) If the other party fails to show cause within that period to the satisfaction 
of the party giving the Show Cause Notice, the party entitled to terminate  
 
 page 15 
 may, without prejudice to any other rights, immediately terminate this 
Agreement by notice in writing to the other party.  
19.3 Consequences of termination  
Upon termination of this Agreement for any reason, QUT  will either continue or 
terminate the employment of the Appointee in its discretion, provided it does so 
in accordance with the Appointee’s terms and conditions of employment, and all 
applicable laws.  
19.4 Survival  
Clauses  13, 14, 15, 17 and 18 will survive termination or expiry of this 
Agreement.   
20 GST 
20.1 Construction  
In this clause  20: 
(a) words and expressions which are not defined in this Agreement but which 
have a defined meaning in GST Law have the same meaning as in the 
GST Law; and  
(b) GST Law has the same meaning given to that expression in the A New 
Tax System (Goods and Services Tax) Act 1999 . 
20.2 Consideration GST exclusive  
Unless otherwise expressly stated, all prices or other sums payable or 
consideration to be provided under this Agreement are exclusive of GST.  
20.3 Payment of GST  
If GST is payable by a supplier or by the representative member for a GST group 
of which the supplier is a member, on any supply made under this Agreement, 
the recipient will pay to the supplier an amount equal to the GST payable on the 
supply.  
20.4 Timing of GST payment  
The recipient will pay the amount referred to in clause 20 .3 in addition to and at 
the same time that the consideration for the supply is to be provided under this 
Agreement.  
20.5 Tax invoice  
The supplier must deliver a tax invoice or an adjustment note to the recipient 
before the supplier is entitled to payment of an amount under clause 2 0.3.  The 
recipient can withhold payment of the amount until the supplier provides a tax 
invoice or an adjustment note, as appropriate.  
20.6 Adjustment event  
If an adjustment event arises in respect of a taxable supply made by a supplier 
under this Agreement, the amount payable by the recipient under clause 2 0.3  
 
 page 16 
 will be recalculated to reflect the adjustment event and a payment will be made 
by the recipient to the supplier or by the supplier to the recipient as the case 
requires.  
20.7 Reimbursements  
Where a party is required under this Agreement to pay or reimburse an expense 
or outgoing of another party, the amount to be paid or reimbursed by the first 
party will be the sum of:  
(a) the amount of the expense or outgoing less any input tax credits in respect 
of the expense or outgoing to which the other party, or to which the 
representative member for a GST group of which the other party is a 
member, is entitled; and  
(b) if the payment or reimbursement is subject to GST, an amount equal to 
that GST.  
21 Notices  
21.1 General  
A notice, demand, certification, process or other communication relating to this 
Agreement must be in writing in English and may be given by an agent of the 
sender.  
21.2 How to give a communication  
In addition to any other lawful means, a communication may be given by being:  
(a) personally delivered;  
(b) left at the party’s current delivery address for notices;  
(c) sent to the party’s current postal address for notices by pre -paid ordinary 
mail or, if the address is outside Australia, by pre -paid airmail;  
(d) sent by fax to the party’s current fax number for notices; or  
(e) sent by email to the party’s current email address for notices  
21.3 Particulars for delivery of notices  
(a) The particulars for delivery of notices are initially:  
QUT  
Delivery address:  2 George Street, Brisbane Qld 4000  
Postal address:  GPO 2434, Brisbane Qld 4001  
Fax: (07) 3138 1512  
Email:  m.mc ardle@qut.edu.au  
Representative : Director, Office of Research  
  
 
 page 17 
 CSIRO  
Delivery address:   
Postal address:   
Fax:  
Email:   
Representative :  
 
(b) Each party may change its particulars for delivery of notices by notice to 
each other party.  
21.4 Communications by post  
Subject to clause  21.6, a communication is given if posted:  
(a) within Australia to an Australian postal address, three Business Days after 
posting; or  
(b) outside of Australia to an Australian postal address or within Australia to 
an address outside of Australia, ten Business Days after posting.  
21.5 Communications by fax and email  
Subject to clause  21.6, a communication is given if sent by:  
(a) fax, when the sender’s fax machine produces a report that the fax was 
sent in full to the addressee.  That report is conclusive evidence that the 
addressee received the fax in full at the time indicated on that report;  
(b) email, when the email is sent and provided that no indication is given to 
the sender of delivery failure . 
21.6 After hours communications  
If a communication is given:  
(a) after 5.00  pm in the place of receipt; or  
(b) on a day which is a Saturday, Sunday or bank or public holiday in the place 
of receipt,  
it is taken as having been given at 9.00  am on the next day which is not a 
Saturday, Sunday or bank or public holiday in that place.  
21.7 Process service  
Any process or other document relating to litigation, administrative or arbitral 
proceedings relating to this Agreement may be served by any method 
contemplated by this clause  21 or in accordance with any applicable law.   
 
 page 18 
 22 General  
22.1 Legal costs  
Except as expressly stated otherwise in this Agreement, each party must pay its 
own legal and other costs and expenses of negotiating, preparing, executing and 
performing its obligations under this Agreement.  
22.2 Amendment  
This Agreement may only be varied or replaced by a document executed by both 
parties.  
22.3 Waiver and exercise of rights  
(a) A single or partial exercise or waiver by a party of a right relating to this 
Agreement does not prevent any other exercise of that right or the exercise 
of any other right.  
(b) A party is not liable for any loss, cost or expense of any other party caused 
or contributed to by the waiver, exercise, attempted exercise, failure to 
exercise or delay in the exercise of a right.  
22.4 Rights cumulative  
Except as expressly stated otherwise in this Agreement, the rights of a party 
under this Agreement are cumulative and are in addition to any other rights of 
that party.  
22.5 Consents  
Except as expressly stated otherwise in this Agreement, a party may 
conditionally or unconditionally give or withhold any consent to be given under 
this Agreement and is not obliged to give its reasons for doing so.  
22.6 Further steps  
Each party must promptly do whatever any other party reasonably requires of it 
to give effect to this Agreement and to perform its obligations under it.  
22.7 Governing law and jurisdiction  
(a) This Agreement is governed by and is to be construed in accordance with 
the laws applicable in Queensland.  
(b) Each party irrevocably and unconditionally submits to the non -exclusive 
jurisdiction of the courts exercising jurisdiction in Queensland and any 
courts which have jurisdiction to hear appeals from any of those courts 
and waives any right to object to any p roceedings being brought in those 
courts.  
22.8 Assignment  
(a) A party must not assign or deal with any right under this Agreement without 
the prior written consent of the other party.  
(b) Any purported dealing in breach of this clause is of no effect.   
 
 page 19 
 22.9 Liability  
Except between the parties, a n obligation of two or more persons binds them 
separately and together.  
22.10  Counterparts  
This Agreement may consist of a number of counterparts and, if so, the 
counterparts taken together constitute one document.  
22.11  Entire understanding  
(a) This Agreement contains the entire understanding between the parties as 
to the subject matter of this Agreement.  
(b) All previous negotiations, understandings, representations, warranties, 
memoranda or commitments concerning the subject matter of this 
Agreement are merged in and superseded by this Agreement and are of 
no effect.  No party is liable to any other party in respect of those matters.  
(c) No oral explanation or information provided by any party to another:  
(i) affects the meaning or interpretation of this Agreement; or  
(ii) constitutes any collateral agreement, warranty or understanding 
between any of the parties.  
22.12  Relationship of parties  
This Agreement is not intended to create a partnership, joint venture or agency 
relationship between the parties.   
 
 page 20 
 Executed  as an agreement.  
 
Executed  by Queensland University 
of Technology  by its duly appointed 
officer in the presence of:  ) 
) 
  
 
..............................................................  
Witness  
 
...............................................................  
Name of Witness (print)  
 
Date:  
   
.............................................................  
Officer  
 
...............................................................  
Name of Officer (print)  
 
 
 
Executed  by Commonwealth 
Scientific and Industrial Organisation  
by its duly appointed officer in the 
presence of:  ) 
) 
  
 
..............................................................  
Witness  
 
...............................................................  
Name of Witness (print)  
 
Date:  
   
.............................................................  
Officer  
 
...............................................................  
Name of Officer (print)  
 
  
 
 page 21 
 Schedule 1  
Key Terms  
Research Theme  Research in the area of robotic systems for use in 
unstructured and dynamic environments, such as co -worker 
robot (cobot) systems for assistive manufacturing 
applications . 
Activities  Facilitation of collaboration of both parties in joint third party 
funded research project s and to more generally foster 
research collaboration between the two parties in the 
Research Theme . The parti es will provide the funding  
specified in this Agreement  for a professorial salary 
(including on -costs), travel and equipment purchases and 
top-up scholarships for Students.  
Default Scholarships  Scholarships to be paid with the amount of CSIRO Funding 
remaining at the time Default Scholarships are set up. 
Default Scholarships will either be f ull scholarships at 
$100,000 each for up to three years or top-up scholarships 
at $30,000  each for up to three years in the Research 
Theme supervised by QUT personnel and co -supervised by 
CSIRO personnel where the PhD scholarships are granted 
in the form of or substantially similar to the Student 
Agreement  in Schedule 3.  
For the avoidance of doubt, QUT will be responsible for the 
Default Scholarships and CSIRO is under no obligation at 
all to provide any funds that would be in addition to the 
CSIRO Contributions already paid to QUT.  
Commencement Date  TBA 
Expiration Date  TBA 
CSIRO Contribution  1. $110,000  (plus GST)  per annum for three years co-
funding for employment costs for the Appointee  
2. $20,000 (plus GST) per annum for three years for two 
top-up scholarships  
3. $36,666 (plus GST) per annum for three years for 
equipment and/or travel expenses to support the 
Appointee or the scholarship recipients.   
Total: $500,000  (plus GST)   
 
 page 22 
 QUT Contribution  1. $110,000 (plus GST) per annum for three years co -
funding for employment costs for the Appointee  
2. $20,000 (plus GST) per annum for three years for two 
top-up scholarships  
3. $36,666 (plus GST) per annum for three years for 
equipment and/or travel expenses to support the 
Appointee or the scholarship recipients.   
 
Approving 
Representatives  ,TBA.  (QUT)  
<TBA> (CSIRO)  
  
 
 page 23 
 Schedule 2  
Form of Project  Schedule  
To be completed and signed by the parties in respect of each Project.  
 
Project Schedule  
Project Title   
Project Start Date   
Project End Date   
Project Activities   
Background Intellectual 
Property  Description of CSIRO Background I ntellectual Property : 
[insert description]  
Terms and Conditions under which CSIRO Background 
Intellectual Property  is made available to the Project : 
[insert licences for QUT use of CSIRO Background 
Intellectual Property  in addition to that given in clause  
13.2(a) ] 
 
Description of QUT Background Intellectual Property : 
[insert description]  
Terms and Conditions under which QUT Background 
Intellectual Property  is made available to the Project : 
[insert licences for CSIRO use of QUT Background 
Intellectual Property  in addition to that given in clause  
13.2(a) ] 
Third party Intellectual 
Property  Description of third party Intellectual Property used by 
CSIRO in the performance of the Project:  
[insert description]  
Terms and Conditions under which third party Intellectual 
Property can be used:  
[insert licences under which third party Intellectual 
Property is available]  
  
 
 page 24 
 Description of third party Intellectual Property used by 
QUT in the performance of the Project:  
[insert description]  
Terms and Conditions under which third party Intellectual 
Property can be used:  
[insert licences under which third party Intellectual 
Property is available]  
New Intellectual Property  Ownership of New Intellectual Property:  
[insert details]  
 
Licences granted to CSIRO in relation to New Intellectual 
Property:  
[insert licences granted by QUT to CSIRO]  
 
Licences granted to QUT in relation to New Intellectual 
Property:  
[insert licences granted by CSIRO to QUT]  
Personnel involved in the 
Project  CSIRO Personnel:  
[insert names]  
 
QUT Personnel  
[insert names]  
 
Third party Personnel  
[insert names]  
Commercialisation of 
New Intellectual Property  The conditions under which a party may Commercialise 
New Intellectual Property are as follows:  
 [insert details]  
Student(s) involved in the 
Project   
Contributions to the 
Project by third parties   
Additional QUT 
contributions (if any)    
 
 page 25 
 Additional CSIRO 
contributions (if any)   
Project also subject to an 
Agreement between QUT, 
CSIRO and one or more 
third parties  (Yes / No)  
  
 
 page 26 
  Executed  as an agreement  for a Project . 
 
Signed  for and on behalf of  Queensland 
University of Technology  by its duly 
appointed officer in the presence of:  ) 
) 
)  
 
..............................................................  
Witness  
 
...............................................................  
Name of Witness (print)  
 
Date:    
.............................................................  
Officer  
 
...............................................................  
Name of Officer (print)  
 
 
 
Signed  for and on behalf of 
Commonwealth Scientific and 
Industrial Organisation  by its duly 
appointed officer in the presence of:  ) 
) 
)  
 
..............................................................  
Witness  
 
...............................................................  
Name of Witness (print)  
 
Date:    
.............................................................  
Officer  
 
...............................................................  
Name of Officer (print)  
 
 
   
 
 page 27 
 Schedule 3  
Student Agreement  
 "
Raul Bermejo - Data Engineer.docx.pdf,"versent.com.au  
stax.io  
VERSENT  VERSENT  Consultant  Bio  
 
 
 
 
 
 
 
 
Sharon  Holden  
 
 
 
 
 
 
 
 
 
 
 
 
 
 
 
 
 
  
 
 
Raul Bermejo  
Data  Engineer  
 
Raul has a wide  range  of experience  as a data 
practitioner,  both  in the data science  and 
engineering  spaces.  Approaching  data 
solutions  from  a holistic  perspective,  he 
thrives  by crafting  backend  (data  
engineering,  DataOps,  MLOps)  and frontend  
(data  analysis  and visualisation)  data 
solutions,  to meet  the customer’s  needs.  
 
He is also interested  in the potential  of 
automation.  More  Specifically,  how Machine  
Learning  and Artificial  Intelligence  can be 
leveraged  to bring  organisations  untapped  
business  value.  
 
 
PREVIOUS  EXPERIENCE  
Data  Engineer  
Great  Southern  Bank  
 
Data  Scientist  
Multitudes  
 
Data  Engineer  
Manatū Mō Te Taiao  (Ministry  for the 
Environment  NZ) 
 
 
 
 PROJECTS  
 
Metadata  Driven  ELT – Great  Southern  Bank  - Banking   
 
Developed  reusable  Extract  Load  Transform  (ELT)  data pipelines  by 
integrating  data-build -tool (dbt) on Databricks  cloud.  These  ELT pipelines  
populated  GSB’s  silver  and gold data layers  on Databricks,  providing  the 
business  with the value  of leverage  clean  data.  The final data is then 
consumed  across  the business  for a wide range  of use-cases:  
financial/corporate  reporting  and data experimentation.   
 
Pull Request  Complexity  – Multitudes  – Data & Analytics  
 
Developed  a data-driven  product  to accelerate  performance  in software  
teams.  This included  developing  a Machine  Learning  model  to predict  the 
complexity  of GitHub  Pull-Requests  (PRs)  based  on their metadata.  The data 
was stored  in AWS  S3 and queried  through  AWS  Athena.  This ML solution  
enables  developers  to automate  PR labelling  and make  code  reviews  more  
time efficient.  
 
DataOps  Platform  – Ministry  for the Environment  – Public  Sector   
 
During  his time at the ministry,  Raul took technical  ownership  to build  the 
Ministry’s  data platform  for environmental  and corporate  reporting.  
Hosting  the data enterprise  solution  in AWS,  Raul acquired  hands -on 
experience  on core AWS  products  e.g. S3, RDS, EC2, Cloudtrail  as well as 
products  to implement  best DataOps  practices  e.g. CodePipeline,  
CodeCommit  and ECR. 
 
SKILLS  / AREAS  OF EXPERTISE  
• Cloud:  AWS,  Databricks, GitHub, GitHub Actions  
• Data:  dbt, DataVault 2.0, Redshift, S3, Athena, SQL, 
Python,         Databricks,  PySpark  
• Data  visualization:  Tableau,  Matplotlib, Plotly  Dash,  Streamlit  
• AI/ML:  AWS SageMaker, Databricks, MLFlow, AutoML, scikit -
learn, keras, tensorflow,  nlp, pandas  
 
CERTIFICATIONS   
• Databricks Data Engineer Professional  
• AWS Machine  Learning Specialty   
• Databricks Associate Developer for Apache Spark 3.0  
• Databricks Data Engineer Associate  
• Databricks  Lakehouse  Fundamentals  
  
QUALIFICATIONS  
• BSc (Hons.)  Astronomy  "
Removal of tree roots from pipes.docx.pdf,"Removal of tree roots from pipes . 
Solutions for removal  
- High pressure water jet cutter  
o Pressure of around 5000 psi is used. The high -pressure water breaks up the tree 
roots and forces them through the pipe. This will remove all obstructions.  
- Robotic cutter  
o A robotic cutter is a specialized drainpipe tool with a diamond impregnated steel 
cutting head that can cut through obstructions with ease. The robotic cutting head is 
attached to an air hose that is inserted inside the pipe where it spins around and 
grind s away the obstruction. It can cut in a 360 degree motion which allows joints to 
be resurfaced effortlessly providing a smooth finish.  
Solutions for prevention  
- Chemical to flush roots to prevent – part time solution  
o Vapor rooter – Vapor  rooter Stops Tree Root Blockages in Pipes and Drains and 
Prevents Further Tree Root Damage  
o Root ox - A product which can be purchased from hardware and plumbing stores to 
remove and control tree roots within sewer pipes.  
Microwaves to remove tree roots  
- Research presents weeds can be killed using microwaves. A Professor from the University of 
Melbourne presents a case study that the weeds cells absorb the microwave radiation, 
breaking down the cell walls and killing the plant. Does this affect translate to tree roots?  
Microwaves can kill roots and plants,  but they can’t remove them from the pipe. Therefore, 
microwaves could offer a preventive solution to using chemicals that could be environmentally 
harmful. But the microwaves would only kill and not remove the roots.  
 
Notes :  
Sewer pipes are 150mm  in diameter in the street. Where the maximum sized pipe in the street is 
225mm , this pipes are often storm water pipes.  "
initial assessment_Leakster_sprints_v1_05.04.22.docx.pdf,"Explanatory notes:  
This document is intended to structure the initial technical assessment for businesses shortlisted into the 
Sprints program. It will help guide suggestions for projects to increase TRL and it will help to 
shape/clarify the scope of ARM Hub’s in -kind suppor t for proposed project work. It will be provided to the 
business to guide the project scoping and planning process.  
The dot points underneath are guides and may vary depending on the challenge or problem definition.  
Items 4,5 and 6 are the areas of the brief that need the greatest attention/lead from technical rep/s and 
experts. The BD rep/s would focus more on 2. 1,3, and 7 are potentially best worked on together. 8 
would be developed towards end or following assessm ent, with technical team doing a first cut.  
  
SPRINTS Site/Technical Assessment  
Leakster : 
- Sara  Richardson , Director and Founder ; Contact: 0405 306 436  
- Matt hew (Matt) Watson , Lead Data Technologist  
- Other contacts - Rodney Platt , Technology Evangelist  
ARM Hub Team:  
- Tim Kelly , Business Development and Commercial Services Lead  
- David Hedger, Head of Project Services  
- Will Brown , Professor and Chair  in Manufacturing Robotics  
- Digital mentor (tbc)  
 
Business Information  
Location (head office and site of project):  Sunshine Coast  
Number of employees:  3? 
Projected jobs growth: ? 
Market size and projected growth:  
Annual revenue/turnover:  
Sector:  
 
Key business objectives, priorities and timeframes  
Leakster outlined business go als, including:  
- A model (above ground) system that could be used to develop benchmark data  - Make  current  working prototype more industrialised to sell  – unique selling proposition is 
that this “unit” would enable smarter deployment of leak detection services rather current 
systems which require deployment across whole network.  
- Design for scaled up manufacture  
- Improved design and specifications to allow for better range (from 250m to 1 kilometre) and 
insights  (categories of leaks to improve prediction for repair costs) .  
- Ultimately, seek to develop the product/service b eyond leak detection to condition 
monitoring, including digital twin aspirations in long term.  
- Seeking to get rid of need for pipe inspection  – through v isualisation of the network.  
In the next development cycle, Leakster  seek s to progress to the deliver y of a suburb -scale 
demonstrator of both hardware and a software -as-a-service system  for leak detection in  utility managed 
water infrastructure.  
Leakster is currently contracted by  Urban Utilities to deliver a prototype solution for leak detection over 
1,000 kilometers of pipe.  The intention is that , once delivered, Leakster  will be well placed to further 
commercialise the delivery of their system /service , including  for other utilities . Sunshine Coast’s Unity 
Water has expressed interest. Have investors for seed raising if needed.  
The demonstrator would present  an in-ground (or in water meter) box deployed minimum viable 
product that utilis es and incorporates some further develop ment of  current hardware  and iOT 
functionalities . The system would be design ed for continuous monitoring with optimal  battery life  as 
well as for scaled manufacture and allow for further iterative hardware development.   
Product development and demonstration will deliver a model system for data capture and 
categorization – captur ing and labelling  of training data as basis for AI required to scale deployment.  
 
Background:  
Current industry standard is the use of l istening sticks – across pipeline to manually listen for leak s. Data 
is correlated between two points (or hydrants) in a pipe. Urban Utilities (UU) for example, manages 
8,000 kilometers of pipeline. Trace is undertaken once every 3 years. Current occurrence of leaks in UU 
pipes is  one every 3km. These are caused by a range of factors including ground movement from 
temperature changes.  
The solution/system is intended to deliver improved water conservation and asset management 
outcomes for Utilities.  
Leakster  indicated that trials and early tests have demonstrated that they can potentially deliver a 
software -as-service solution with their technology that will provide a more cost -effective solution with 
improved conservation and asset management outcomes than o thers in the market. Details of 
market/competitor analysis  
  Challenge or problem definition  
Utilities lose 15 -50% of all water  
Currently use listening sticks and manual tracing  
Cover the entire network every three years, which isn’t fast enough  
Raised a lot of capital and now have a working prototype  
Idea was to generate different sounds through the pipe and use TDR (time domain reflectometer) to 
analyse them  
Problem is a lack of accurate ground truth from the utility, so can’t use a learning model  
POC exists a t c. TRL 5  
Challenge s are:  
1. miniaturization and scale of production of their primary unit.  
2. Representative system to test network of sensors and prove commercial readiness  
3. Need to determine system power source (battery/turbine)  
Extensions:  
Independent of commercialization push, support from academics/research to further  internal 
technology understanding, provide a technical sounding board, and support future innovation.  
 
Technical objective or success measure/s  
• Is there a benchmark, target or productivity level for the system or process?  
(this might be related to competition, client need or throughput of currently manual process)  
Success factors:  
- Range of hydrophones  
- Battery life  
- Cost per unit of manufacture  
- More cost effective system wide application  
- Design for deployment (in ground, meter, hydrant tbd)  
- Reduced water loss  
- Better categorisation of leaks to determine maintenance requirements  
 
Known technical considerations and variables  
• Have a working prototype. Developed hardware sending signals into pipe. Send response signal 
and identify difference in return signal. Classify the changes.  • Don’t have a groundtruth model.  
• Were trying to develop emitter (Chirp). Process spectrograms coming back. Have tried inside 
and outside waterstream. Took step back . 
• System can be used to gather data remotely during the day. UI sends to client with blind trials, 
and shows where the leak is.   
• Now sending out to collect data on real leaks.  
• From there in -ground trial.  Choose where will place hydrophones. Will space out emitters to test 
where get best data.  
• All data points are GPS located (don’t have in the UK - IoT network model) .  
• Have program for transient detection - to find source of transients. Hardware on in the 
background  to identify transients and then can send signals to track them.  
• Have contract in place to do what they want. Supportive but not financially supportive for TRL 
development.  
• About to lodge another patent.  
• Plan to have emitter and hydrophone at same point – can get 250m range during the day. At the 
moment . In metal pipe, consider should be able to get to 1km.  
• Average distance between hydrants is 30,60 or in some regional areas up to 120.  
• System uses r aspberry pi, modem low noise studio audio basis, needs preamp for nighttime to 
bring the noise floor 3dB down when pipe is quieter.  
• Have sensor and receiver. Listeners (hydrophones in water); signal. Data for dispersion 
characteristics is unclear.  
• Within scope hardware may change . However, this would provide useful well spring of data for 
building model.  
• Question about units depends on the range.  
• Design for manufacture will need to work through number of units. Initially 100 -200 units.  
• Potential to use a rapid prototyping approach.  
• Water meter at utility end of service. Can’t leave permanent sensors due to fire and emergency 
services requirements.  
• Outcome prediction . Speed of sound related to condition of pipe. Corpus of data from current 
system aligned with corpus of date on leaks can get a reasonable predictor.  
• Design for manufacture will need to work through number of units. Initially 100 -200 units.  
• Water meter at utility end of service. Flagged that c an’t leave permanent sensors due to fire and 
emergency services requirements.  
• Large scale suburb level demonstration is next step.  
• Can give partner industry the hardware and keep the software.  If have hardware and wrap the 
costs into a SAS that’s ideal.  
 
• What relevant information/data do they already have or know?   
• What has already been considered or tried? When and what were the results and 
problems/failings?  
• What are the key inputs or outputs from this system/process and what detail is there on these?  
• Are there any environmental, human or other contextual factors that need to be taken into 
account in the solution development?  • Are there already draft concepts/specifications in play? If so, on what requirements are these 
based?  
 
Exclusions   
• Research is out of scope of project. However, the project should enable potential research 
projects to be identified and facilitated as additional opportunities.  
• Unlikely to be able to get detailed pipeline information  
  
Identified capability and support needs  
• Adhoc  support: Ultrasound expert – improvements to DSP cell. Designing filters.  
• Design for manufacture capability.   
• Access to ARM Hub ecosystem  
• Facilities, including rapid prototyping and testing space as well as access to open plan 
office/meeting space  
• Technical services (relates to TRL requirements. Below are examples. Add or remove as 
appropriate)  
o Industrial design  
o Design for manufacture  
o Detailed engineering design  
o Support to develop data collection and categorisation plan/model  
o Independent review and advice (technical specifications)  
  
Project opportunities  (this will be shaped as a result of the assessment and information 
gathering)  
• What is reasonable to address within the “budget” as opposed to future, parallel or related 
developments?  
• May present more than one opportunity/pathway  
• What is this anticipated to inform or enable in terms of their broader plans or next steps?  
 
 "
